_neutral,browDownLeft,browDownRight,browInnerUp,browOuterUpLeft,browOuterUpRight,cheekPuff,cheekSquintLeft,cheekSquintRight,eyeBlinkLeft,eyeBlinkRight,eyeLookDownLeft,eyeLookDownRight,eyeLookInLeft,eyeLookInRight,eyeLookOutLeft,eyeLookOutRight,eyeLookUpLeft,eyeLookUpRight,eyeSquintLeft,eyeSquintRight,eyeWideLeft,eyeWideRight,jawForward,jawLeft,jawOpen,jawRight,mouthClose,mouthDimpleLeft,mouthDimpleRight,mouthFrownLeft,mouthFrownRight,mouthFunnel,mouthLeft,mouthLowerDownLeft,mouthLowerDownRight,mouthPressLeft,mouthPressRight,mouthPucker,mouthRight,mouthRollLower,mouthRollUpper,mouthShrugLower,mouthShrugUpper,mouthSmileLeft,mouthSmileRight,mouthStretchLeft,mouthStretchRight,mouthUpperUpLeft,mouthUpperUpRight,noseSneerLeft,noseSneerRight,label
5.9604645e-8,0.00009185076,0.00016367435,0.6899414,0.8925781,0.13806152,0.00096321106,4.172325e-7,1.1920929e-7,0.12988281,0.42749023,0.04714966,0.34448242,0.63427734,0.12719727,0.0061569214,0.19458008,0.29052734,0.025970459,0.5864258,0.124694824,0.012176514,0.0011863708,0.0036239624,0.0001283884,0.80859375,0.46850586,0.00035357475,0.013145447,0.10974121,0.00080394745,0.0006017685,0.005153656,0.000055730343,0.18847656,0.51904297,0.0019950867,0.008895874,0.003112793,0.0039405823,0.00044226646,0.00047445297,0.000022411346,0.0018701553,0.091552734,0.17626953,0.014884949,0.109558105,0.00007241964,0.00013077259,0.000012397766,4.172325e-7,0
7.748604e-7,0.000098228455,0.00016832352,0.6894531,0.8417969,0.47070312,0.0010967255,0.00000166893,8.940697e-7,0.09637451,0.047851562,0.13598633,0.10424805,0.38793945,0.016021729,0.026229858,0.3869629,0.1307373,0.15014648,0.18432617,0.26464844,0.016159058,0.013504028,0.0022144318,0.0070152283,0.8642578,0.019439697,0.0041122437,0.051452637,0.09643555,0.0010128021,0.0012693405,0.00712204,0.000026285648,0.19494629,0.30566406,0.005596161,0.021240234,0.0018339157,0.008483887,0.0013170242,0.018508911,0.00013577938,0.001156807,0.53271484,0.8051758,0.003156662,0.12335205,0.00045108795,0.0008535385,0.0000026226044,0.0000051259995,0
5.364418e-7,0.0059547424,0.0072021484,0.2241211,0.25463867,0.19091797,0.000028431416,1.7881393e-7,5.9604645e-8,0.20910645,0.3942871,0.25732422,0.2861328,0.03515625,0.29516602,0.28637695,0.025939941,0.062805176,0.030227661,0.66845703,0.3605957,0.024810791,0.000518322,0.000087320805,0.0015945435,0.0070877075,0.00061511993,0.00083494186,0.00062036514,0.025009155,0.004512787,0.0022029877,0.0070152283,0.000023722649,0.00868988,0.0027770996,0.00082063675,0.038208008,0.19299316,0.03375244,0.012054443,0.016311646,0.00932312,0.024765015,0.00003272295,0.000093102455,0.00749588,0.0012321472,0.0031375885,0.011947632,0.0000016093254,5.9604645e-8,0
2.9802322e-7,0.03933716,0.03878784,0.09863281,0.064697266,0.023742676,0.00029730797,5.9604645e-8,5.9604645e-8,0.32080078,0.46826172,0.015602112,0.03363037,0.086242676,0.16052246,0.1315918,0.041503906,0.38232422,0.3708496,0.7895508,0.44458008,0.0044059753,0.00016903877,0.00085544586,0.0670166,0.33911133,0.00030612946,0.0029201508,0.0023460388,0.00881958,0.0035438538,0.0034275055,0.0013198853,0.00021767616,0.5776367,0.3791504,0.0024776459,0.0491333,0.00036931038,0.00007468462,0.0028972626,0.028244019,0.00053596497,0.00064754486,0.00049591064,0.0017528534,0.0023097992,0.0079574585,0.00062561035,0.0038986206,0.000002026558,5.9604645e-7,0
0.0000011324883,0.0026779175,0.0007696152,0.48706055,0.5830078,0.5888672,0.0004749298,0.0000014305115,0.0000011920929,0.060333252,0.017562866,0.040222168,0.030227661,0.06976318,0.059295654,0.075927734,0.08428955,0.35253906,0.37768555,0.22888184,0.24377441,0.021713257,0.05090332,0.0009803772,0.021972656,0.80126953,0.00061035156,0.0017166138,0.01687622,0.01625061,0.07501221,0.0960083,0.015029907,0.01676941,0.1998291,0.19091797,0.009223938,0.022583008,0.002954483,0.0000025629997,0.0024337769,0.0033359528,0.0005187988,0.0021839142,0.012084961,0.009407043,0.03173828,0.031555176,0.0022888184,0.0015439987,0.0000035762787,0.0000070929527,0
8.34465e-7,0.000033140182,0.0001154542,0.7915039,0.86865234,0.33764648,0.00060749054,0.0000016093254,7.748604e-7,0.06414795,0.0440979,0.08496094,0.072021484,0.017822266,0.6035156,0.5629883,0.003955841,0.16564941,0.17468262,0.17004395,0.21325684,0.026260376,0.011680603,0.0015010834,0.0019407272,0.8378906,0.034362793,0.004211426,0.007194519,0.09075928,0.017196655,0.014511108,0.0034561157,0.000025868416,0.04598999,0.07208252,0.0033779144,0.02835083,0.0014390945,0.0042762756,0.0018634796,0.008514404,0.0004878044,0.0020256042,0.27148438,0.7011719,0.030166626,0.41479492,0.0002156496,0.0014190674,0.0000028014183,0.0000011920929,0
5.9604645e-7,0.039886475,0.014511108,0.044158936,0.13195801,0.113220215,0.0007352829,1.1920929e-7,8.34465e-7,0.20898438,0.12121582,0.09503174,0.09124756,0.26538086,0.026473999,0.029769897,0.2770996,0.15332031,0.17358398,0.34960938,0.55566406,0.0055618286,0.0032596588,0.0035877228,0.038116455,0.7939453,0.0009150505,0.005432129,0.04446411,0.106933594,0.0007138252,0.00091409683,0.003168106,0.00097322464,0.3491211,0.39990234,0.006965637,0.052856445,0.00071144104,0.000034689903,0.0015802383,0.03286743,0.000073611736,0.0001347065,0.08673096,0.22924805,0.005744934,0.25732422,0.00019013882,0.00043797493,0.0000010728836,0.0000031590462,0
5.9604645e-7,0.0010356903,0.000025451183,0.58447266,0.4033203,0.7578125,0.00007605553,1.7881393e-7,7.1525574e-7,0.091674805,0.022277832,0.14404297,0.16601562,0.02658081,0.16845703,0.16711426,0.024749756,0.05609131,0.04925537,0.39672852,0.15319824,0.0075645447,0.024734497,0.00012791157,0.009010315,0.7558594,0.0018901825,0.03778076,0.03857422,0.029800415,0.000011265278,0.000014781952,0.010658264,0.07354736,0.0054740906,0.0036945343,0.013008118,0.019577026,0.0690918,0.000042915344,0.015670776,0.04925537,0.0013875961,0.0005393028,0.00015425682,0.0001308918,0.00016379356,0.0002720356,0.00003516674,0.000014901161,5.9604645e-7,1.7881393e-7,0
1.1920929e-7,0.0024852753,0.0004580021,0.2685547,0.328125,0.14135742,0.00004082918,5.9604645e-8,5.9604645e-8,0.09436035,0.033996582,0.0435791,0.059814453,0.17260742,0.062286377,0.05670166,0.1541748,0.14916992,0.16137695,0.3605957,0.107299805,0.009338379,0.005771637,0.00027894974,0.06359863,0.45654297,0.00029492378,0.011329651,0.011932373,0.0051002502,0.0000166893,0.000025331974,0.0057907104,0.023040771,0.0047836304,0.0042419434,0.005619049,0.04748535,0.00434494,0.0000075101852,0.0005350113,0.0020713806,0.0003221035,0.0012292862,0.0041885376,0.0104904175,0.00033307076,0.0043296814,0.000032544136,0.000037312508,5.364418e-7,1.1920929e-7,0
0.0000015497208,0.0006971359,0.0003156662,0.57958984,0.63720703,0.49804688,0.0009698868,0.0000012516975,6.556511e-7,0.2479248,0.17004395,0.29736328,0.32592773,0.30517578,0.02218628,0.021957397,0.30371094,0.055389404,0.039367676,0.5932617,0.4724121,0.0069122314,0.003030777,0.0019168854,0.04257202,0.77246094,0.000259161,0.008216858,0.017990112,0.021865845,0.0007534027,0.0009150505,0.0096206665,0.00053310394,0.05996704,0.113098145,0.0121154785,0.02407837,0.003955841,0.00028920174,0.0009651184,0.008834839,0.00054597855,0.00095176697,0.58447266,0.72021484,0.0079574585,0.2355957,0.026016235,0.034240723,0.0000017285347,0.0000056028366,0
8.34465e-7,0.00049877167,0.00066661835,0.65185547,0.7416992,0.37646484,0.0007176399,1.1920929e-7,7.748604e-7,0.005470276,0.0041160583,0.008033752,0.01512146,0.7167969,0.01398468,0.011558533,0.70410156,0.640625,0.66015625,0.08300781,0.011817932,0.42871094,0.14660645,0.002336502,0.032714844,0.23205566,0.00042152405,0.011169434,0.005077362,0.010192871,0.0063171387,0.005794525,0.0078125,0.23303223,0.25512695,0.3310547,0.0016546249,0.020065308,0.0019330978,9.536743e-7,0.0022449493,0.011184692,0.00032925606,0.007194519,0.0059814453,0.008872986,0.02041626,0.007282257,0.006416321,0.026763916,0.0000034570694,2.3841858e-7,0
0.0000029206276,0.00008833408,0.00006175041,0.828125,0.8442383,0.51904297,0.00046730042,0.0000026226044,7.748604e-7,0.076538086,0.04916382,0.15808105,0.13513184,0.042144775,0.26171875,0.21813965,0.02923584,0.11114502,0.1048584,0.19641113,0.23144531,0.02709961,0.014343262,0.0010786057,0.00061273575,0.6166992,0.02923584,0.010055542,0.017730713,0.036102295,0.00031995773,0.0004246235,0.004966736,0.00016283989,0.011222839,0.024169922,0.020233154,0.085632324,0.0011711121,0.0046577454,0.0019626617,0.023925781,0.0015850067,0.003320694,0.80566406,0.94189453,0.009513855,0.3720703,0.0022029877,0.005504608,0.0000013113022,0.0000020861626,0
3.5762787e-7,0.06750488,0.09863281,0.006137848,0.049926758,0.018951416,0.0000666976,5.9604645e-8,5.9604645e-8,0.35986328,0.41259766,0.08673096,0.11254883,0.0625,0.17712402,0.16491699,0.027282715,0.12683105,0.11126709,0.67089844,0.4765625,0.0038032532,0.00013899803,0.00020086765,0.0014104843,0.38061523,0.006412506,0.007663727,0.0011310577,0.004009247,0.00058174133,0.00063705444,0.0049057007,0.00019168854,0.021850586,0.012908936,0.0026817322,0.029891968,0.0047912598,0.0005159378,0.0019521713,0.004497528,0.00024747849,0.001329422,0.00091314316,0.0029659271,0.003238678,0.0076789856,0.000029921532,0.0002322197,5.9604645e-7,1.7881393e-7,0
5.364418e-7,0.00050354004,0.0002965927,0.26220703,0.78125,0.38330078,0.0005903244,2.9802322e-7,1.7881393e-7,0.11053467,0.0982666,0.044830322,0.056274414,0.1685791,0.084106445,0.06384277,0.1385498,0.24890137,0.21594238,0.38598633,0.21362305,0.014823914,0.0042762756,0.0011968613,0.014724731,0.8510742,0.0038871765,0.007865906,0.016403198,0.05102539,0.00019586086,0.00016200542,0.010543823,0.000087201595,0.05493164,0.08074951,0.007385254,0.029953003,0.0035743713,0.0038146973,0.00043964386,0.0058021545,0.00013756752,0.00074243546,0.5019531,0.83935547,0.0014257431,0.08306885,0.00012457371,0.00042915344,0.0000019669533,0.0000015497208,0
0.0000012516975,0.0009889603,0.00026249886,0.5292969,0.80126953,0.60302734,0.00038433075,0.0000053048134,2.3841858e-7,0.38110352,0.3232422,0.19873047,0.38110352,0.67871094,0.042175293,0.0060768127,0.48046875,0.14038086,0.059295654,0.5751953,0.37597656,0.02494812,0.0029907227,0.0012779236,0.0012435913,0.8823242,0.27392578,0.004573822,0.006641388,0.026504517,0.10266113,0.06567383,0.08215332,0.0006656647,0.12408447,0.070007324,0.005077362,0.03366089,0.014373779,0.00023782253,0.0028648376,0.0026893616,0.0007724762,0.004497528,0.0009083748,0.0014028549,0.027389526,0.020095825,0.00029587746,0.00041937828,0.0000032186508,0.0000011920929,0
0.0000014305115,0.0022335052,0.0011758804,0.4711914,0.59033203,0.5185547,0.000688076,0.0000039339066,7.1525574e-7,0.10217285,0.09814453,0.12756348,0.17736816,0.24487305,0.09832764,0.070129395,0.18859863,0.1796875,0.12451172,0.66845703,0.06713867,0.10253906,0.010375977,0.002117157,0.002954483,0.6875,0.05557251,0.005680084,0.0018014908,0.15454102,0.25024414,0.21362305,0.008117676,0.0000013113022,0.31811523,0.08746338,0.0018520355,0.08331299,0.0009832382,0.07086182,0.003288269,0.013221741,0.00078964233,0.0018787384,0.0015449524,0.005874634,0.14538574,0.3618164,0.0007996559,0.0021877289,0.000008225441,0.00000166893,0
1.7881393e-7,0.00019061565,0.00015795231,0.5854492,0.8120117,0.35742188,0.00037646294,8.34465e-7,5.9604645e-8,0.34228516,0.40625,0.08319092,0.10205078,0.52197266,0.020233154,0.011749268,0.47607422,0.19592285,0.15893555,0.53759766,0.4104004,0.004863739,0.0007286072,0.0010662079,0.0010156631,0.859375,0.10546875,0.002779007,0.0070724487,0.06738281,0.00881958,0.010551453,0.014595032,0.00021100044,0.2055664,0.1821289,0.0011053085,0.024368286,0.013504028,0.00046277046,0.0015888214,0.0016441345,0.00014650822,0.00068998337,0.0013122559,0.004085541,0.002286911,0.032806396,0.000019133091,0.0000371933,0.0000033974648,7.748604e-7,0
1.7881393e-7,0.0006747246,0.0008172989,0.3996582,0.7763672,0.1149292,0.0008249283,2.3841858e-7,2.3841858e-7,0.17370605,0.107177734,0.13330078,0.116760254,0.14099121,0.15014648,0.09509277,0.080566406,0.105651855,0.1116333,0.3161621,0.24304199,0.008735657,0.004962921,0.0045166016,0.028778076,0.8041992,0.006210327,0.002035141,0.03591919,0.23291016,0.0022583008,0.0021839142,0.0069465637,0.00012993813,0.6074219,0.42895508,0.0026855469,0.05908203,0.00048184395,0.00027608871,0.00056028366,0.011695862,0.00007849932,0.0006451607,0.13952637,0.51123047,0.0063819885,0.1184082,0.0002348423,0.0015363693,0.0000045895576,0.0000021457672,0
9.536743e-7,0.004119873,0.0013780594,0.37329102,0.7841797,0.67529297,0.0004813671,0.0000039339066,5.9604645e-7,0.40576172,0.20153809,0.3166504,0.23388672,0.049835205,0.13391113,0.1328125,0.04058838,0.08996582,0.13085938,0.4111328,0.640625,0.006008148,0.008590698,0.0018463135,0.002073288,0.71533203,0.0075035095,0.000600338,0.029769897,0.06939697,0.10803223,0.11956787,0.28027344,0.00061035156,0.54052734,0.32739258,0.0019130707,0.006427765,0.041534424,0.00006300211,0.0011291504,0.0007739067,0.00021612644,0.006340027,0.30395508,0.42358398,0.12878418,0.11505127,0.021728516,0.06774902,0.0000023245811,0.000010251999,0
4.7683716e-7,0.000033318996,0.000047564507,0.8618164,0.87597656,0.62939453,0.0010166168,0.0000011324883,0.0000013113022,0.085632324,0.061828613,0.07775879,0.05895996,0.024520874,0.33032227,0.33398438,0.029342651,0.21716309,0.25024414,0.1977539,0.2388916,0.01966858,0.011054993,0.0049591064,0.008666992,0.83203125,0.014823914,0.0027065277,0.017990112,0.07409668,0.011810303,0.015335083,0.004676819,0.000059068203,0.3449707,0.3466797,0.002614975,0.020706177,0.0011358261,0.0008301735,0.0014019012,0.013114929,0.00015616417,0.00072813034,0.08886719,0.3227539,0.02659607,0.6645508,0.00012207031,0.0005850792,0.0000047683716,0.000002026558,0
7.1525574e-7,0.0015363693,0.000016152859,0.5366211,0.35302734,0.8203125,0.00011879206,1.7881393e-7,8.34465e-7,0.11364746,0.031051636,0.16967773,0.19763184,0.045135498,0.10736084,0.11077881,0.047058105,0.050476074,0.04458618,0.43139648,0.19091797,0.0068626404,0.020828247,0.00017762184,0.018005371,0.8154297,0.00096559525,0.04159546,0.14050293,0.04458618,0.000006914139,0.000011205673,0.011947632,0.09686279,0.006580353,0.006000519,0.019866943,0.016601562,0.06939697,0.000035881996,0.020141602,0.0625,0.0010614395,0.00037550926,0.00023043156,0.00015580654,0.0001039505,0.00031781197,0.00005865097,0.000013947487,6.556511e-7,2.9802322e-7,0
9.536743e-7,0.000233531,0.00017523766,0.60595703,0.77197266,0.5546875,0.00076436996,8.940697e-7,7.1525574e-7,0.16577148,0.075805664,0.20153809,0.22802734,0.3671875,0.013710022,0.016143799,0.35913086,0.06665039,0.050842285,0.54003906,0.3408203,0.009086609,0.0064048767,0.0017194748,0.020248413,0.75341797,0.00055742264,0.00749588,0.033996582,0.019256592,0.0005054474,0.00065660477,0.005207062,0.00024724007,0.054260254,0.107910156,0.0116119385,0.02130127,0.0027008057,0.0005335808,0.000893116,0.0058898926,0.00033783913,0.00068855286,0.3701172,0.52783203,0.005458832,0.26489258,0.005153656,0.0061798096,0.0000017881393,0.0000039339066,0
1.7881393e-7,0.0151901245,0.030670166,0.121398926,0.13256836,0.019638062,0.00012779236,5.9604645e-8,5.9604645e-8,0.35717773,0.4453125,0.039031982,0.06311035,0.06793213,0.17297363,0.16125488,0.047851562,0.27661133,0.24023438,0.72558594,0.47094727,0.006149292,0.00023698807,0.00032043457,0.068481445,0.3413086,0.00076532364,0.009269714,0.00027489662,0.009185791,0.015388489,0.0074272156,0.0011768341,0.00010639429,0.25854492,0.10308838,0.00045013428,0.02142334,0.006526947,0.00022888184,0.010032654,0.076660156,0.0015554428,0.00029349327,0.0000044703484,0.000012814999,0.0033798218,0.0015115738,0.000040888786,0.0005173683,0.0000011324883,2.3841858e-7,0
4.172325e-7,0.030563354,0.044708252,0.02734375,0.140625,0.019058228,0.00015640259,1.1920929e-7,5.9604645e-8,0.40844727,0.34301758,0.10461426,0.13879395,0.21362305,0.12121582,0.043762207,0.09240723,0.12310791,0.09307861,0.66259766,0.49560547,0.004573822,0.00038075447,0.000562191,0.0119018555,0.57421875,0.022399902,0.004432678,0.0021820068,0.041778564,0.007171631,0.0059928894,0.0018320084,0.00031161308,0.19018555,0.079589844,0.0012159348,0.07293701,0.0012922287,0.000094115734,0.0037384033,0.01133728,0.0011177063,0.00092315674,0.00022566319,0.0011587143,0.0012931824,0.004928589,0.000020802021,0.00036096573,0.0000013709068,5.9604645e-7,0
0.000001847744,0.00069093704,0.0009403229,0.68847656,0.58251953,0.22924805,0.00074005127,7.1525574e-7,7.748604e-7,0.012184143,0.0075187683,0.035003662,0.04824829,0.6386719,0.014526367,0.016174316,0.5957031,0.3461914,0.37182617,0.09552002,0.047210693,0.2199707,0.11248779,0.00089740753,0.055358887,0.5756836,0.00055503845,0.014770508,0.012031555,0.017425537,0.0020580292,0.002609253,0.00774765,0.089904785,0.0368042,0.06976318,0.0025405884,0.021987915,0.0016069412,0.0000044703484,0.000746727,0.0022506714,0.0013513565,0.062286377,0.2529297,0.4008789,0.0065460205,0.11425781,0.016204834,0.018478394,0.0000021457672,7.1525574e-7,0
8.34465e-7,0.000043570995,0.00008362532,0.83984375,0.8564453,0.4074707,0.00096559525,0.0000011324883,0.0000010728836,0.066101074,0.04586792,0.13024902,0.1081543,0.022155762,0.4482422,0.43139648,0.012702942,0.118652344,0.13024902,0.13549805,0.22998047,0.028305054,0.012840271,0.0034275055,0.02722168,0.76708984,0.0039367676,0.0049591064,0.004386902,0.12976074,0.026550293,0.019210815,0.00274086,0.000022053719,0.20837402,0.20581055,0.0036830902,0.052490234,0.0005774498,0.0028438568,0.0019235611,0.02255249,0.000647068,0.0014743805,0.22314453,0.6845703,0.042114258,0.42578125,0.0005002022,0.0049324036,0.0000027418137,0.0000020861626,0
7.748604e-7,0.00005298853,0.0000859499,0.82177734,0.8652344,0.47314453,0.00087451935,0.0000028014183,5.364418e-7,0.05230713,0.053894043,0.10131836,0.078552246,0.027053833,0.5083008,0.4182129,0.006942749,0.16027832,0.1505127,0.17602539,0.124816895,0.032104492,0.012382507,0.001291275,0.00006067753,0.8339844,0.46411133,0.0018014908,0.021316528,0.04486084,0.002445221,0.0025196075,0.0031471252,0.000015497208,0.024612427,0.15100098,0.0056648254,0.009803772,0.002117157,0.016937256,0.0014019012,0.0050582886,0.00027537346,0.0031909943,0.7001953,0.8520508,0.014503479,0.21777344,0.00048732758,0.000869751,0.0000039339066,0.0000011324883,0
2.9802322e-7,0.00907135,0.013175964,0.13574219,0.20349121,0.06149292,0.00005710125,5.9604645e-8,1.1920929e-7,0.56640625,0.66796875,0.3395996,0.34399414,0.24694824,0.027511597,0.022064209,0.25341797,0.04522705,0.022003174,0.76416016,0.6333008,0.0013275146,0.00015461445,0.00006246567,0.010025024,0.7626953,0.0021190643,0.061553955,0.038146973,0.0026187897,0.000034034252,0.00009304285,0.001704216,0.0010204315,0.0015239716,0.0041275024,0.0036678314,0.006313324,0.13867188,0.0016555786,0.008506775,0.028823853,0.0011587143,0.0001629591,0.000023424625,0.000028967857,0.000026524067,0.0014448166,0.000002861023,0.0000013113022,6.556511e-7,1.7881393e-7,0
5.9604645e-7,0.0011463165,0.000030457973,0.5654297,0.39257812,0.7451172,0.000071167946,1.7881393e-7,7.1525574e-7,0.091552734,0.022460938,0.15478516,0.17834473,0.026184082,0.16455078,0.16235352,0.025894165,0.05102539,0.044311523,0.38720703,0.14624023,0.0074386597,0.024017334,0.00011944771,0.010673523,0.7573242,0.0016460419,0.038208008,0.037200928,0.02998352,0.000010371208,0.000013411045,0.012588501,0.06518555,0.0048828125,0.003250122,0.012329102,0.018814087,0.07891846,0.000051259995,0.01525116,0.04714966,0.0014448166,0.000603199,0.00015079975,0.00013029575,0.0001603365,0.00025177002,0.000034809113,0.000015437603,5.9604645e-7,1.7881393e-7,0
0.000001013279,0.009513855,0.002571106,0.21948242,0.6616211,0.5361328,0.0005044937,0.0000030994415,7.1525574e-7,0.4169922,0.2709961,0.24121094,0.18823242,0.050872803,0.14245605,0.13623047,0.031066895,0.09906006,0.1427002,0.37524414,0.6044922,0.0039367676,0.0053901672,0.0018339157,0.008766174,0.7192383,0.0018491745,0.0005669594,0.018157959,0.051452637,0.15454102,0.16625977,0.1887207,0.0031147003,0.45336914,0.32958984,0.0020885468,0.009681702,0.023513794,0.000009357929,0.00111866,0.0009274483,0.00027537346,0.009246826,0.2409668,0.34643555,0.1685791,0.17626953,0.03125,0.068359375,0.0000029206276,0.000010251999,0
7.1525574e-7,0.00097227097,0.00039434433,0.6557617,0.64404297,0.5551758,0.0009794235,0.000004172325,0.0000011324883,0.57373047,0.56152344,0.13928223,0.08746338,0.02293396,0.52978516,0.4182129,0.0017595291,0.17150879,0.23083496,0.3190918,0.5732422,0.0019521713,0.0015649796,0.0030021667,0.009468079,0.69873047,0.0019187927,0.00026106834,0.14038086,0.08807373,0.07879639,0.14831543,0.066101074,0.006500244,0.8017578,0.83447266,0.0066490173,0.011672974,0.017074585,0.0000044107437,0.0019874573,0.0011167526,0.00044441223,0.0116119385,0.28759766,0.22485352,0.061340332,0.18652344,0.12475586,0.08728027,0.000014781952,0.0000054836273,0
0.000001013279,0.43603516,0.0010728836,0.037750244,0.0004413128,0.21447754,0.0000056028366,2.3841858e-7,1.1920929e-7,0.40722656,0.14733887,0.8652344,0.84814453,0.039611816,0.29589844,0.20422363,0.018112183,0.002527237,0.0016145706,0.096191406,0.31225586,0.0018014908,0.0051116943,0.00000756979,0.012565613,0.0011386871,0.000033557415,0.000035583973,0.43603516,0.09265137,0.000026762486,0.000046551228,0.0016231537,0.23400879,0.00011301041,0.000076532364,0.02909851,0.10235596,0.053344727,0.00011509657,0.009307861,0.00774765,0.66308594,0.65625,0.0011730194,0.0013284683,0.00015807152,0.0000911355,0.0025997162,0.0038585663,0.0000025629997,1.1920929e-7,0
0.0000015497208,0.0003733635,0.000075399876,0.8588867,0.40893555,0.7446289,0.00026869774,4.172325e-7,0.0000010728836,0.096069336,0.0059165955,0.04473877,0.03640747,0.057159424,0.16906738,0.171875,0.054595947,0.24438477,0.2553711,0.41333008,0.05822754,0.032196045,0.04425049,0.00047945976,0.115478516,0.76708984,0.0020503998,0.046936035,0.03463745,0.068603516,0.00029206276,0.00037837029,0.004043579,0.011390686,0.040771484,0.027664185,0.0063591003,0.0418396,0.0077934265,0.00019669533,0.009811401,0.07348633,0.003458023,0.002401352,0.00050640106,0.0004286766,0.0009422302,0.0019264221,0.0005531311,0.00056409836,0.0000022053719,2.3841858e-7,0
0.0000023841858,0.00031232834,0.00031113625,0.83691406,0.875,0.9428711,0.0010614395,0.000004053116,0.0000042915344,0.33422852,0.12451172,0.16442871,0.18273926,0.077697754,0.24121094,0.17443848,0.04171753,0.113708496,0.11401367,0.578125,0.15527344,0.012191772,0.005077362,0.0038204193,0.005203247,0.4519043,0.009857178,0.0053100586,0.044311523,0.018661499,0.013954163,0.011642456,0.17492676,0.0044517517,0.7998047,0.39990234,0.0076446533,0.019851685,0.006259918,0.00005477667,0.0006494522,0.0031661987,0.0003092289,0.00774765,0.79296875,0.8120117,0.4716797,0.18701172,0.059570312,0.04626465,0.000009357929,0.0000037550926,0
0.0000011920929,0.0003643036,0.00030326843,0.7836914,0.7558594,0.7451172,0.00040316582,8.34465e-7,5.364418e-7,0.40185547,0.38012695,0.2890625,0.35058594,0.049102783,0.28637695,0.25634766,0.02519226,0.061035156,0.041381836,0.4501953,0.24243164,0.007083893,0.0016202927,0.0017595291,0.0048332214,0.64160156,0.01826477,0.007293701,0.1027832,0.052246094,0.00038981438,0.0002297163,0.15246582,0.005519867,0.17272949,0.07409668,0.027679443,0.031829834,0.007751465,0.00007927418,0.00071811676,0.006717682,0.0002092123,0.0067329407,0.21228027,0.18334961,0.061065674,0.008018494,0.022506714,0.009010315,0.0000033974648,4.172325e-7,0
0.0000032782555,0.0012311935,0.00033307076,0.70947266,0.45922852,0.5566406,0.004169464,0.0000061392784,0.0000014305115,0.18444824,0.11016846,0.2109375,0.22839355,0.4970703,0.030761719,0.023040771,0.47387695,0.07293701,0.076171875,0.39233398,0.50390625,0.014343262,0.0134887695,0.0071411133,0.041290283,0.5966797,0.00019645691,0.014595032,0.031707764,0.5473633,0.01638794,0.01612854,0.0046310425,0.000101566315,0.3635254,0.42822266,0.012023926,0.058013916,0.0006752014,0.0041542053,0.005115509,0.02041626,0.00086402893,0.00945282,0.26879883,0.32470703,0.24182129,0.6904297,0.11010742,0.16101074,0.000003695488,0.000002503395,0
2.9802322e-7,0.00007516146,0.000054478645,0.82373047,0.71875,0.8671875,0.0005364418,0.0000017881393,0.0000015497208,0.18859863,0.057678223,0.080078125,0.07397461,0.008918762,0.56884766,0.5625,0.0070495605,0.14099121,0.17163086,0.4091797,0.3239746,0.004814148,0.023269653,0.00094890594,0.0010528564,0.5864258,0.02507019,0.0017900467,0.060791016,0.005405426,0.0003876686,0.00041151047,0.004131317,0.010002136,0.15270996,0.18444824,0.02923584,0.0071258545,0.004119873,0.000009179115,0.0011005402,0.0014600754,0.00020456314,0.0032234192,0.53027344,0.22033691,0.16674805,0.030639648,0.0020046234,0.0006456375,0.0000047683716,0.0000011920929,0
2.9802322e-7,0.090148926,0.07946777,0.016937256,0.038757324,0.01727295,0.00002503395,5.9604645e-8,0.0,0.32885742,0.31713867,0.11645508,0.13623047,0.22912598,0.0357666,0.048583984,0.19348145,0.101989746,0.10205078,0.65185547,0.57470703,0.003709793,0.00033593178,0.00009137392,0.0062408447,0.055511475,0.00008255243,0.024871826,0.0002092123,0.009460449,0.00028705597,0.00014173985,0.0025043488,0.0003077984,0.004219055,0.00073862076,0.004600525,0.09222412,0.013946533,0.0017795563,0.004798889,0.028289795,0.0008482933,0.0010499954,0.00026512146,0.0007677078,0.010093689,0.001127243,0.000019490719,0.00017225742,1.1920929e-7,1.1920929e-7,0
0.0000061392784,0.00021278858,0.00009012222,0.9033203,0.9814453,0.96191406,0.000027477741,0.0000037550926,1.1920929e-7,0.42700195,0.40161133,0.084472656,0.07159424,0.018936157,0.14404297,0.17150879,0.03555298,0.29858398,0.37963867,0.3972168,0.72558594,0.005367279,0.008796692,0.000009715557,0.0045051575,0.034057617,0.00013768673,0.023712158,0.00029540062,0.009056091,0.006465912,0.0028934479,0.031677246,0.001748085,0.0010032654,0.00013399124,0.022735596,0.11340332,0.056518555,0.0011835098,0.018920898,0.016540527,0.25854492,0.3256836,0.0023117065,0.0029563904,0.011566162,0.00019097328,0.04928589,0.23083496,1.7881393e-7,0.0000010728836,0
0.0000014305115,0.0006070137,0.00034236908,0.60302734,0.63720703,0.47705078,0.0000333786,2.9802322e-7,1.1920929e-7,0.038024902,0.097473145,0.15917969,0.20336914,0.56347656,0.009941101,0.008728027,0.5576172,0.0925293,0.05895996,0.22546387,0.5415039,0.105773926,0.0026378632,0.00019586086,0.002614975,0.0152282715,0.0005540848,0.0016641617,0.022994995,0.017807007,0.0020160675,0.0019397736,0.005756378,0.0007882118,0.005710602,0.0059165955,0.008140564,0.08605957,0.007698059,0.0002515316,0.024734497,0.018112183,0.015701294,0.049560547,0.0008969307,0.0023384094,0.002986908,0.0074691772,0.0028896332,0.0034561157,2.9802322e-7,1.1920929e-7,0
9.536743e-7,0.050079346,0.01737976,0.07128906,0.08288574,0.05517578,0.000029981136,5.9604645e-8,5.9604645e-8,0.3413086,0.5463867,0.08630371,0.10748291,0.3479004,0.049713135,0.03668213,0.30029297,0.15625,0.14978027,0.6489258,0.5371094,0.012535095,0.00012779236,0.00013446808,0.0020999908,0.006099701,0.00038528442,0.0007944107,0.0058174133,0.026290894,0.0013837814,0.0011854172,0.0028476715,0.000050723553,0.0054130554,0.003982544,0.0047912598,0.047424316,0.03479004,0.008842468,0.008842468,0.018081665,0.0036201477,0.0078048706,0.00020813942,0.00043845177,0.004020691,0.0030059814,0.00062417984,0.0014762878,0.0000011920929,5.9604645e-8,0
0.0000066161156,0.8183594,0.00015974045,0.05154419,0.0013971329,0.9506836,0.00029230118,8.34465e-7,0.000005543232,0.0927124,0.010482788,0.2878418,0.2746582,0.038635254,0.22265625,0.38500977,0.116760254,0.05102539,0.03656006,0.3413086,0.0019521713,0.04562378,0.1607666,0.0036678314,0.004638672,0.0018205643,0.0001975298,0.00003325939,0.5107422,0.08880615,0.008506775,0.0034160614,0.04559326,0.17956543,0.87109375,0.63720703,0.13903809,0.077941895,0.0061416626,0.000039994717,0.010681152,0.0013217926,0.0048942566,0.36767578,0.044647217,0.097961426,0.08709717,0.026382446,0.24963379,0.3190918,0.000012516975,8.940697e-7,0
0.0000012516975,0.00037789345,0.0008740425,0.5073242,0.7109375,0.21923828,0.00076150894,0.0000011920929,3.5762787e-7,0.07849121,0.04067993,0.04598999,0.044525146,0.4699707,0.0096588135,0.016189575,0.46557617,0.28100586,0.28173828,0.35742188,0.25830078,0.01876831,0.011604309,0.00087833405,0.004047394,0.8676758,0.023391724,0.0054359436,0.06781006,0.034973145,0.0007824898,0.0011034012,0.005405426,0.00043463707,0.043273926,0.061279297,0.004558563,0.016113281,0.0045547485,0.00053310394,0.0012397766,0.007850647,0.00034570694,0.00242424,0.4230957,0.7675781,0.00073099136,0.10412598,0.00015580654,0.0003478527,0.000001847744,0.0000045895576,0
8.940697e-7,0.04397583,0.016586304,0.07647705,0.080078125,0.06793213,0.000040352345,1.1920929e-7,5.9604645e-8,0.35742188,0.3466797,0.12298584,0.12597656,0.19677734,0.1005249,0.07672119,0.1652832,0.11956787,0.12548828,0.51123047,0.5996094,0.009346008,0.00046730042,0.00022697449,0.0017137527,0.046875,0.00390625,0.008842468,0.010925293,0.020812988,0.00043535233,0.00043034554,0.0076828003,0.0000654459,0.014320374,0.012550354,0.001534462,0.010749817,0.09472656,0.0099105835,0.02168274,0.06390381,0.0011844635,0.0032615662,0.000033080578,0.00006401539,0.0014572144,0.0014314651,0.00039291382,0.0007882118,4.7683716e-7,5.9604645e-8,0
0.0000017881393,0.0009918213,0.00017249584,0.78027344,0.4609375,0.79785156,0.0044174194,0.0000031590462,0.000003993511,0.16223145,0.09875488,0.06817627,0.07775879,0.029769897,0.4465332,0.49609375,0.017333984,0.19152832,0.19677734,0.36328125,0.17163086,0.025878906,0.016616821,0.007045746,0.11828613,0.64746094,0.00009781122,0.009246826,0.12683105,0.10101318,0.079711914,0.1237793,0.008377075,0.03604126,0.8017578,0.65722656,0.011199951,0.037261963,0.0022258759,0.0000166893,0.007217407,0.014823914,0.0054092407,0.0064926147,0.1595459,0.09893799,0.4987793,0.53808594,0.35888672,0.4699707,0.0000113248825,9.536743e-7,0
5.364418e-7,0.0008711815,0.00020754337,0.39135742,0.77685547,0.6586914,0.00006854534,2.9802322e-7,2.9802322e-7,0.016418457,0.014793396,0.05795288,0.1361084,0.28588867,0.052642822,0.035369873,0.20605469,0.24865723,0.123046875,0.16345215,0.031921387,0.21875,0.031341553,0.00047063828,0.0021438599,0.6245117,0.047332764,0.017471313,0.03375244,0.006542206,0.001156807,0.0012817383,0.0635376,0.009613037,0.026657104,0.021530151,0.005596161,0.023986816,0.012908936,0.000019192696,0.0011901855,0.0017499924,0.000641346,0.004650116,0.0014448166,0.0025196075,0.0045394897,0.01322937,0.0002322197,0.00009906292,5.9604645e-7,1.1920929e-7,0
2.9802322e-7,0.00018894672,0.00014257431,0.640625,0.6958008,0.7402344,0.00048279762,5.364418e-7,4.172325e-7,0.29663086,0.19372559,0.23864746,0.25634766,0.013763428,0.42333984,0.42578125,0.008018494,0.044921875,0.044403076,0.5917969,0.46777344,0.0022640228,0.0049057007,0.0004284382,0.00089645386,0.8017578,0.024307251,0.006755829,0.042114258,0.020828247,0.00005799532,0.000041425228,0.009727478,0.036590576,0.043121338,0.042510986,0.023773193,0.019195557,0.007461548,0.000007033348,0.000682354,0.0045661926,0.00016367435,0.0009417534,0.69677734,0.53564453,0.026184082,0.0030975342,0.001086235,0.0006995201,0.0000011324883,6.556511e-7,0
0.0000017285347,0.01499176,0.014137268,0.11633301,0.13134766,0.08483887,0.0008583069,2.3841858e-7,0.0000014305115,0.08892822,0.19006348,0.010627747,0.023864746,0.15356445,0.052215576,0.04788208,0.1595459,0.5390625,0.50878906,0.6621094,0.53515625,0.018676758,0.0018987656,0.0041007996,0.11022949,0.5830078,0.00016009808,0.019607544,0.010299683,0.015899658,0.00092077255,0.00093984604,0.0010404587,0.00014066696,0.10418701,0.18359375,0.017028809,0.03591919,0.0004968643,0.0004184246,0.0016412735,0.046417236,0.00017130375,0.00011050701,0.1303711,0.2697754,0.024276733,0.7836914,0.00008499622,0.000156641,0.000001847744,0.0000031590462,0
5.9604645e-8,0.00031018257,0.0010004044,0.62841797,0.71191406,0.17053223,0.00026130676,5.9604645e-8,5.9604645e-8,0.62353516,0.75634766,0.48999023,0.81640625,0.6748047,0.06060791,0.0025100708,0.27319336,0.04611206,0.0013961792,0.83251953,0.37402344,0.00233078,0.00009673834,0.00056934357,0.04449463,0.9033203,0.0067481995,0.0014410019,0.010108948,0.019683838,0.00023770332,0.00045514107,0.007587433,0.007511139,0.23034668,0.22009277,0.00047278404,0.015686035,0.024932861,0.000056266785,0.00223732,0.013404846,0.00016868114,0.00077342987,0.0000743866,0.00021135807,0.000052273273,0.0015277863,0.000030755997,0.000059485435,0.0000039339066,4.172325e-7,0
0.0000066161156,0.5415039,0.00013744831,0.08026123,0.0024147034,0.94677734,0.00034165382,8.940697e-7,0.0000020861626,0.13000488,0.07714844,0.06628418,0.026367188,0.08312988,0.11444092,0.16796875,0.1352539,0.24389648,0.33544922,0.16845703,0.021072388,0.024673462,0.047668457,0.0027484894,0.0012674332,0.008232117,0.0005311966,0.0003502369,0.38964844,0.29711914,0.0026378632,0.0011348724,0.005645752,0.005302429,0.6894531,0.46313477,0.0770874,0.08880615,0.001627922,0.0021038055,0.021759033,0.005836487,0.004169464,0.18725586,0.025146484,0.05670166,0.022705078,0.008117676,0.20031738,0.45092773,0.0000029206276,3.5762787e-7,0
5.9604645e-8,0.0009217262,0.0022258759,0.35961914,0.45874023,0.13024902,0.00010406971,5.9604645e-8,5.9604645e-8,0.6308594,0.58496094,0.6142578,0.58740234,0.042022705,0.42700195,0.35180664,0.006931305,0.01424408,0.0075149536,0.4675293,0.44799805,0.0018415451,0.0000860095,0.00087594986,0.078308105,0.4267578,0.00047373772,0.0059432983,0.004032135,0.03652954,0.000055909157,0.000054240227,0.016708374,0.0014276505,0.359375,0.15698242,0.0020008087,0.061431885,0.007369995,0.00017273426,0.0011510849,0.017074585,0.00014936924,0.0005760193,0.0004734993,0.0016880035,0.0005187988,0.0011701584,0.00035595894,0.002916336,0.0000017881393,1.1920929e-7,0
9.536743e-7,0.00064468384,0.00042200089,0.6381836,0.59472656,0.4885254,0.00042057037,0.0000019073486,9.536743e-7,0.3269043,0.2097168,0.33129883,0.32470703,0.0135650635,0.4970703,0.47802734,0.0045776367,0.031982422,0.034210205,0.59375,0.48754883,0.0022888184,0.0050811768,0.0006284714,0.0009174347,0.68115234,0.0065994263,0.008575439,0.03125,0.004295349,0.00015580654,0.00018131733,0.019500732,0.023788452,0.03274536,0.057037354,0.023452759,0.016403198,0.011711121,0.000016510487,0.0003414154,0.0020122528,0.00040555,0.0019273758,0.93359375,0.9038086,0.04940796,0.046539307,0.025802612,0.017440796,0.0000019669533,0.0000015497208,0
1.7881393e-7,0.0013532639,0.00053977966,0.35009766,0.48583984,0.23986816,0.00009685755,1.1920929e-7,1.1920929e-7,0.17114258,0.08947754,0.0960083,0.08282471,0.04425049,0.23327637,0.2043457,0.021331787,0.09661865,0.11657715,0.21533203,0.26391602,0.00819397,0.0028820038,0.0016336441,0.07885742,0.3737793,0.00027918816,0.0028743744,0.0019702911,0.004070282,0.0014562607,0.0028095245,0.0013008118,0.009811401,0.19091797,0.1307373,0.0047454834,0.12915039,0.0009326935,0.0000019073486,0.0023288727,0.012710571,0.00032758713,0.00044894218,0.001285553,0.0032577515,0.0025863647,0.17285156,0.00006389618,0.00010794401,0.0000023841858,5.364418e-7,0
1.7881393e-7,0.000218153,0.0003373623,0.6972656,0.75634766,0.10900879,0.0005288124,5.364418e-7,1.7881393e-7,0.19641113,0.0826416,0.14221191,0.095336914,0.25073242,0.050872803,0.046295166,0.23046875,0.11248779,0.14575195,0.2631836,0.27490234,0.008811951,0.00699234,0.0033416748,0.009857178,0.8461914,0.028457642,0.0028743744,0.015686035,0.21386719,0.0008792877,0.0009264946,0.013999939,0.00028276443,0.33666992,0.2836914,0.002445221,0.06903076,0.0028896332,0.00033402443,0.0007534027,0.004962921,0.00009685755,0.0009598732,0.07220459,0.34643555,0.0030326843,0.07940674,0.000031530857,0.0001745224,0.0000023841858,0.0000012516975,0
0.0000030994415,0.00058841705,0.00035595894,0.7324219,0.5175781,0.45581055,0.0020637512,0.000003993511,0.0000012516975,0.08734131,0.017944336,0.10144043,0.11633301,0.5859375,0.016647339,0.013534546,0.5722656,0.13244629,0.13842773,0.23706055,0.10437012,0.036743164,0.03829956,0.0033988953,0.14807129,0.6040039,0.00005698204,0.034240723,0.010612488,0.21130371,0.013092041,0.015045166,0.012557983,0.0013093948,0.09307861,0.13867188,0.0048561096,0.028961182,0.0025806427,0.00017940998,0.0028419495,0.007385254,0.0011644363,0.016952515,0.23535156,0.27539062,0.116760254,0.6489258,0.031280518,0.046905518,0.0000019073486,0.00000166893,0
0.000002026558,0.00015616417,0.00034594536,0.6904297,0.82373047,0.27368164,0.00066947937,0.0000076293945,6.556511e-7,0.08886719,0.10290527,0.15234375,0.12695312,0.049987793,0.2861328,0.21459961,0.029937744,0.13000488,0.11608887,0.21435547,0.32348633,0.020263672,0.008285522,0.0012102127,0.00003093481,0.71533203,0.49658203,0.0024852753,0.016098022,0.037475586,0.0009598732,0.0010871887,0.01033783,0.000021159649,0.015625,0.06945801,0.013519287,0.0287323,0.0020313263,0.024459839,0.0008788109,0.0064468384,0.0005507469,0.006088257,0.9111328,0.9638672,0.050567627,0.5371094,0.0015220642,0.0035152435,0.000002861023,0.0000024437904,0
0.0000011324883,0.006439209,0.005809784,0.0670166,0.3791504,0.17553711,0.00023627281,1.1920929e-7,0.000001013279,0.091796875,0.08526611,0.06488037,0.076538086,0.04953003,0.21142578,0.19714355,0.01222229,0.20336914,0.18701172,0.39379883,0.40405273,0.009483337,0.009757996,0.00048089027,0.014411926,0.66845703,0.00025177002,0.028259277,0.037231445,0.012382507,0.00010281801,0.00010770559,0.0052948,0.006893158,0.011756897,0.018859863,0.05343628,0.05307007,0.00092697144,0.000015854836,0.0029525757,0.04876709,0.00038719177,0.00029802322,0.57177734,0.5229492,0.017242432,0.020370483,0.0021209717,0.0017309189,4.172325e-7,0.0000011324883,0
7.1525574e-7,0.0003745556,0.000620842,0.69921875,0.6723633,0.6435547,0.0007786751,0.0000022649765,9.536743e-7,0.50439453,0.03591919,0.3491211,0.28710938,0.0848999,0.19714355,0.18310547,0.08618164,0.027542114,0.035888672,0.6567383,0.08392334,0.005744934,0.037384033,0.009048462,0.00023806095,0.010559082,0.004638672,0.0001193881,0.0368042,0.01940918,0.0016431808,0.0013208389,0.08862305,0.0002220869,0.8334961,0.79345703,0.09643555,0.017211914,0.008178711,0.0017347336,0.0048179626,0.0028972626,0.00038433075,0.015281677,0.16210938,0.081848145,0.09979248,0.020568848,0.078552246,0.024261475,0.0000075101852,5.9604645e-7,0
0.0000014901161,0.087646484,0.026824951,0.025848389,0.10089111,0.013214111,0.001004219,4.7683716e-7,1.7881393e-7,0.12060547,0.06542969,0.05630493,0.0513916,0.045196533,0.4428711,0.29589844,0.007091522,0.19885254,0.22875977,0.39819336,0.265625,0.013320923,0.010253906,0.0021438599,0.073913574,0.8017578,0.0017976761,0.002029419,0.055664062,0.12097168,0.004737854,0.0060920715,0.016540527,0.00091695786,0.2956543,0.23779297,0.0026454926,0.023269653,0.0022277832,0.000023901463,0.0005736351,0.002275467,0.00081682205,0.008605957,0.43774414,0.8154297,0.0014724731,0.060424805,0.008285522,0.034118652,0.0000030398369,0.000004887581,0
0.0000029206276,0.00026893616,0.00029182434,0.7060547,0.7338867,0.41870117,0.0016269684,8.34465e-7,8.940697e-7,0.042663574,0.109375,0.018493652,0.028305054,0.49291992,0.039886475,0.03277588,0.4465332,0.45532227,0.44140625,0.37280273,0.21374512,0.062927246,0.008300781,0.0015449524,0.10028076,0.5600586,0.00008094311,0.055633545,0.009796143,0.09277344,0.0010032654,0.0011987686,0.00843811,0.00032949448,0.05239868,0.07330322,0.009132385,0.030212402,0.0037117004,0.0016450882,0.0020160675,0.008049011,0.0007162094,0.0034885406,0.48583984,0.63623047,0.022262573,0.3388672,0.0028381348,0.005004883,0.0000026226044,0.000001013279,0
0.0000014901161,0.09661865,0.028671265,0.022262573,0.081848145,0.01739502,0.0015439987,4.7683716e-7,4.172325e-7,0.117370605,0.054718018,0.055114746,0.057739258,0.027893066,0.40356445,0.36816406,0.0079422,0.20019531,0.21435547,0.4169922,0.1907959,0.014518738,0.011802673,0.0037612915,0.18164062,0.7314453,0.00053215027,0.001411438,0.07751465,0.12805176,0.006214142,0.00894165,0.011871338,0.0003466606,0.53808594,0.4963379,0.003698349,0.021118164,0.0015277863,0.000052809715,0.0008234978,0.0039863586,0.00074100494,0.008155823,0.37109375,0.7211914,0.0028018951,0.10949707,0.017044067,0.055541992,0.0000051259995,0.000008285046,0
2.9802322e-7,0.0005135536,0.00026798248,0.4716797,0.70654297,0.19384766,0.00059986115,6.556511e-7,5.9604645e-8,0.06463623,0.02885437,0.09899902,0.10675049,0.2692871,0.060180664,0.038024902,0.265625,0.1385498,0.11553955,0.16870117,0.060455322,0.025924683,0.026870728,0.0011663437,0.00033283234,0.9296875,0.61035156,0.0013313293,0.16015625,0.07659912,0.00015175343,0.0002374649,0.025619507,0.18249512,0.054992676,0.052337646,0.0013465881,0.020690918,0.009124756,0.0000016093254,0.00044703484,0.0008621216,0.00019919872,0.010154724,0.13317871,0.40307617,0.00021028519,0.023971558,0.00012385845,0.00022411346,0.000002861023,8.34465e-7,0
0.0000014305115,0.018569946,0.015365601,0.110839844,0.12030029,0.08459473,0.0006828308,2.9802322e-7,0.0000013709068,0.08770752,0.15075684,0.010444641,0.019836426,0.16662598,0.041748047,0.040527344,0.17224121,0.5541992,0.5234375,0.6386719,0.5913086,0.018325806,0.0024280548,0.0035991669,0.09509277,0.6196289,0.00015425682,0.014381409,0.00894928,0.018859863,0.0011577606,0.001253128,0.0010890961,0.00012886524,0.13256836,0.19396973,0.011367798,0.03768921,0.0007452965,0.0004389286,0.0014982224,0.026626587,0.00017476082,0.00012791157,0.07598877,0.19763184,0.024398804,0.83251953,0.000093877316,0.00020253658,0.000001847744,0.000002861023,0
2.9802322e-7,0.0039596558,0.00014901161,0.3166504,0.41235352,0.69628906,0.00013685226,2.3841858e-7,1.7881393e-7,0.08728027,0.04486084,0.11395264,0.14709473,0.11248779,0.055358887,0.07836914,0.15588379,0.061950684,0.06011963,0.3935547,0.064941406,0.0077819824,0.01234436,0.00015747547,0.45996094,0.105407715,0.000013113022,0.0011987686,0.0024528503,0.024887085,0.0028152466,0.0013980865,0.0023708344,0.00053215027,0.30273438,0.16906738,0.0019760132,0.022262573,0.117004395,0.00041532516,0.15942383,0.0463562,0.011619568,0.0418396,0.0000031590462,0.000005722046,0.0021591187,0.00022470951,0.00036096573,0.0022525787,0.0000012516975,1.1920929e-7,0
7.1525574e-7,0.00042319298,0.00022745132,0.6772461,0.6171875,0.5493164,0.000385046,0.000001013279,4.172325e-7,0.37695312,0.24865723,0.32226562,0.34423828,0.07489014,0.14562988,0.10028076,0.0284729,0.03387451,0.028579712,0.70410156,0.44580078,0.0018434525,0.0025806427,0.00052785873,0.0037879944,0.74902344,0.0016002655,0.006504059,0.017562866,0.0033283234,0.00028419495,0.00035905838,0.029663086,0.0030498505,0.028427124,0.05053711,0.0051116943,0.0041618347,0.046813965,0.00007498264,0.0004413128,0.0015144348,0.00022530556,0.0022449493,0.6479492,0.6923828,0.0047187805,0.03286743,0.01260376,0.012069702,0.0000017285347,0.0000014901161,0
0.0000029802322,0.000106453896,0.00006264448,0.8232422,0.8173828,0.4645996,0.00037765503,0.0000024437904,5.9604645e-7,0.097717285,0.05609131,0.16088867,0.13745117,0.032928467,0.34472656,0.29858398,0.016937256,0.10668945,0.10424805,0.22387695,0.27954102,0.02128601,0.012252808,0.0008740425,0.00057935715,0.5917969,0.02168274,0.013137817,0.013656616,0.032318115,0.00035643578,0.00044465065,0.004096985,0.00015497208,0.0077590942,0.015914917,0.020721436,0.0869751,0.0011968613,0.005432129,0.0021896362,0.023788452,0.0022010803,0.0033912659,0.79541016,0.9375,0.010093689,0.31884766,0.0026397705,0.007106781,0.0000010728836,0.0000016093254,0
0.00000846386,0.040802002,0.005207062,0.27954102,0.06890869,0.21386719,0.0009012222,0.000011265278,0.0000013709068,0.05050659,0.017684937,0.21374512,0.33642578,0.043518066,0.15405273,0.17626953,0.09106445,0.07055664,0.049865723,0.21862793,0.005558014,0.04486084,0.13720703,0.0024814606,0.005935669,0.37353516,0.0034255981,0.0029850006,0.057678223,0.33374023,0.0040740967,0.009536743,0.2993164,0.000032246113,0.390625,0.2722168,0.0033550262,0.015319824,0.07324219,0.023132324,0.0039711,0.0030231476,0.005493164,0.12866211,0.11437988,0.30151367,0.0006093979,0.1907959,0.45336914,0.8261719,0.000013709068,0.0000037550926,0
0.0000017285347,0.025665283,0.025314331,0.08483887,0.091796875,0.0715332,0.00081062317,2.9802322e-7,0.0000014305115,0.10229492,0.17224121,0.01210022,0.02407837,0.20654297,0.028747559,0.038513184,0.22058105,0.5214844,0.48095703,0.6723633,0.56347656,0.0154418945,0.0021038055,0.0033416748,0.10583496,0.60302734,0.000161767,0.016693115,0.014205933,0.0132751465,0.00074005127,0.00081300735,0.0010623932,0.00015997887,0.10449219,0.1973877,0.017593384,0.031829834,0.00051164627,0.00038433075,0.0016374588,0.042510986,0.0001603365,0.00012588501,0.14245605,0.26489258,0.016342163,0.7182617,0.00009995699,0.00015330315,0.0000015497208,0.0000039339066,0
4.172325e-7,0.00013971329,0.00005954504,0.80615234,0.8881836,0.81933594,0.0013971329,0.0000014305115,6.556511e-7,0.19213867,0.2939453,0.114990234,0.15246582,0.015701294,0.42456055,0.3930664,0.006450653,0.17980957,0.14099121,0.3659668,0.31884766,0.008666992,0.0036716461,0.0013580322,0.0047416687,0.88916016,0.0060920715,0.00067186356,0.11077881,0.05935669,0.006095886,0.006504059,0.047607422,0.0031394958,0.4477539,0.65283203,0.013435364,0.0052337646,0.007972717,0.000033080578,0.0012273788,0.0016794205,0.00060892105,0.009185791,0.03930664,0.019378662,0.0065956116,0.003063202,0.062072754,0.03375244,0.000009953976,0.0000030398369,0
1.7881393e-7,0.00356102,0.003156662,0.12939453,0.40112305,0.06161499,0.000048339367,5.9604645e-8,5.9604645e-8,0.12475586,0.14624023,0.026672363,0.040802002,0.08416748,0.10229492,0.09234619,0.083496094,0.30371094,0.2939453,0.5239258,0.5566406,0.00843811,0.001917839,0.00016319752,0.17053223,0.60058594,0.00031924248,0.009048462,0.0022449493,0.014411926,0.0012817383,0.0018310547,0.002084732,0.0003426075,0.025741577,0.014724731,0.0006389618,0.03640747,0.008514404,0.0001705885,0.002538681,0.0087509155,0.0014486313,0.00038552284,0.000037133694,0.00013363361,0.00008761883,0.0038375854,0.000011563301,0.000024318695,9.536743e-7,4.172325e-7,0
7.1525574e-7,0.001042366,0.0004336834,0.6616211,0.64697266,0.5410156,0.0010213852,0.0000042915344,0.000001013279,0.5761719,0.5566406,0.13574219,0.08081055,0.026809692,0.52734375,0.38232422,0.0017023087,0.1784668,0.24108887,0.3095703,0.57958984,0.0019550323,0.0015888214,0.00308609,0.005367279,0.6645508,0.003250122,0.00020158291,0.13232422,0.08929443,0.08239746,0.14807129,0.07165527,0.006214142,0.85009766,0.87646484,0.0065727234,0.011856079,0.018936157,0.000004529953,0.0021190643,0.0011606216,0.00045871735,0.012130737,0.3232422,0.26049805,0.059753418,0.14904785,0.15979004,0.115356445,0.000014901161,0.0000051259995,0
0.0000049471855,0.0062408447,0.0013961792,0.5234375,0.60595703,0.61328125,0.00044631958,0.00002104044,0.0000025629997,0.030303955,0.0025749207,0.50390625,0.5878906,0.04736328,0.14672852,0.20532227,0.1161499,0.019012451,0.015838623,0.079711914,0.0051956177,0.058746338,0.53515625,0.003232956,0.0007534027,0.19299316,0.018310547,0.0004711151,0.05795288,0.42138672,0.002779007,0.0052490234,0.47607422,0.00014591217,0.5473633,0.515625,0.002626419,0.031036377,0.13366699,0.016311646,0.0061035156,0.0031547546,0.016540527,0.24365234,0.08605957,0.33374023,0.00038528442,0.17443848,0.60302734,0.92285156,0.000012397766,0.0000023841858,0
5.364418e-7,0.00036501884,0.00027036667,0.25073242,0.8300781,0.4152832,0.000647068,2.9802322e-7,1.7881393e-7,0.10083008,0.0925293,0.047424316,0.059661865,0.18261719,0.08203125,0.055847168,0.13928223,0.24902344,0.20617676,0.3955078,0.18774414,0.017105103,0.00447464,0.0012998581,0.012161255,0.859375,0.0050086975,0.0075569153,0.019882202,0.04748535,0.00018131733,0.0001540184,0.008728027,0.00010180473,0.06137085,0.091796875,0.008216858,0.03213501,0.0028858185,0.0030937195,0.000487566,0.007156372,0.0001269579,0.0006904602,0.46044922,0.8105469,0.0014381409,0.0914917,0.00012505054,0.00040364265,0.0000021457672,0.0000015497208,0
0.000001847744,0.00014615059,0.00029802322,0.71240234,0.8310547,0.28393555,0.00069999695,0.000007927418,7.748604e-7,0.06286621,0.06121826,0.15893555,0.13391113,0.03479004,0.45751953,0.34936523,0.0101623535,0.11883545,0.10620117,0.19140625,0.22021484,0.030685425,0.01499939,0.0012750626,0.000040113926,0.7236328,0.41992188,0.0022182465,0.015098572,0.044555664,0.0014591217,0.0016107559,0.008926392,0.000014722347,0.020736694,0.08728027,0.013900757,0.03024292,0.0017843246,0.029922485,0.0010175705,0.006942749,0.0006914139,0.0072364807,0.9008789,0.9589844,0.057037354,0.54003906,0.0024223328,0.0055618286,0.0000035762787,0.0000023245811,0
4.172325e-7,0.13635254,0.0018110275,0.12072754,0.051849365,0.38598633,0.0002553463,0.000003516674,5.9604645e-8,0.28833008,0.06921387,0.48217773,0.4675293,0.47753906,0.009460449,0.012420654,0.50341797,0.012435913,0.017837524,0.2993164,0.14416504,0.003490448,0.012138367,0.00019741058,0.0026416779,0.8613281,0.021347046,0.0008263588,0.02078247,0.32006836,0.006629944,0.0052719116,0.06262207,0.0048217773,0.064331055,0.017120361,0.003276825,0.07116699,0.0340271,0.00003451109,0.0024871826,0.00013065338,0.0035991669,0.069885254,0.011680603,0.02709961,0.009002686,0.0019702911,0.0010404587,0.0027618408,6.556511e-7,0.0000016093254,0
2.3841858e-7,0.00095272064,0.00014543533,0.48950195,0.5517578,0.061035156,0.00016772747,1.7881393e-7,0.0,0.11022949,0.21777344,0.035736084,0.18078613,0.42773438,0.24157715,0.028198242,0.06976318,0.21826172,0.04626465,0.54785156,0.3317871,0.011047363,0.001376152,0.0005941391,0.039398193,0.5083008,0.0020580292,0.0073776245,0.010215759,0.06036377,0.03805542,0.024383545,0.0031375885,0.08959961,0.012397766,0.005897522,0.0015611649,0.04473877,0.00064468384,2.3841858e-7,0.0016107559,0.0005559921,0.003271103,0.0053100586,0.009712219,0.027908325,0.016815186,0.004383087,0.00027537346,0.0018644333,7.1525574e-7,1.7881393e-7,0
5.364418e-7,0.0118637085,0.0019893646,0.25097656,0.4025879,0.34960938,0.00022792816,0.0000014901161,1.7881393e-7,0.10058594,0.14221191,0.037261963,0.029388428,0.4033203,0.028762817,0.02041626,0.40112305,0.39501953,0.40161133,0.46240234,0.39990234,0.027816772,0.007583618,0.0014190674,0.0044822693,0.6923828,0.12426758,0.0025959015,0.043792725,0.06542969,0.0015077591,0.0013475418,0.07080078,0.00020384789,0.8286133,0.3605957,0.0057907104,0.050933838,0.00944519,0.0013504028,0.004085541,0.0024528503,0.00035119057,0.0033512115,0.00088596344,0.0018758774,0.0070266724,0.0045166016,0.00022816658,0.000161767,0.0000016093254,3.5762787e-7,0
0.0000013709068,0.00029826164,0.00032377243,0.8232422,0.8154297,0.890625,0.0010719299,0.000002682209,0.000001847744,0.38989258,0.15942383,0.35498047,0.38867188,0.06341553,0.24353027,0.2084961,0.046325684,0.056396484,0.049072266,0.5078125,0.1998291,0.01197052,0.006000519,0.0034866333,0.0039863586,0.6953125,0.0423584,0.0016231537,0.10559082,0.044281006,0.003955841,0.002544403,0.1743164,0.0024528503,0.75341797,0.35473633,0.017730713,0.018478394,0.0059432983,0.0001450777,0.0005464554,0.002161026,0.00026369095,0.009521484,0.5576172,0.50390625,0.30688477,0.039489746,0.057403564,0.03543091,0.000010073185,0.0000016093254,0
0.0000027418137,0.00116539,0.00032138824,0.63671875,0.42163086,0.5053711,0.0011768341,0.0000044703484,0.0000010728836,0.042175293,0.0068359375,0.13891602,0.1538086,0.52246094,0.020187378,0.016204834,0.5131836,0.0947876,0.10308838,0.11651611,0.064819336,0.061950684,0.08404541,0.0025920868,0.11553955,0.5307617,0.00009727478,0.025421143,0.006439209,0.2290039,0.033691406,0.05053711,0.0104522705,0.0016012192,0.120910645,0.10675049,0.0013971329,0.025344849,0.0031471252,0.00008648634,0.0038604736,0.009559631,0.0016870499,0.028778076,0.043151855,0.06542969,0.08178711,0.6777344,0.050933838,0.07434082,0.0000021457672,0.000001847744,0
1.7881393e-7,0.00095939636,0.000910759,0.34204102,0.65966797,0.14685059,0.00022530556,2.3841858e-7,1.1920929e-7,0.20336914,0.1204834,0.06173706,0.07940674,0.32910156,0.0362854,0.030258179,0.30200195,0.18847656,0.15686035,0.5136719,0.18457031,0.008415222,0.0028190613,0.0013513565,0.015533447,0.78222656,0.008758545,0.0044136047,0.0017299652,0.13195801,0.007965088,0.006576538,0.005519867,0.000046253204,0.14050293,0.06768799,0.00058460236,0.05126953,0.0023555756,0.0014438629,0.0005631447,0.0059928894,0.00005352497,0.00027561188,0.003332138,0.02709961,0.007865906,0.1194458,0.0000051259995,0.000051915646,0.0000041127205,0.000001013279,0
0.0000030398369,0.15795898,0.0057373047,0.11505127,0.05557251,0.6333008,0.00028514862,0.00001847744,5.9604645e-7,0.29638672,0.0892334,0.6269531,0.65185547,0.058135986,0.13049316,0.12322998,0.058166504,0.0124053955,0.0119018555,0.1574707,0.038146973,0.0056266785,0.10217285,0.0006699562,0.08178711,0.74609375,0.0013160706,0.00047779083,0.020523071,0.3334961,0.10247803,0.16381836,0.109191895,0.00029158592,0.3557129,0.26342773,0.0018835068,0.045196533,0.015899658,0.00068569183,0.003030777,0.0006456375,0.01675415,0.34814453,0.011520386,0.039794922,0.0009522438,0.13220215,0.11444092,0.32080078,0.0000074505806,0.000009059906,0
0.0000019073486,0.1586914,0.062561035,0.011878967,0.087402344,0.091430664,0.0007472038,5.9604645e-7,1.7881393e-7,0.013420105,0.06161499,0.19799805,0.20092773,0.024124146,0.43286133,0.36816406,0.007358551,0.10095215,0.09875488,0.10089111,0.2775879,0.21228027,0.036743164,0.0010385513,0.0020771027,0.66015625,0.09765625,0.0022945404,0.06793213,0.22631836,0.00086832047,0.00042772293,0.022888184,0.00028896332,0.78271484,0.29418945,0.010047913,0.029541016,0.0021762848,0.00032639503,0.0011739731,0.0026760101,0.000992775,0.014259338,0.55810547,0.8808594,0.00592041,0.015342712,0.020507812,0.1517334,4.7683716e-7,5.364418e-7,0
1.1920929e-7,0.0013141632,0.0012645721,0.4169922,0.4116211,0.2919922,0.0000513196,1.1920929e-7,2.3841858e-7,0.17016602,0.1352539,0.06793213,0.090026855,0.070739746,0.08795166,0.118774414,0.10101318,0.17797852,0.15075684,0.36206055,0.18884277,0.006866455,0.0042495728,0.00021362305,0.011657715,0.8027344,0.002067566,0.0075302124,0.0015106201,0.0045547485,0.0019760132,0.0034713745,0.008705139,0.000079751015,0.01399231,0.0158844,0.00033259392,0.0030574799,0.027755737,0.0030021667,0.0006260872,0.004951477,0.00011211634,0.00018751621,0.00007766485,0.0002323389,0.0005645752,0.035308838,0.000009357929,0.00001835823,0.0000024437904,5.9604645e-7,0
2.9802322e-7,0.012771606,0.012237549,0.08001709,0.24914551,0.051086426,0.00012397766,2.3841858e-7,5.9604645e-8,0.35083008,0.46264648,0.039001465,0.12805176,0.45654297,0.008338928,0.0152282715,0.51660156,0.30273438,0.12347412,0.66845703,0.31811523,0.004875183,0.00030112267,0.00033974648,0.021835327,0.828125,0.0025043488,0.0028076172,0.0015125275,0.008956909,0.05480957,0.07574463,0.0051345825,0.00022137165,0.029281616,0.029541016,0.00034451485,0.006084442,0.009689331,0.00022733212,0.0008568764,0.0025806427,0.00042581558,0.001414299,0.00022292137,0.0007457733,0.0020885468,0.076049805,0.000034987926,0.00016498566,0.0000044703484,0.0000017285347,0
3.5762787e-7,0.012336731,0.016998291,0.10449219,0.1817627,0.05142212,0.000059902668,5.9604645e-8,1.1920929e-7,0.58935547,0.66845703,0.30932617,0.31591797,0.22680664,0.030670166,0.02444458,0.23522949,0.051574707,0.02671814,0.7651367,0.63916016,0.0012493134,0.00015306473,0.00006496906,0.008895874,0.7661133,0.0027103424,0.055908203,0.03543091,0.0024738312,0.000042557716,0.00012660027,0.0013284683,0.0008864403,0.0018491745,0.0048599243,0.00340271,0.0074043274,0.109191895,0.0015745163,0.0101623535,0.039001465,0.0011863708,0.00015211105,0.000019133091,0.000026166439,0.000020861626,0.0019512177,0.0000024437904,0.0000011324883,7.1525574e-7,2.3841858e-7,0
8.34465e-7,0.00010102987,0.0001718998,0.65625,0.84765625,0.48461914,0.001080513,0.0000015497208,9.536743e-7,0.08294678,0.04498291,0.12054443,0.099365234,0.38867188,0.015808105,0.025268555,0.3840332,0.1385498,0.15234375,0.19128418,0.23596191,0.018005371,0.013748169,0.0020008087,0.0070114136,0.8598633,0.017364502,0.0044517517,0.059295654,0.09082031,0.0010299683,0.0013227463,0.0069351196,0.000020503998,0.16247559,0.2631836,0.0054016113,0.017913818,0.002035141,0.010848999,0.0013227463,0.019058228,0.0001360178,0.0011463165,0.5083008,0.7861328,0.0027999878,0.13061523,0.00044584274,0.00079393387,0.0000028014183,0.0000054240227,0
2.9802322e-7,0.097717285,0.09503174,0.0107803345,0.03652954,0.017852783,0.000056743622,5.9604645e-8,0.0,0.32055664,0.3449707,0.11895752,0.14709473,0.18774414,0.043151855,0.058929443,0.15246582,0.09423828,0.09295654,0.6435547,0.52001953,0.0039367676,0.00026631355,0.00021839142,0.0068206787,0.14660645,0.0001654625,0.026947021,0.000426054,0.008903503,0.000112235546,0.00006878376,0.0056114197,0.0002361536,0.02041626,0.00491333,0.00440979,0.0579834,0.009231567,0.0015850067,0.0029029846,0.032592773,0.00015103817,0.0007419586,0.00054883957,0.0015382767,0.0069503784,0.0016708374,0.00006109476,0.0004377365,1.7881393e-7,1.1920929e-7,0
0.000012516975,0.0024967194,0.0015077591,0.36767578,0.25830078,0.6386719,0.00062322617,0.000009357929,7.1525574e-7,0.011421204,0.02494812,0.08062744,0.12030029,0.00024557114,0.97998047,0.9770508,0.00020205975,0.19165039,0.13903809,0.06774902,0.081848145,0.19030762,0.031341553,0.00083208084,0.002773285,0.22180176,0.013710022,0.016159058,0.0006322861,0.119384766,0.28320312,0.12719727,0.04196167,0.000013113022,0.24584961,0.060302734,0.011734009,0.060180664,0.011734009,0.062194824,0.02255249,0.030303955,0.026443481,0.12756348,0.0023422241,0.0044174194,0.05630493,0.009033203,0.058135986,0.061279297,0.000007688999,0.0000014305115,0
0.0000034570694,0.0018825531,0.0015287399,0.72021484,0.33911133,0.34692383,0.0055999756,0.000011026859,0.0000044703484,0.091918945,0.07537842,0.59228516,0.57128906,0.0007882118,0.9692383,0.9711914,0.0008172989,0.011314392,0.014709473,0.22070312,0.17565918,0.03439331,0.03652954,0.007713318,0.17871094,0.6269531,0.0000641942,0.024734497,0.12438965,0.05154419,0.07885742,0.09631348,0.031066895,0.017410278,0.5415039,0.39746094,0.025039673,0.054840088,0.011222839,0.000078976154,0.014770508,0.016067505,0.0131073,0.010467529,0.6904297,0.57128906,0.29907227,0.33764648,0.24621582,0.24584961,0.0000054240227,0.0000020861626,0
5.364418e-7,0.027923584,0.013664246,0.06890869,0.15307617,0.06939697,0.0004682541,2.3841858e-7,1.7881393e-7,0.3334961,0.35668945,0.15979004,0.16906738,0.07128906,0.12585449,0.10998535,0.06628418,0.07006836,0.07196045,0.4345703,0.45117188,0.0028018951,0.0004312992,0.0023498535,0.008972168,0.45825195,0.0019464493,0.0018577576,0.008293152,0.10534668,0.0028305054,0.0023975372,0.0048675537,0.0004911423,0.39282227,0.43774414,0.025314331,0.19567871,0.00060892105,0.00008046627,0.00548172,0.0104599,0.00021755695,0.0006842613,0.031311035,0.06768799,0.017349243,0.034698486,0.00007802248,0.00023663044,0.0000013113022,0.00000166893,0
1.1920929e-7,0.011108398,0.0070266724,0.18432617,0.21875,0.08392334,0.00007605553,1.7881393e-7,1.1920929e-7,0.15002441,0.10144043,0.01675415,0.017837524,0.62646484,0.0066566467,0.0066337585,0.6269531,0.5053711,0.43969727,0.57666016,0.47265625,0.00749588,0.0052337646,0.00021374226,0.005710602,0.9345703,0.013633728,0.0034980774,0.077819824,0.0028324127,0.0002989769,0.00079250336,0.004207611,0.005428314,0.028839111,0.04876709,0.0007519722,0.002368927,0.06463623,0.00009071827,0.0034770966,0.0090408325,0.0001333952,0.00030851364,0.00004082918,0.00006431341,0.00007200241,0.0034179688,0.0000032782555,0.000002682209,0.0000014901161,4.172325e-7,0
9.536743e-7,0.00022518635,0.00026082993,0.27392578,0.87402344,0.49536133,0.00043821335,2.3841858e-7,4.172325e-7,0.10412598,0.0949707,0.05682373,0.07330322,0.0053253174,0.6538086,0.64160156,0.0025920868,0.2052002,0.16345215,0.55810547,0.20715332,0.011558533,0.006248474,0.0005750656,0.0010957718,0.87353516,0.009841919,0.01689148,0.111816406,0.015716553,0.000038921833,0.00005888939,0.011817932,0.00042510033,0.0076828003,0.022216797,0.019058228,0.01651001,0.008049011,0.0020198822,0.000916481,0.017120361,0.00016236305,0.00048184395,0.44702148,0.61083984,0.00050354004,0.043151855,0.00023293495,0.00017213821,0.00000166893,0.0000012516975,0
0.0000013113022,0.0029468536,0.0005631447,0.6542969,0.61279297,0.7685547,0.00064468384,0.000010192394,7.1525574e-7,0.21826172,0.13696289,0.06591797,0.034820557,0.13684082,0.101135254,0.0418396,0.05706787,0.33911133,0.4350586,0.3996582,0.6010742,0.0061912537,0.016082764,0.0021038055,0.00037002563,0.8027344,0.044799805,0.000313282,0.053100586,0.111206055,0.19677734,0.2619629,0.11853027,0.000008165836,0.78564453,0.6464844,0.0023880005,0.005092621,0.01675415,0.0063934326,0.0008625984,0.0006108284,0.00020110607,0.009925842,0.22949219,0.38085938,0.07324219,0.1706543,0.02458191,0.121276855,0.000008404255,0.000011384487,0
1.7881393e-7,0.10308838,0.03010559,0.082458496,0.039398193,0.00982666,0.00008970499,5.364418e-7,5.9604645e-8,0.25952148,0.060058594,0.44506836,0.4189453,0.11035156,0.09289551,0.080444336,0.11859131,0.011260986,0.02571106,0.20080566,0.3942871,0.0039901733,0.010093689,0.0004723072,0.0029010773,0.8623047,0.053588867,0.001294136,0.12646484,0.40966797,0.00006198883,0.00010627508,0.030822754,0.0070877075,0.044281006,0.02067566,0.0006837845,0.022369385,0.02949524,0.000042796135,0.00057792664,0.00046491623,0.00064086914,0.017471313,0.0038204193,0.014717102,0.000081419945,0.0013065338,0.00039601326,0.0013418198,6.556511e-7,6.556511e-7,0
0.0000017881393,0.28686523,0.17163086,0.028213501,0.045196533,0.07678223,0.0028057098,0.0000027418137,6.556511e-7,0.13195801,0.027252197,0.34887695,0.37695312,0.796875,0.0059013367,0.0060691833,0.7807617,0.04660034,0.04348755,0.32104492,0.06591797,0.021728516,0.121398926,0.0024814606,0.019317627,0.6796875,0.0038928986,0.00081300735,0.13903809,0.24743652,0.000374794,0.0005021095,0.06951904,0.0014438629,0.7758789,0.828125,0.011734009,0.03475952,0.00919342,0.000849247,0.00078725815,0.0024852753,0.0010633469,0.14892578,0.58447266,0.6796875,0.0020313263,0.014289856,0.26757812,0.29370117,0.0000066161156,0.000004887581,0
0.0000030398369,0.047180176,0.033477783,0.067993164,0.15930176,0.06817627,0.00029206276,0.0000029802322,1.1920929e-7,0.5336914,0.7270508,0.4560547,0.4777832,0.43920898,0.030700684,0.018722534,0.42333984,0.048980713,0.033416748,0.5620117,0.4753418,0.012420654,0.00017821789,0.0009918213,0.0022087097,0.71484375,0.08459473,0.0044937134,0.010154724,0.03466797,0.099365234,0.09649658,0.032318115,0.000032782555,0.057678223,0.03567505,0.004878998,0.012382507,0.022476196,0.003982544,0.0017461777,0.0006799698,0.0012187958,0.014045715,0.0035877228,0.008216858,0.03967285,0.091552734,0.0023651123,0.0025844574,0.000004827976,0.0000011920929,0
1.1920929e-7,0.00005209446,0.00005865097,0.8203125,0.8652344,0.57373047,0.00010031462,1.1920929e-7,1.1920929e-7,0.19335938,0.22595215,0.08319092,0.12536621,0.28735352,0.026138306,0.038513184,0.27075195,0.15185547,0.11669922,0.59814453,0.4248047,0.01008606,0.0014648438,0.0007452965,0.05630493,0.15588379,0.000037431717,0.0077323914,0.0006957054,0.0011167526,0.011978149,0.009819031,0.0007276535,0.00048017502,0.044708252,0.043426514,0.010620117,0.045196533,0.0013275146,0.000074744225,0.012001038,0.14855957,0.00020861626,0.000108897686,0.0001206398,0.00012814999,0.027664185,0.034454346,0.000022351742,0.000028550625,7.748604e-7,3.5762787e-7,0
5.9604645e-8,0.001917839,0.0027065277,0.28759766,0.46166992,0.04550171,0.000166893,0.0,5.9604645e-8,0.46362305,0.40527344,0.0925293,0.26586914,0.40014648,0.24267578,0.018310547,0.049621582,0.14611816,0.043395996,0.52685547,0.42089844,0.0033340454,0.00029873848,0.0022792816,0.05239868,0.39013672,0.0020122528,0.0043182373,0.010040283,0.01828003,0.00041532516,0.00047159195,0.004852295,0.0017499924,0.4716797,0.3293457,0.0023918152,0.051849365,0.0012722015,0.000016450882,0.0013465881,0.008514404,0.00015902519,0.00036263466,0.0016479492,0.005203247,0.00076675415,0.0042037964,0.000080406666,0.00040388107,0.00000166893,2.9802322e-7,0
1.1920929e-7,0.026290894,0.08666992,0.04815674,0.12164307,0.009239197,0.00009262562,1.7881393e-7,1.1920929e-7,0.039886475,0.042388916,0.009231567,0.011299133,0.33911133,0.024169922,0.0357666,0.38134766,0.62597656,0.5727539,0.3798828,0.3479004,0.024536133,0.021362305,0.00021409988,0.0006008148,0.95214844,0.21447754,0.009132385,0.035217285,0.072143555,0.0000872612,0.0001129508,0.009033203,0.0008831024,0.032958984,0.02784729,0.00036883354,0.008895874,0.08178711,0.0020313263,0.005382538,0.019714355,0.00011527538,0.00040888786,0.00005298853,0.00020480156,0.00008583069,0.0013017654,8.940697e-7,0.0000044107437,6.556511e-7,1.7881393e-7,0
2.3841858e-7,0.013198853,0.014160156,0.19018555,0.11657715,0.0335083,0.00022792816,1.7881393e-7,1.1920929e-7,0.21838379,0.27294922,0.046875,0.073791504,0.32714844,0.051452637,0.027542114,0.2607422,0.19470215,0.14904785,0.57177734,0.4543457,0.005569458,0.0008788109,0.0016794205,0.005203247,0.45654297,0.014816284,0.002746582,0.0044136047,0.027877808,0.0032863617,0.002840042,0.00065898895,0.00041341782,0.17138672,0.13085938,0.0043296814,0.10473633,0.000320673,0.0000833869,0.0030879974,0.009902954,0.00007122755,0.0002092123,0.013290405,0.053344727,0.0154953,0.10992432,0.0000019669533,0.0000078082085,0.0000014305115,6.556511e-7,0
7.748604e-7,0.00033831596,0.00026583672,0.59814453,0.56689453,0.6508789,0.00055646896,0.000002026558,9.536743e-7,0.23339844,0.10858154,0.15344238,0.14831543,0.023147583,0.33544922,0.31958008,0.01902771,0.07904053,0.082336426,0.5644531,0.34814453,0.0031852722,0.012321472,0.00061655045,0.00016582012,0.53466797,0.065979004,0.0044403076,0.052337646,0.0033569336,0.000083982944,0.00010287762,0.012367249,0.01335144,0.08691406,0.12219238,0.03656006,0.010513306,0.006324768,0.000015974045,0.0014696121,0.0068511963,0.00028395653,0.0030708313,0.8676758,0.71777344,0.032470703,0.012794495,0.011070251,0.0051574707,0.0000024437904,0.00000166893,0
0.000001013279,0.0002579689,0.00020003319,0.57373047,0.77685547,0.5439453,0.000682354,7.748604e-7,6.556511e-7,0.1463623,0.06640625,0.19628906,0.2244873,0.3269043,0.016159058,0.020431519,0.3190918,0.06964111,0.05178833,0.5527344,0.32617188,0.010848999,0.0071372986,0.0014505386,0.011642456,0.75097656,0.0008535385,0.009269714,0.043884277,0.016082764,0.0003504753,0.00049066544,0.004558563,0.00027179718,0.035827637,0.078186035,0.013870239,0.020553589,0.0026416779,0.00054073334,0.0009531975,0.0070266724,0.00032019615,0.0005364418,0.40283203,0.5517578,0.0042304993,0.25463867,0.0036964417,0.0039863586,0.0000014901161,0.0000036358833,0
6.556511e-7,0.00086307526,0.00025868416,0.6381836,0.7128906,0.6894531,0.00046777725,0.0000010728836,0.000001013279,0.072631836,0.03326416,0.0748291,0.07598877,0.053131104,0.12768555,0.11968994,0.037200928,0.22644043,0.24890137,0.30981445,0.28466797,0.022201538,0.031188965,0.0015468597,0.024612427,0.7338867,0.00044178963,0.0015516281,0.018722534,0.013626099,0.021743774,0.03074646,0.015731812,0.0063209534,0.29736328,0.29248047,0.012184143,0.02381897,0.002861023,0.000008165836,0.0012264252,0.0029449463,0.00029611588,0.0015277863,0.03475952,0.027999878,0.02998352,0.048828125,0.003932953,0.0029621124,0.000005841255,0.000005185604,0
2.9802322e-7,0.000027179718,0.00001835823,0.8569336,0.92871094,0.69921875,0.0006427765,6.556511e-7,2.3841858e-7,0.17456055,0.27539062,0.06317139,0.07824707,0.033996582,0.37695312,0.32958984,0.012741089,0.24304199,0.17456055,0.5053711,0.27490234,0.012313843,0.0015802383,0.0023078918,0.0003950596,0.7709961,0.14733887,0.0061569214,0.012413025,0.038482666,0.0021839142,0.0027770996,0.0063438416,0.00018417835,0.09289551,0.13806152,0.0062561035,0.037200928,0.001786232,0.000487566,0.0012397766,0.004283905,0.000087320805,0.00027680397,0.08428955,0.25219727,0.015296936,0.39526367,0.000011980534,0.00002861023,0.0000030398369,5.364418e-7,0
4.172325e-7,0.059661865,0.05319214,0.012649536,0.14343262,0.011894226,0.0008010864,2.9802322e-7,1.1920929e-7,0.13415527,0.11993408,0.05633545,0.055389404,0.046813965,0.30004883,0.21582031,0.013214111,0.21813965,0.20263672,0.3647461,0.34936523,0.01763916,0.002855301,0.004814148,0.029785156,0.66552734,0.003955841,0.00032520294,0.015182495,0.020950317,0.0024986267,0.003030777,0.0096206665,0.009498596,0.54345703,0.64746094,0.0013284683,0.013404846,0.0032348633,0.00000166893,0.00031805038,0.0008969307,0.00022697449,0.0076179504,0.2915039,0.6357422,0.0023536682,0.19421387,0.003929138,0.009803772,0.000004351139,0.0000026226044,0
8.34465e-7,0.00033855438,0.0002052784,0.74072266,0.68115234,0.51123047,0.00041675568,0.0000014901161,6.556511e-7,0.28881836,0.17456055,0.40771484,0.3972168,0.05706787,0.15307617,0.12438965,0.0287323,0.02368164,0.018600464,0.5722656,0.31225586,0.0024642944,0.0057754517,0.0005955696,0.00070905685,0.61816406,0.004611969,0.010528564,0.018692017,0.002418518,0.00020956993,0.00021827221,0.013542175,0.010688782,0.027816772,0.050689697,0.020019531,0.010856628,0.015586853,0.00003194809,0.000834465,0.0029506683,0.0005850792,0.0023593903,0.8520508,0.7949219,0.028259277,0.022247314,0.04196167,0.0317688,0.0000014305115,0.0000012516975,0
1.7881393e-7,0.00020086765,0.00025606155,0.59228516,0.7607422,0.52246094,0.00010275841,2.3841858e-7,2.9802322e-7,0.058441162,0.1003418,0.08532715,0.103393555,0.015640259,0.39990234,0.39331055,0.00573349,0.1619873,0.13964844,0.4477539,0.6088867,0.015106201,0.009468079,0.00013840199,0.0017604828,0.9121094,0.02607727,0.0057373047,0.22314453,0.030090332,0.000007867813,0.000015854836,0.0440979,0.0037155151,0.014953613,0.033050537,0.0022525787,0.0012235641,0.27612305,0.00050258636,0.0019140244,0.017028809,0.00034165382,0.00077199936,0.0001232624,0.00007712841,0.00003683567,0.00022900105,0.00030517578,0.00010788441,0.0000019073486,2.9802322e-7,0
0.0000014901161,0.26464844,0.002155304,0.12371826,0.02407837,0.36328125,0.00072717667,0.00000423193,1.7881393e-7,0.1685791,0.018356323,0.28295898,0.31420898,0.2130127,0.0703125,0.038208008,0.18066406,0.05960083,0.066467285,0.14758301,0.2163086,0.013038635,0.1381836,0.0015649796,0.01878357,0.7553711,0.0027694702,0.0019187927,0.0925293,0.34228516,0.021820068,0.021865845,0.030212402,0.0008597374,0.68652344,0.4897461,0.009498596,0.05105591,0.0061836243,0.0003941059,0.002620697,0.0020942688,0.0073013306,0.079711914,0.0541687,0.07714844,0.015945435,0.017227173,0.25170898,0.43969727,0.0000025629997,0.0000015497208,0
1.7881393e-7,0.01663208,0.02947998,0.103881836,0.12414551,0.036132812,0.00009715557,5.9604645e-8,5.9604645e-8,0.44189453,0.47265625,0.03842163,0.066711426,0.2553711,0.04171753,0.027008057,0.24365234,0.2854004,0.20202637,0.66845703,0.39892578,0.003993988,0.00022411346,0.00028657913,0.15466309,0.5698242,0.0013990402,0.0026893616,0.0012197495,0.007949829,0.008300781,0.0071411133,0.0014972687,0.0013303757,0.23706055,0.11999512,0.0002465248,0.015403748,0.011627197,0.000027894974,0.0032653809,0.012413025,0.0015602112,0.00073957443,0.000009059906,0.00003284216,0.0003824234,0.0017795563,0.000028729439,0.00025510788,0.0000026226044,4.172325e-7,0
5.9604645e-7,0.04525757,0.00006979704,0.21032715,0.018218994,0.67333984,0.000067949295,0.0000011324883,1.1920929e-7,0.016555786,0.004337311,0.06262207,0.0692749,0.5019531,0.011856079,0.0030345917,0.4868164,0.109191895,0.15710449,0.008079529,0.0149383545,0.043182373,0.16125488,0.0022468567,0.0008468628,0.000109910965,0.000030517578,0.0000021457672,0.0041389465,0.038391113,0.040802002,0.019729614,0.024536133,0.08227539,0.29370117,0.18981934,0.03894043,0.2565918,0.09887695,0.0000027418137,0.0057258606,0.0001655817,0.04324341,0.30273438,0.01876831,0.029281616,0.049316406,0.0059890747,0.021697998,0.028259277,0.000009715557,3.5762787e-7,0
3.5762787e-7,0.000086307526,0.000053167343,0.7207031,0.8442383,0.75878906,0.000156641,4.172325e-7,2.9802322e-7,0.09625244,0.17993164,0.05834961,0.08520508,0.024307251,0.26391602,0.25732422,0.013305664,0.25268555,0.18920898,0.63623047,0.58447266,0.012382507,0.0041389465,0.00009804964,0.008201599,0.8964844,0.0026893616,0.007133484,0.08270264,0.0029449463,0.00044822693,0.0008096695,0.015266418,0.010719299,0.006290436,0.016403198,0.00630188,0.0014572144,0.13195801,0.000053226948,0.006755829,0.012275696,0.0022296906,0.0011301041,0.00015974045,0.00004053116,0.00037932396,0.00058555603,0.00026583672,0.0000538826,0.000001847744,4.7683716e-7,0
0.0000014901161,0.00031137466,0.00031208992,0.5419922,0.70166016,0.47680664,0.0006337166,4.172325e-7,5.364418e-7,0.31201172,0.25219727,0.36767578,0.35424805,0.054595947,0.2211914,0.18188477,0.02078247,0.03427124,0.024810791,0.61279297,0.45776367,0.004016876,0.0008773804,0.0013132095,0.049926758,0.6328125,0.00012862682,0.013679504,0.03744507,0.009963989,0.00018978119,0.00029087067,0.00491333,0.00055742264,0.018753052,0.055236816,0.01725769,0.014122009,0.0028457642,0.0003402233,0.0008802414,0.006729126,0.00055122375,0.0010414124,0.42944336,0.47387695,0.0035171509,0.17077637,0.017440796,0.017608643,0.0000020861626,0.0000023245811,0
0.0000023245811,0.00011634827,0.00008791685,0.80810547,0.90234375,0.71191406,0.0013170242,0.00001090765,4.7683716e-7,0.013298035,0.3503418,0.084350586,0.2619629,0.34594727,0.062347412,0.02720642,0.22937012,0.3474121,0.13146973,0.13110352,0.1907959,0.2800293,0.0036563873,0.002614975,0.00016462803,0.59375,0.3894043,0.0020160675,0.006565094,0.23730469,0.068725586,0.016906738,0.021347046,0.0000024437904,0.47509766,0.3244629,0.019058228,0.027740479,0.0026111603,0.1619873,0.0068740845,0.0013246536,0.0029621124,0.035980225,0.16711426,0.359375,0.3659668,0.06756592,0.08428955,0.24133301,0.0000075101852,8.34465e-7,0
0.0000012516975,0.000050127506,0.000062942505,0.83203125,0.90478516,0.5571289,0.0005021095,0.0000027418137,7.1525574e-7,0.040649414,0.020477295,0.055419922,0.03704834,0.024658203,0.5258789,0.44921875,0.0062789917,0.2734375,0.2956543,0.18151855,0.16320801,0.040008545,0.028076172,0.0011539459,0.0006427765,0.8095703,0.041168213,0.0044174194,0.0158844,0.021942139,0.0025615692,0.0034599304,0.006706238,0.00003927946,0.017669678,0.061553955,0.007411957,0.011161804,0.0039978027,0.0056152344,0.0008482933,0.0038337708,0.0005283356,0.0018730164,0.7128906,0.8486328,0.02520752,0.57714844,0.00093364716,0.0017127991,0.0000029206276,0.0000013709068,0
0.0000021457672,0.1697998,0.03488159,0.041625977,0.013381958,0.10473633,0.00007683039,7.748604e-7,2.9802322e-7,0.020996094,0.06744385,0.33496094,0.2163086,0.5805664,0.0066566467,0.017730713,0.6645508,0.03778076,0.09210205,0.035858154,0.47802734,0.09814453,0.017166138,0.0009822845,0.0004119873,0.008842468,0.0062065125,0.00044822693,0.11645508,0.16320801,0.00026464462,0.00019741058,0.012611389,0.00004774332,0.09490967,0.08465576,0.041290283,0.13134766,0.0027942657,0.02734375,0.008178711,0.00881958,0.008964539,0.09039307,0.010650635,0.03778076,0.0032176971,0.002696991,0.1821289,0.45385742,5.9604645e-7,1.1920929e-7,0
0.0000023245811,0.2232666,0.037872314,0.025177002,0.009246826,0.093566895,0.000116825104,7.748604e-7,2.9802322e-7,0.028060913,0.09515381,0.265625,0.13598633,0.49829102,0.006374359,0.027938843,0.6567383,0.05831909,0.1394043,0.0637207,0.45874023,0.079589844,0.011421204,0.0013771057,0.00033831596,0.006126404,0.0030460358,0.00036978722,0.08239746,0.111450195,0.0006842613,0.000603199,0.005470276,0.000021219254,0.091796875,0.097229004,0.036956787,0.07720947,0.0017490387,0.037200928,0.0065727234,0.0070381165,0.0076026917,0.07647705,0.025756836,0.07116699,0.005821228,0.009895325,0.23840332,0.47827148,8.34465e-7,2.3841858e-7,0
5.9604645e-7,0.0012111664,0.00069999695,0.24023438,0.578125,0.15795898,0.00032544136,2.3841858e-7,1.1920929e-7,0.08428955,0.018722534,0.09039307,0.08685303,0.057769775,0.18554688,0.13928223,0.053619385,0.13354492,0.13769531,0.24304199,0.066589355,0.018081665,0.023284912,0.00055885315,0.0026168823,0.8564453,0.036193848,0.004131317,0.1015625,0.011062622,0.00011086464,0.00019085407,0.012779236,0.105773926,0.009727478,0.014732361,0.003572464,0.020828247,0.008422852,0.0000029206276,0.00042557716,0.0012950897,0.00035262108,0.006679535,0.3178711,0.6352539,0.00019419193,0.027053833,0.00014102459,0.00014996529,0.0000014305115,0.000001013279,0
5.364418e-7,0.000027239323,0.00003951788,0.8808594,0.87939453,0.6435547,0.0008234978,0.0000012516975,0.0000011920929,0.089660645,0.05404663,0.06945801,0.054351807,0.019012451,0.39916992,0.3857422,0.01979065,0.22485352,0.25195312,0.20336914,0.22277832,0.01802063,0.011772156,0.0036125183,0.00541687,0.83251953,0.021057129,0.0034046173,0.0181427,0.07196045,0.011054993,0.014595032,0.0043182373,0.00004941225,0.19348145,0.20605469,0.0027008057,0.0211792,0.0013093948,0.0012540817,0.0014343262,0.010292053,0.0001707077,0.0007944107,0.095581055,0.34960938,0.025939941,0.64453125,0.000082433224,0.00039196014,0.0000044107437,0.0000017881393,0
2.3841858e-7,0.00063467026,0.00068092346,0.55029297,0.5703125,0.060394287,0.0002565384,2.9802322e-7,5.9604645e-8,0.31640625,0.27416992,0.10595703,0.12646484,0.19104004,0.1340332,0.0637207,0.078063965,0.10333252,0.08441162,0.55322266,0.3544922,0.005355835,0.00087213516,0.0016183853,0.045928955,0.6508789,0.0063705444,0.0021362305,0.07537842,0.18029785,0.00013399124,0.00016462803,0.05618286,0.0014972687,0.18554688,0.14172363,0.0016107559,0.027069092,0.0069236755,0.00009006262,0.00064611435,0.0030345917,0.00020849705,0.005176544,0.0055618286,0.019042969,0.0004491806,0.0023326874,0.0005364418,0.0026226044,0.0000036358833,5.9604645e-7,0
5.9604645e-8,0.000040113926,0.0000269413,0.81152344,0.85595703,0.32006836,0.0001360178,2.3841858e-7,1.1920929e-7,0.35595703,0.25683594,0.41210938,0.37817383,0.042785645,0.23376465,0.23010254,0.029006958,0.026245117,0.021484375,0.2565918,0.30444336,0.007751465,0.0010051727,0.0011911392,0.118652344,0.17810059,0.00020074844,0.0006170273,0.0019683838,0.0066223145,0.0019950867,0.0013895035,0.01210022,0.0012130737,0.44873047,0.30859375,0.002407074,0.03161621,0.006401062,0.000059843063,0.009414673,0.032348633,0.0014591217,0.009277344,0.000110805035,0.00016212463,0.0031433105,0.000828743,0.0069999695,0.022659302,0.000002682209,2.3841858e-7,0
2.3841858e-7,0.00010687113,0.00016355515,0.7626953,0.8178711,0.23803711,0.0003914833,0.0000024437904,1.1920929e-7,0.17553711,0.15905762,0.44677734,0.39648438,0.037506104,0.15112305,0.1706543,0.07373047,0.022857666,0.015716553,0.22680664,0.14501953,0.010749817,0.0047836304,0.002117157,0.0033740997,0.6064453,0.15075684,0.00049352646,0.06298828,0.26782227,0.00037646294,0.00038981438,0.045410156,0.00062417984,0.28759766,0.24841309,0.0022659302,0.0345459,0.014015198,0.00047302246,0.0035705566,0.0015487671,0.000831604,0.033447266,0.005180359,0.01398468,0.0005912781,0.0017614365,0.00039315224,0.001709938,0.0000044107437,0.0000011920929,0
9.536743e-7,0.00034570694,0.00022566319,0.6381836,0.5541992,0.66748047,0.0005545616,0.000002026558,0.000001013279,0.23376465,0.110839844,0.13720703,0.1340332,0.026306152,0.32080078,0.3071289,0.019302368,0.08972168,0.09387207,0.5727539,0.35375977,0.0032348633,0.011459351,0.0005583763,0.00018882751,0.5307617,0.058532715,0.005142212,0.049316406,0.0030612946,0.00010532141,0.00013256073,0.009719849,0.012908936,0.07086182,0.09838867,0.04144287,0.011650085,0.0052757263,0.00001579523,0.002046585,0.008178711,0.00035762787,0.0028858185,0.86572266,0.72509766,0.031433105,0.014701843,0.007820129,0.0038928986,0.0000022053719,0.0000016093254,0
5.9604645e-8,0.0046653748,0.035491943,0.17700195,0.31469727,0.008483887,0.000119030476,0.0,5.9604645e-8,0.49389648,0.69628906,0.13879395,0.75,0.4194336,0.1751709,0.012435913,0.07739258,0.15893555,0.0028057098,0.7885742,0.2487793,0.0038375854,0.00008100271,0.0008921623,0.05984497,0.52441406,0.0019254684,0.0069122314,0.0025787354,0.009963989,0.00030755997,0.0003695488,0.0015306473,0.020523071,0.04043579,0.020401001,0.0009803772,0.078552246,0.0011606216,0.0000026226044,0.00043058395,0.0040016174,0.00024819374,0.0006427765,0.0037441254,0.02607727,0.0005207062,0.032409668,0.000033974648,0.00022923946,0.0000012516975,2.9802322e-7,0
1.1920929e-7,0.0001565218,0.0001399517,0.6323242,0.8095703,0.3449707,0.0004644394,0.0000013113022,5.9604645e-8,0.24438477,0.35351562,0.119018555,0.119018555,0.40112305,0.037353516,0.021011353,0.3503418,0.15307617,0.1295166,0.39404297,0.38964844,0.007396698,0.001203537,0.0013656616,0.00022852421,0.8964844,0.32226562,0.0011758804,0.010116577,0.042907715,0.0062713623,0.009170532,0.017959595,0.0006170273,0.1907959,0.1998291,0.0013141632,0.01838684,0.013793945,0.00015676022,0.00077581406,0.0004746914,0.00009781122,0.0015611649,0.011520386,0.028808594,0.0043525696,0.09320068,0.000033676624,0.00006324053,0.000004827976,7.748604e-7,0
2.3841858e-7,0.03338623,0.00018846989,0.42944336,0.088256836,0.67089844,0.00022852421,0.0000014901161,5.9604645e-8,0.2055664,0.06298828,0.4777832,0.4790039,0.56152344,0.006515503,0.008308411,0.59375,0.015266418,0.016952515,0.3317871,0.111206055,0.0052375793,0.0138549805,0.00020241737,0.030410767,0.8413086,0.00233078,0.0013723373,0.019683838,0.15063477,0.0031147003,0.0020542145,0.049224854,0.017990112,0.08642578,0.029418945,0.0036010742,0.04660034,0.061462402,0.00001013279,0.0039520264,0.0006995201,0.0036621094,0.015533447,0.0014533997,0.0016269684,0.0054969788,0.00048589706,0.00075244904,0.0013666153,6.556511e-7,0.0000010728836,0
3.5762787e-7,0.0008921623,0.0006661415,0.46166992,0.47924805,0.22290039,0.00012564659,1.1920929e-7,2.3841858e-7,0.020767212,0.008552551,0.019165039,0.015579224,0.010231018,0.38354492,0.40429688,0.017227173,0.36376953,0.37890625,0.09100342,0.121520996,0.030899048,0.026138306,0.00068855286,0.17565918,0.6430664,0.000057458878,0.0064353943,0.003709793,0.018432617,0.00083875656,0.0010519028,0.0019454956,0.00091457367,0.019454956,0.018417358,0.009223938,0.11804199,0.00051021576,0.00006020069,0.00070619583,0.006134033,0.0005464554,0.0009493828,0.024841309,0.07421875,0.007446289,0.1986084,0.00018382072,0.00044727325,0.000001013279,7.1525574e-7,0
0.0000010728836,0.00035953522,0.000207901,0.7324219,0.6508789,0.49023438,0.0004246235,0.0000015497208,6.556511e-7,0.27514648,0.17956543,0.40673828,0.39868164,0.066589355,0.13635254,0.1081543,0.03488159,0.026153564,0.018493652,0.6123047,0.32006836,0.0028057098,0.0053138733,0.00059747696,0.00084781647,0.60058594,0.0032997131,0.01259613,0.019714355,0.0028972626,0.00020158291,0.0002143383,0.011131287,0.008720398,0.02279663,0.043273926,0.023849487,0.014724731,0.014144897,0.000044822693,0.0010547638,0.0030269623,0.00087690353,0.0023555756,0.8510742,0.81884766,0.023345947,0.02658081,0.04446411,0.03744507,0.0000012516975,0.0000012516975,0
1.1920929e-7,0.00005608797,0.00005340576,0.8125,0.8466797,0.56591797,0.00009959936,1.1920929e-7,1.1920929e-7,0.17871094,0.21826172,0.09869385,0.14538574,0.2746582,0.027908325,0.03881836,0.25927734,0.12890625,0.09295654,0.5888672,0.39257812,0.010734558,0.0014772415,0.0008196831,0.04159546,0.16491699,0.000055134296,0.0072746277,0.0007314682,0.001291275,0.009246826,0.007858276,0.0008454323,0.00040769577,0.04776001,0.04562378,0.0104904175,0.047027588,0.0011787415,0.00009423494,0.009941101,0.11834717,0.00015807152,0.00012624264,0.00017619133,0.00020897388,0.0287323,0.04055786,0.000021398067,0.000028967857,8.34465e-7,3.5762787e-7,0
5.364418e-7,0.000026285648,0.000039577484,0.8828125,0.8935547,0.6435547,0.0012130737,0.0000011920929,0.0000014901161,0.079589844,0.060028076,0.070739746,0.056396484,0.028503418,0.3088379,0.31103516,0.03237915,0.23925781,0.26611328,0.22009277,0.234375,0.022354126,0.011543274,0.0054359436,0.0096588135,0.84521484,0.012565613,0.0027999878,0.016403198,0.08557129,0.01586914,0.019104004,0.004547119,0.000042259693,0.3894043,0.3942871,0.0027580261,0.020568848,0.0009813309,0.0011806488,0.0015745163,0.016143799,0.0001629591,0.0007376671,0.08685303,0.31591797,0.033966064,0.66748047,0.00016880035,0.00088882446,0.0000051259995,0.0000022053719,0
0.0000022053719,0.000039339066,0.00009417534,0.92041016,0.9824219,0.96875,0.0023593903,0.000006020069,0.0000039339066,0.009284973,0.008651733,0.08508301,0.10870361,0.12719727,0.13427734,0.12243652,0.12036133,0.33911133,0.2993164,0.1105957,0.008232117,0.5786133,0.114746094,0.0036182404,0.004940033,0.78125,0.031951904,0.0015869141,0.031204224,0.0413208,0.29467773,0.30004883,0.041290283,0.0002734661,0.8300781,0.35253906,0.013267517,0.02470398,0.0035514832,0.0015277863,0.003917694,0.013877869,0.00094747543,0.01676941,0.00907135,0.008979797,0.12756348,0.15356445,0.025894165,0.009719849,0.00004941225,0.0000046491623,0
0.0000019669533,0.15600586,0.06439209,0.03173828,0.019760132,0.01965332,0.0004246235,0.0000011920929,4.172325e-7,0.19628906,0.035186768,0.16967773,0.078430176,0.43408203,0.007637024,0.017608643,0.42236328,0.0496521,0.10241699,0.25585938,0.35180664,0.004535675,0.008323669,0.0020923615,0.09710693,0.42529297,0.00017654896,0.0031909943,0.011039734,0.04812622,0.0011882782,0.0011739731,0.013122559,0.0001989603,0.16992188,0.1973877,0.027770996,0.08935547,0.0005531311,0.00035333633,0.0040512085,0.012298584,0.00047421455,0.008483887,0.16906738,0.27612305,0.020874023,0.031341553,0.0036964417,0.010482788,7.748604e-7,0.0000062584877,0
2.9802322e-7,0.000007867813,0.000005722046,0.94970703,0.9511719,0.9350586,0.00027155876,5.364418e-7,0.0000014305115,0.033203125,0.02229309,0.13647461,0.16088867,0.074157715,0.07849121,0.08190918,0.078430176,0.11529541,0.076538086,0.36254883,0.13757324,0.039093018,0.048858643,0.00031757355,0.009666443,0.92285156,0.0057525635,0.013900757,0.17480469,0.1418457,0.000020086765,0.000048816204,0.015357971,0.0036792755,0.049041748,0.047851562,0.006587982,0.021438599,0.07305908,0.00064754486,0.022033691,0.07305908,0.00078582764,0.0003247261,0.00010716915,0.00013041496,0.00002002716,0.0007119179,0.00006890297,0.00003182888,0.00000166893,5.364418e-7,0
3.5762787e-7,0.000038027763,0.000041365623,0.81152344,0.9370117,0.86376953,0.00083589554,0.0000010728836,0.0000023841858,0.010246277,0.0052833557,0.031707764,0.022399902,0.58251953,0.0042800903,0.004714966,0.5683594,0.39111328,0.39648438,0.065979004,0.12225342,0.0881958,0.14990234,0.0016412735,0.013381958,0.90478516,0.0037593842,0.0016832352,0.35595703,0.1850586,0.0003991127,0.0008225441,0.02609253,0.011505127,0.71972656,0.65966797,0.007663727,0.018615723,0.014755249,0.000019550323,0.0024261475,0.00869751,0.0001989603,0.0025253296,0.010513306,0.013412476,0.000626564,0.00932312,0.0039367676,0.0027656555,0.000003516674,0.0000029206276,0
8.940697e-7,0.00091457367,0.0005955696,0.59375,0.60302734,0.5834961,0.00011605024,0.000002026558,9.536743e-7,0.007911682,0.010887146,0.07531738,0.08996582,0.05908203,0.24499512,0.21264648,0.038024902,0.2286377,0.18811035,0.14233398,0.013252258,0.25024414,0.0826416,0.0006480217,0.0016393661,0.7290039,0.029937744,0.010551453,0.004295349,0.0362854,0.18981934,0.18847656,0.026168823,0.000011861324,0.077697754,0.029144287,0.002319336,0.03289795,0.0039787292,0.010154724,0.003124237,0.010620117,0.00095033646,0.00242424,0.00036478043,0.0009293556,0.03668213,0.12792969,0.00044822693,0.0008945465,0.000002503395,4.172325e-7,0
9.536743e-7,0.0065727234,0.0004787445,0.84472656,0.2685547,0.60058594,0.0039405823,0.0000033974648,5.364418e-7,0.23596191,0.19885254,0.2548828,0.22766113,0.06109619,0.2746582,0.28930664,0.035888672,0.08251953,0.082458496,0.13891602,0.56347656,0.009468079,0.022491455,0.010093689,0.0519104,0.86328125,0.0002708435,0.004043579,0.15820312,0.57470703,0.13012695,0.1484375,0.011299133,0.008224487,0.8823242,0.8647461,0.012504578,0.043395996,0.0014219284,0.00005811453,0.004573822,0.023651123,0.0017347336,0.011245728,0.07421875,0.054656982,0.09613037,0.13879395,0.36035156,0.30493164,0.00000667572,0.0000022649765,0
4.172325e-7,0.14672852,0.00086832047,0.092285156,0.053466797,0.6166992,0.00030207634,0.0000030398369,0.0,0.23461914,0.07116699,0.5307617,0.53808594,0.47875977,0.008964539,0.015991211,0.51416016,0.013931274,0.0126571655,0.34570312,0.07043457,0.0061683655,0.014884949,0.00014317036,0.0028533936,0.8852539,0.020401001,0.0013437271,0.011795044,0.34448242,0.011657715,0.008117676,0.10913086,0.011932373,0.035736084,0.008079529,0.0021209717,0.07318115,0.040161133,0.000012755394,0.0016784668,0.00013947487,0.0035991669,0.08477783,0.010757446,0.027908325,0.013397217,0.0022830963,0.0009794235,0.0027637482,5.364418e-7,0.00000166893,0
1.7881393e-7,0.0001244545,0.00015306473,0.7607422,0.84765625,0.30029297,0.00028657913,0.0000030398369,1.1920929e-7,0.17028809,0.11785889,0.5727539,0.51708984,0.4465332,0.008895874,0.018859863,0.47094727,0.013931274,0.0087890625,0.25610352,0.15966797,0.01108551,0.005962372,0.001572609,0.00831604,0.6254883,0.09222412,0.0004506111,0.06549072,0.30297852,0.00018763542,0.00015556812,0.06756592,0.0008158684,0.31591797,0.26586914,0.0023384094,0.02935791,0.029006958,0.00067424774,0.0039253235,0.0021705627,0.00084114075,0.035186768,0.002735138,0.006641388,0.0004940033,0.00070619583,0.00040555,0.0017442703,0.000003695488,0.0000013709068,0
3.5762787e-7,0.0006632805,0.00050354004,0.49780273,0.5317383,0.26098633,0.00012648106,1.1920929e-7,2.3841858e-7,0.019073486,0.008743286,0.01838684,0.015296936,0.00920105,0.4140625,0.4309082,0.015205383,0.37573242,0.38623047,0.09710693,0.121520996,0.0345459,0.025650024,0.0007157326,0.18493652,0.6376953,0.00005298853,0.0062942505,0.003019333,0.018844604,0.0009703636,0.0012016296,0.0017089844,0.0007214546,0.024002075,0.021347046,0.008522034,0.1239624,0.00045609474,0.00007253885,0.00076675415,0.0070877075,0.0005078316,0.00077056885,0.017807007,0.05569458,0.0070724487,0.19262695,0.0001603365,0.0004017353,0.0000010728836,6.556511e-7,0
6.556511e-7,0.000022053719,0.000018239021,0.94677734,0.97753906,0.9086914,0.000067174435,5.364418e-7,4.172325e-7,0.003791809,0.0076675415,0.0146865845,0.011665344,0.026931763,0.43554688,0.41674805,0.013038635,0.5957031,0.5727539,0.01789856,0.051239014,0.38134766,0.109680176,0.0002641678,0.048431396,0.51416016,0.0031108856,0.01309967,0.013702393,0.07006836,0.0008907318,0.00048184395,0.17321777,0.00093507767,0.07757568,0.02067566,0.0028915405,0.017044067,0.14709473,0.0011253357,0.009277344,0.17224121,0.0027713776,0.007019043,0.000020742416,0.000017762184,0.0034122467,0.00067424774,0.0028743744,0.0009536743,0.0000015497208,5.9604645e-8,0
2.9802322e-7,0.000020623207,0.000025749207,0.8803711,0.9555664,0.88671875,0.0010023117,0.0000011324883,0.0000017881393,0.009986877,0.014282227,0.087524414,0.08111572,0.01953125,0.18640137,0.21569824,0.039886475,0.20178223,0.21459961,0.10357666,0.18310547,0.10601807,0.07141113,0.0017461777,0.008346558,0.9267578,0.004550934,0.0012245178,0.17883301,0.20678711,0.0012016296,0.0027484894,0.036315918,0.004901886,0.6357422,0.6040039,0.002506256,0.014770508,0.021881104,0.00004094839,0.0025901794,0.0046463013,0.00029540062,0.0033950806,0.009307861,0.0184021,0.00041007996,0.022827148,0.0050697327,0.0053634644,0.000004529953,0.000003516674,0
3.5762787e-7,0.000014543533,0.000019073486,0.90234375,0.95996094,0.84472656,0.0009660721,0.000001013279,0.0000023245811,0.017227173,0.0158844,0.08001709,0.053710938,0.09246826,0.074401855,0.066345215,0.07598877,0.2397461,0.27294922,0.12249756,0.32617188,0.062561035,0.062316895,0.0028800964,0.013893127,0.9165039,0.0020961761,0.002407074,0.39160156,0.25170898,0.00047278404,0.0008325577,0.038238525,0.010940552,0.6230469,0.5649414,0.008171082,0.026885986,0.010864258,0.0000166893,0.0017290115,0.005924225,0.000117599964,0.0012426376,0.11462402,0.18469238,0.0023002625,0.022964478,0.003894806,0.005203247,0.0000026226044,0.0000024437904,0
4.172325e-7,0.00004941225,0.000054478645,0.7788086,0.9213867,0.83740234,0.0007658005,0.0000011920929,0.0000023841858,0.009002686,0.004589081,0.027267456,0.020187378,0.59716797,0.004306793,0.0041046143,0.5810547,0.41870117,0.41503906,0.06506348,0.11022949,0.09552002,0.1665039,0.0014371872,0.012283325,0.91308594,0.003900528,0.0016393661,0.34350586,0.19604492,0.00041151047,0.0008845329,0.030212402,0.008392334,0.6542969,0.6088867,0.007007599,0.017623901,0.018600464,0.000028789043,0.0026435852,0.007194519,0.00022494793,0.0029258728,0.008506775,0.011123657,0.00046873093,0.009628296,0.0036525726,0.0024490356,0.0000036358833,0.0000029802322,0
2.9802322e-7,0.012771606,0.012237549,0.0803833,0.24865723,0.05105591,0.00012373924,2.3841858e-7,5.9604645e-8,0.35058594,0.46142578,0.039093018,0.12805176,0.45654297,0.008346558,0.015235901,0.51660156,0.3022461,0.123413086,0.66845703,0.31860352,0.004878998,0.00030255318,0.00033855438,0.021865845,0.828125,0.002494812,0.0028095245,0.0015106201,0.00894928,0.054779053,0.075683594,0.0051345825,0.0002206564,0.029205322,0.029403687,0.00034332275,0.0060653687,0.009727478,0.00022876263,0.0008568764,0.002576828,0.00042700768,0.0014181137,0.00022184849,0.0007419586,0.002084732,0.075805664,0.000035107136,0.0001654625,0.0000044703484,0.0000017285347,0
0.0000028014183,0.017044067,0.008781433,0.47802734,0.11053467,0.15234375,0.0016822815,0.000004887581,5.364418e-7,0.24804688,0.06414795,0.05126953,0.071899414,0.33422852,0.06173706,0.053344727,0.29174805,0.30541992,0.30297852,0.7285156,0.29638672,0.010505676,0.023651123,0.0015325546,0.003578186,0.5083008,0.010093689,0.008239746,0.11303711,0.4597168,0.017929077,0.0129852295,0.002696991,0.000026226044,0.3564453,0.16271973,0.007865906,0.03451538,0.00021314621,0.010261536,0.0042762756,0.007549286,0.0020751953,0.026657104,0.36987305,0.5751953,0.12585449,0.032287598,0.050872803,0.124938965,0.0000029206276,0.0000019073486,0
3.5762787e-7,0.078186035,0.039855957,0.05569458,0.047973633,0.025360107,0.00023531914,3.5762787e-7,1.1920929e-7,0.5600586,0.546875,0.2980957,0.29052734,0.5390625,0.008232117,0.011566162,0.52490234,0.044158936,0.037078857,0.4975586,0.5024414,0.0015649796,0.00016319752,0.0009112358,0.0062446594,0.86328125,0.0046539307,0.001613617,0.0050201416,0.019897461,0.006122589,0.009162903,0.024353027,0.00016832352,0.050567627,0.12054443,0.0009880066,0.004901886,0.0085372925,0.00044250488,0.0002822876,0.0009484291,0.00006556511,0.00207901,0.010932922,0.031021118,0.0055770874,0.18664551,0.00022470951,0.0005412102,0.0000030398369,0.0000023841858,0
1.7881393e-7,0.030273438,0.029083252,0.08782959,0.08312988,0.015594482,0.00008869171,5.9604645e-8,5.9604645e-8,0.4248047,0.43432617,0.041656494,0.11401367,0.12561035,0.2199707,0.111450195,0.033966064,0.27539062,0.13330078,0.7055664,0.47973633,0.0047302246,0.00025320053,0.0002193451,0.08148193,0.44213867,0.001572609,0.015563965,0.00068712234,0.014060974,0.0075912476,0.0039749146,0.0017499924,0.00027680397,0.08782959,0.027664185,0.0007586479,0.029281616,0.005882263,0.00010585785,0.009925842,0.07019043,0.0022468567,0.00027871132,0.000007688999,0.000019788742,0.0021762848,0.00068855286,0.000014662743,0.00013029575,6.556511e-7,1.7881393e-7,0
1.1920929e-7,0.0004620552,0.00009161234,0.7290039,0.56103516,0.124694824,0.00018668175,2.9802322e-7,0.0,0.37719727,0.38012695,0.46118164,0.45410156,0.3034668,0.10668945,0.039489746,0.18835449,0.017944336,0.013168335,0.46533203,0.45947266,0.0033683777,0.00050258636,0.001420021,0.08154297,0.6459961,0.0015764236,0.005821228,0.012908936,0.41455078,0.0044517517,0.002506256,0.004951477,0.000330925,0.07696533,0.028579712,0.0027866364,0.06500244,0.0016040802,0.00016331673,0.0018167496,0.0013256073,0.000323534,0.00045514107,0.0035991669,0.012527466,0.010864258,0.0027694702,0.000020563602,0.000151515,7.1525574e-7,1.7881393e-7,0
0.0000010728836,0.11407471,0.05291748,0.054138184,0.010620117,0.06274414,0.000056505203,3.5762787e-7,4.172325e-7,0.0132369995,0.04437256,0.28564453,0.26098633,0.23925781,0.014221191,0.09106445,0.48339844,0.044067383,0.056549072,0.055603027,0.11077881,0.19262695,0.020233154,0.00064086914,0.0005054474,0.0017757416,0.0014305115,0.000058710575,0.09643555,0.05114746,0.00048208237,0.00030875206,0.010101318,0.00015747547,0.037322998,0.05343628,0.059448242,0.054473877,0.024017334,0.011253357,0.011947632,0.010353088,0.031585693,0.12854004,0.0011043549,0.0014047623,0.004337311,0.00042247772,0.24853516,0.3256836,0.000002026558,5.9604645e-8,0
1.7881393e-7,0.0005774498,0.000500679,0.61328125,0.6323242,0.054748535,0.00021374226,1.7881393e-7,5.9604645e-8,0.33032227,0.25073242,0.056549072,0.09429932,0.21081543,0.39648438,0.07922363,0.014297485,0.1583252,0.11212158,0.5102539,0.33911133,0.0048828125,0.0011606216,0.0015211105,0.042419434,0.67041016,0.0096206665,0.0020217896,0.17578125,0.22753906,0.00006592274,0.00008493662,0.05319214,0.0070152283,0.16906738,0.11077881,0.0016880035,0.033477783,0.005832672,0.000017523766,0.0005030632,0.0024795532,0.00021827221,0.005584717,0.009384155,0.032165527,0.00031924248,0.0016937256,0.0006146431,0.0030136108,0.0000034570694,2.9802322e-7,0
4.172325e-7,0.000037014484,0.000043213367,0.82470703,0.91748047,0.75927734,0.0012016296,0.0000017881393,0.0000017881393,0.061798096,0.038024902,0.1529541,0.113098145,0.28173828,0.02331543,0.018615723,0.2421875,0.121276855,0.14697266,0.27661133,0.4194336,0.020690918,0.031799316,0.0024318695,0.011703491,0.9301758,0.0018119812,0.0010967255,0.41503906,0.19824219,0.0014190674,0.0024738312,0.044769287,0.013793945,0.5024414,0.5517578,0.0049476624,0.011260986,0.011375427,0.000009000301,0.001247406,0.002571106,0.00017869473,0.00434494,0.14025879,0.18261719,0.0035305023,0.020874023,0.028213501,0.025512695,0.0000030994415,0.0000039339066,0
4.7683716e-7,0.0035076141,0.000027954578,0.8959961,0.34985352,0.9033203,0.0017881393,0.0000011920929,4.172325e-7,0.03250122,0.038330078,0.08148193,0.07208252,0.026367188,0.37182617,0.42089844,0.01940918,0.27612305,0.27001953,0.11529541,0.117492676,0.1385498,0.06842041,0.0024547577,0.6166992,0.95751953,0.000036120415,0.0019330978,0.025634766,0.44018555,0.08630371,0.072753906,0.012710571,0.057891846,0.82177734,0.8046875,0.0017843246,0.031234741,0.013183594,0.000016152859,0.00756073,0.01876831,0.0019483566,0.017822266,0.0015029907,0.0022850037,0.0118255615,0.027069092,0.06982422,0.1496582,0.000008404255,5.9604645e-7,0
0.000003516674,0.018844604,0.015617371,0.022659302,0.20129395,0.09295654,0.00013434887,5.364418e-7,1.1920929e-7,0.07696533,0.09173584,0.016799927,0.019699097,0.029449463,0.19763184,0.22265625,0.044525146,0.38720703,0.38452148,0.6796875,0.59765625,0.0079422,0.004135132,0.00016105175,0.005252838,0.62060547,0.00008928776,0.6064453,0.010566711,0.027130127,0.0007648468,0.0007338524,0.00032567978,0.000026881695,0.0036411285,0.0035324097,0.12182617,0.1665039,0.00069236755,0.026123047,0.015151978,0.012229919,0.009460449,0.0012979507,0.011817932,0.011375427,0.0054740906,0.0056533813,0.00004386902,0.00005221367,1.1920929e-7,0.0000010728836,0
4.172325e-7,0.0012493134,0.0007033348,0.38110352,0.52001953,0.083740234,0.000042915344,2.3841858e-7,5.9604645e-8,0.04449463,0.05596924,0.036071777,0.044769287,0.01322937,0.6166992,0.6142578,0.002609253,0.21875,0.20996094,0.4482422,0.32495117,0.018447876,0.0057525635,0.00015985966,0.035736084,0.5336914,0.0011940002,0.0034751892,0.013977051,0.00491333,0.0158844,0.024047852,0.00045347214,0.07714844,0.0039634705,0.004310608,0.0016860962,0.031097412,0.0012893677,5.364418e-7,0.005191803,0.0005931854,0.021606445,0.013916016,0.00089645386,0.002286911,0.0007634163,0.009666443,0.00014841557,0.0005159378,0.0000011324883,2.3841858e-7,0
4.172325e-7,0.000027656555,0.000022888184,0.88378906,0.9370117,0.8769531,0.0010547638,0.0000014901161,0.0000028014183,0.009963989,0.008476257,0.07800293,0.0690918,0.19262695,0.03048706,0.03414917,0.1887207,0.22692871,0.25170898,0.10845947,0.11218262,0.10473633,0.11553955,0.0020637512,0.018676758,0.9277344,0.0014867783,0.001288414,0.31884766,0.19213867,0.0012159348,0.0036563873,0.03756714,0.005302429,0.6118164,0.6401367,0.003786087,0.021408081,0.017471313,0.000028550625,0.0022888184,0.0037651062,0.00023424625,0.0029087067,0.026473999,0.05166626,0.0005764961,0.07354736,0.00970459,0.0069999695,0.000005364418,0.0000042915344,0
0.0000014901161,0.0010948181,0.0009946823,0.5185547,0.7578125,0.77685547,0.0010528564,0.0000010728836,0.0000024437904,0.1899414,0.27514648,0.043304443,0.10839844,0.08807373,0.25439453,0.15563965,0.035125732,0.38549805,0.23815918,0.4831543,0.3005371,0.036132812,0.003643036,0.0032615662,0.025253296,0.515625,0.0044517517,0.001613617,0.018875122,0.011001587,0.045043945,0.04144287,0.014045715,0.00045609474,0.85009766,0.56152344,0.018707275,0.03540039,0.0006518364,0.00021791458,0.0028457642,0.029968262,0.0006284714,0.0070533752,0.006340027,0.008361816,0.34228516,0.1697998,0.034484863,0.023971558,0.000032246113,0.0000022053719,0
0.00000333786,0.0024986267,0.0005097389,0.73339844,0.8671875,0.8598633,0.0000037550926,4.172325e-7,5.9604645e-8,0.23950195,0.56640625,0.016983032,0.017028809,0.013114929,0.20239258,0.20373535,0.019851685,0.5493164,0.5756836,0.18640137,0.47436523,0.009048462,0.0053253174,0.0000011324883,0.009849548,0.0018062592,0.000011146069,0.0004348755,0.00015676022,0.0042037964,0.002002716,0.0013685226,0.0075187683,0.002981186,0.000037550926,0.000005841255,0.023132324,0.06738281,0.12841797,0.0011310577,0.0032463074,0.009239197,0.74902344,0.56103516,0.00091552734,0.0005106926,0.0016021729,0.000107467175,0.01398468,0.020706177,8.34465e-7,3.5762787e-7,0
4.7683716e-7,0.0000140070915,0.00000923872,0.93603516,0.94628906,0.93115234,0.0008983612,0.0000019073486,0.0000029802322,0.016204834,0.013465881,0.15148926,0.16113281,0.06616211,0.06896973,0.091918945,0.10058594,0.11920166,0.11047363,0.1751709,0.117004395,0.06982422,0.09185791,0.001159668,0.016677856,0.93847656,0.0023117065,0.0016975403,0.16723633,0.13659668,0.0018472672,0.0047912598,0.02053833,0.002664566,0.4423828,0.4506836,0.006023407,0.027740479,0.010284424,0.00010460615,0.0075187683,0.013824463,0.00066423416,0.0035686493,0.004787445,0.0072746277,0.0003490448,0.020690918,0.0036029816,0.0025253296,0.0000046491623,0.000004887581,0
0.0000022649765,0.00004607439,0.00001835823,0.96240234,0.8901367,0.84472656,0.000875473,0.0000020861626,0.0000019669533,0.08856201,0.008506775,0.018035889,0.015319824,0.17028809,0.08087158,0.078552246,0.15466309,0.5371094,0.49731445,0.2783203,0.22460938,0.047027588,0.089782715,0.0029888153,0.21569824,0.8339844,0.000029742718,0.027816772,0.02319336,0.16040039,0.039794922,0.04763794,0.005558014,0.009666443,0.04046631,0.055786133,0.00818634,0.061920166,0.00033211708,0.000024855137,0.005142212,0.039520264,0.00258255,0.0036830902,0.06732178,0.05581665,0.22375488,0.64208984,0.017929077,0.03451538,0.0000011324883,5.364418e-7,0
2.9802322e-7,0.000010430813,0.000007748604,0.9316406,0.96533203,0.91748047,0.0011501312,0.000003874302,0.0000022649765,0.31103516,0.14050293,0.43701172,0.37573242,0.06317139,0.19116211,0.1463623,0.025939941,0.034179688,0.05532837,0.33276367,0.46777344,0.0044136047,0.015899658,0.0035190582,0.005695343,0.9321289,0.0045814514,0.0011329651,0.3227539,0.18054199,0.0067481995,0.011238098,0.07849121,0.0071144104,0.5498047,0.6333008,0.004245758,0.008308411,0.013969421,0.000016510487,0.0011501312,0.0021839142,0.00015604496,0.0042266846,0.16064453,0.17456055,0.009338379,0.04458618,0.02746582,0.027816772,0.00000590086,0.0000042915344,0
0.000002026558,0.0006713867,0.0011281967,0.11279297,0.85595703,0.5551758,0.000111460686,2.9802322e-7,5.9604645e-7,0.0011339188,0.058013916,0.018463135,0.047424316,0.029953003,0.4345703,0.3466797,0.0071258545,0.4741211,0.2565918,0.028640747,0.13464355,0.4963379,0.009666443,0.0003080368,0.00053977966,0.045074463,0.00039076805,0.01235199,0.0047950745,0.015274048,0.40649414,0.41577148,0.0026798248,0.000015497208,0.013969421,0.010643005,0.0061416626,0.040893555,0.007461548,0.007007599,0.052368164,0.02986145,0.004436493,0.005027771,0.00061798096,0.0011510849,0.051879883,0.16040039,0.0006289482,0.00057029724,0.0000014305115,2.9802322e-7,0
2.3841858e-7,0.000008583069,0.0000062584877,0.9482422,0.94677734,0.9277344,0.0002682209,4.172325e-7,0.0000013709068,0.027755737,0.014343262,0.13232422,0.15478516,0.07684326,0.074035645,0.07727051,0.07873535,0.11090088,0.07952881,0.29736328,0.10839844,0.04260254,0.068847656,0.00032401085,0.0101623535,0.9189453,0.004623413,0.01348114,0.1854248,0.15307617,0.000015377998,0.000034034252,0.015609741,0.004585266,0.048736572,0.046813965,0.0074386597,0.02078247,0.06616211,0.0005078316,0.01637268,0.0597229,0.0006246567,0.00031542778,0.00015687943,0.00018501282,0.000027120113,0.0006079674,0.00008499622,0.000038683414,0.0000014901161,4.7683716e-7,0
4.7683716e-7,0.0010890961,0.0006599426,0.47875977,0.66064453,0.59716797,0.0008711815,0.00000166893,0.0000010728836,0.17700195,0.1854248,0.0647583,0.06585693,0.089416504,0.064575195,0.06982422,0.08679199,0.28076172,0.32006836,0.35351562,0.46264648,0.00957489,0.008094788,0.0028705597,0.06506348,0.82177734,0.00016260147,0.00053691864,0.058044434,0.034484863,0.0680542,0.10131836,0.055908203,0.020050049,0.5859375,0.5625,0.0031719208,0.007217407,0.009849548,0.0000013709068,0.00076055527,0.001001358,0.00015342236,0.0043182373,0.16394043,0.15063477,0.06506348,0.16149902,0.029724121,0.024047852,0.000006020069,0.0000086426735,0
3.5762787e-7,0.00002104044,0.000014066696,0.90625,0.94433594,0.91064453,0.0010509491,0.0000014901161,0.0000029802322,0.010986328,0.008621216,0.093688965,0.0869751,0.16174316,0.038360596,0.04006958,0.15551758,0.19348145,0.20983887,0.11199951,0.09820557,0.09637451,0.12023926,0.00207901,0.017929077,0.92285156,0.0014009476,0.0014410019,0.3010254,0.1907959,0.0013771057,0.0037078857,0.040649414,0.005443573,0.57958984,0.6064453,0.0041236877,0.020935059,0.01739502,0.000028669834,0.0023059845,0.003698349,0.00023019314,0.0028457642,0.029769897,0.056121826,0.000808239,0.059692383,0.00919342,0.007282257,0.0000049471855,0.0000039339066,0
0.0000014901161,0.00044083595,0.000197649,0.7944336,0.7548828,0.7578125,0.0001398325,0.0000020861626,0.0000022053719,0.005329132,0.0051994324,0.07183838,0.0725708,0.072143555,0.19274902,0.15942383,0.061157227,0.23803711,0.21228027,0.11871338,0.008995056,0.30566406,0.16809082,0.0005207062,0.0027217865,0.65771484,0.03387451,0.013267517,0.008735657,0.013084412,0.2939453,0.26611328,0.044281006,0.000020444393,0.08148193,0.062561035,0.0036754608,0.018356323,0.007949829,0.0067710876,0.008651733,0.027420044,0.0022602081,0.0023765564,0.00005531311,0.00007712841,0.024627686,0.0209198,0.00063705444,0.001537323,0.0000025629997,4.7683716e-7,0
0.0000019073486,0.0008788109,0.0008354187,0.63964844,0.6660156,0.2705078,0.0011987686,0.00000166893,0.000001013279,0.12145996,0.1027832,0.062927246,0.07312012,0.32910156,0.19299316,0.013580322,0.040802002,0.3173828,0.29052734,0.49243164,0.70947266,0.011100769,0.01524353,0.0014810562,0.011405945,0.81396484,0.0012025833,0.0026569366,0.07116699,0.10003662,0.007217407,0.007835388,0.00944519,0.00067043304,0.30297852,0.28686523,0.01398468,0.03213501,0.0016307831,0.00007790327,0.0033454895,0.01586914,0.0013942719,0.0018844604,0.73046875,0.7783203,0.018341064,0.033721924,0.09661865,0.1328125,0.0000014305115,0.0000044703484,0
3.5762787e-7,0.000011086464,0.0000150203705,0.9223633,0.9682617,0.9169922,0.0012817383,0.000001013279,0.0000029206276,0.0129470825,0.0104522705,0.052337646,0.03515625,0.104003906,0.054504395,0.06427002,0.10522461,0.3408203,0.3720703,0.095825195,0.15942383,0.09161377,0.08502197,0.0031547546,0.017608643,0.90283203,0.0016803741,0.001584053,0.30395508,0.19360352,0.0010309219,0.0022716522,0.025726318,0.015563965,0.74853516,0.71240234,0.0061683655,0.030197144,0.010955811,0.000009417534,0.0019874573,0.005027771,0.00016057491,0.0017137527,0.06149292,0.11602783,0.0019512177,0.066101074,0.006187439,0.0075569153,0.000004529953,0.0000032782555,0
8.34465e-7,0.0001887083,0.000051259995,0.64697266,0.7446289,0.69384766,0.00040459633,2.9802322e-7,7.748604e-7,0.06616211,0.027740479,0.027740479,0.019607544,0.058563232,0.1817627,0.1529541,0.018173218,0.44189453,0.4338379,0.38183594,0.52734375,0.011703491,0.026153564,0.0012512207,0.051605225,0.65234375,0.000116586685,0.029663086,0.041534424,0.012992859,0.00045108795,0.0005373955,0.0033740997,0.028686523,0.026321411,0.039367676,0.049468994,0.052459717,0.000620842,0.0000026226044,0.0023651123,0.019683838,0.00029277802,0.00031495094,0.14648438,0.10668945,0.018936157,0.017745972,0.00072050095,0.00029039383,7.748604e-7,0.000001013279,0
2.3841858e-7,0.000009655952,0.000007748604,0.9199219,0.9741211,0.94091797,0.0015668869,0.0000022053719,0.0000017881393,0.32348633,0.18945312,0.51416016,0.484375,0.109069824,0.09197998,0.0770874,0.08508301,0.030380249,0.03778076,0.39526367,0.38964844,0.005191803,0.007873535,0.0047569275,0.01512146,0.9165039,0.002029419,0.0012702942,0.26049805,0.21679688,0.006198883,0.010810852,0.0385437,0.0065345764,0.66796875,0.73876953,0.003774643,0.010040283,0.011962891,0.000017166138,0.0016813278,0.0028076172,0.00013947487,0.0023651123,0.08630371,0.10290527,0.005142212,0.045196533,0.010421753,0.009994507,0.0000066161156,0.000004827976,0
0.0000047683716,0.0005841255,0.00018322468,0.8510742,0.4711914,0.5131836,0.0016012192,0.0000042915344,0.0000013113022,0.16101074,0.07092285,0.14465332,0.15649414,0.17956543,0.08148193,0.08074951,0.15600586,0.101257324,0.10949707,0.31176758,0.515625,0.015457153,0.015655518,0.0052108765,0.027633667,0.70410156,0.0003144741,0.03564453,0.07489014,0.4025879,0.009353638,0.009735107,0.00472641,0.00012779236,0.15136719,0.16931152,0.033416748,0.103881836,0.00025439262,0.0026931763,0.006801605,0.06274414,0.0015010834,0.005329132,0.42749023,0.4309082,0.15808105,0.4621582,0.085510254,0.21472168,0.0000013709068,0.0000016093254,0
0.0000011324883,0.0004541874,0.00037026405,0.6616211,0.74365234,0.5913086,0.00019860268,3.5762787e-7,4.7683716e-7,0.05960083,0.0758667,0.06750488,0.078063965,0.03289795,0.29174805,0.30126953,0.027679443,0.22839355,0.26293945,0.10467529,0.21362305,0.08496094,0.008995056,0.00096035004,0.035125732,0.47827148,0.0028514862,0.0138549805,0.020523071,0.034301758,0.0011692047,0.0010137558,0.0317688,0.00024843216,0.19824219,0.097717285,0.017822266,0.06173706,0.0022296906,0.00062799454,0.007221222,0.17443848,0.00086069107,0.0037498474,0.0003669262,0.0005159378,0.0075531006,0.006504059,0.0048103333,0.0021400452,0.0000017881393,2.9802322e-7,0
0.0000021457672,0.00027418137,0.00019395351,0.6064453,0.71240234,0.5317383,0.000688076,0.000001013279,4.7683716e-7,0.15490723,0.08319092,0.18591309,0.20959473,0.39160156,0.012825012,0.010223389,0.3737793,0.07269287,0.047180176,0.5854492,0.29467773,0.008323669,0.006023407,0.0008468628,0.005744934,0.6660156,0.00073194504,0.019836426,0.04534912,0.011924744,0.0002155304,0.00028133392,0.0049438477,0.0002799034,0.013298035,0.035369873,0.021377563,0.019424438,0.005466461,0.0013237,0.0015325546,0.008308411,0.0009870529,0.0011434555,0.64208984,0.71728516,0.0019702911,0.051849365,0.011657715,0.011703491,0.000001013279,0.0000034570694,0
0.0000014901161,0.00018024445,0.00041508675,0.5917969,0.8823242,0.5185547,0.00047254562,5.9604645e-7,2.3841858e-7,0.044891357,0.18066406,0.21362305,0.20202637,0.20959473,0.047454834,0.0435791,0.20617676,0.099853516,0.07281494,0.26586914,0.38842773,0.15002441,0.0038967133,0.004802704,0.0030994415,0.030960083,0.0008072853,0.0010185242,0.054748535,0.19042969,0.00028562546,0.00015449524,0.038116455,0.00008863211,0.47387695,0.40307617,0.032562256,0.08807373,0.00447464,0.0024356842,0.0074691772,0.0065574646,0.0022029877,0.033996582,0.21862793,0.4885254,0.009216309,0.01828003,0.34423828,0.6303711,7.748604e-7,2.9802322e-7,0
3.5762787e-7,0.0000052452087,0.0000049471855,0.9580078,0.9765625,0.94873047,0.0017290115,0.000001847744,0.000002682209,0.076049805,0.06530762,0.21618652,0.19445801,0.08282471,0.100097656,0.09588623,0.07080078,0.10681152,0.110839844,0.37939453,0.32348633,0.023345947,0.024917603,0.0033874512,0.021057129,0.92578125,0.0021743774,0.0017261505,0.20922852,0.33203125,0.0018625259,0.0040740967,0.012710571,0.0022182465,0.80615234,0.76708984,0.005241394,0.033416748,0.0072402954,0.0000821352,0.0043640137,0.013198853,0.0002501011,0.0014591217,0.018692017,0.037078857,0.0008673668,0.04586792,0.003622055,0.00504303,0.000007212162,0.0000046491623,0
5.364418e-7,0.04812622,0.016281128,0.078186035,0.13903809,0.022735596,0.0011844635,0.0000014901161,5.9604645e-8,0.11920166,0.053588867,0.35424805,0.2998047,0.10583496,0.11785889,0.06970215,0.0982666,0.034973145,0.030838013,0.30004883,0.096191406,0.016815186,0.008758545,0.004547119,0.0023841858,0.7495117,0.11224365,0.00014746189,0.066223145,0.21008301,0.0011281967,0.0013561249,0.19238281,0.016357422,0.6064453,0.6176758,0.0018577576,0.015205383,0.0574646,0.0000041127205,0.00080776215,0.00030112267,0.0005993843,0.09197998,0.16918945,0.37329102,0.0013961792,0.011421204,0.00381279,0.012878418,0.0000037550926,0.0000034570694,0
0.0000026226044,0.0005326271,0.01537323,0.031463623,0.7626953,0.18469238,0.00079107285,0.0000022649765,0.000006198883,0.008003235,0.024520874,0.079589844,0.107421875,0.011390686,0.38793945,0.4086914,0.0029029846,0.10583496,0.09039307,0.16870117,0.03805542,0.16577148,0.013198853,0.0026607513,0.002998352,0.0413208,0.0014715195,0.00018799305,0.012489319,0.014884949,0.058258057,0.04724121,0.017501831,0.000053286552,0.73828125,0.82421875,0.048706055,0.030471802,0.00504303,0.003250122,0.0146102905,0.005004883,0.013916016,0.23815918,0.009109497,0.008918762,0.013015747,0.007835388,0.4416504,0.32592773,0.00006556511,0.0000070929527,0
0.0000015497208,0.000013411045,0.000086545944,0.8198242,0.87158203,0.79296875,0.0004968643,0.000001847744,0.0000038146973,0.19470215,0.37280273,0.034698486,0.108947754,0.008132935,0.27319336,0.35058594,0.027053833,0.30151367,0.13366699,0.49853516,0.16333008,0.006801605,0.0024795532,0.00058317184,0.00015103817,0.49047852,0.2614746,0.0051345825,0.1005249,0.00032258034,0.013557434,0.034454346,0.0014476776,0.01007843,0.0793457,0.40795898,0.032287598,0.0009889603,0.039886475,0.00002759695,0.021697998,0.026443481,0.0098724365,0.0029735565,0.000039696693,0.000005066395,0.0006766319,0.0079574585,0.0016832352,0.00014173985,0.000028312206,0.0000030398369,0
8.940697e-7,0.000024139881,0.000018715858,0.8886719,0.92285156,0.8432617,0.00039482117,4.7683716e-7,0.0000021457672,0.019470215,0.021697998,0.04928589,0.061676025,0.0040893555,0.4416504,0.44311523,0.008392334,0.18884277,0.16589355,0.23498535,0.16259766,0.039398193,0.031066895,0.0005402565,0.0051231384,0.8520508,0.0012550354,0.01197052,0.10437012,0.097717285,0.00010174513,0.00016713142,0.01008606,0.013015747,0.019943237,0.027236938,0.030014038,0.115356445,0.005104065,0.000050127506,0.004638672,0.008735657,0.001036644,0.0011940002,0.017410278,0.033843994,0.00094127655,0.017211914,0.0012598038,0.0009675026,0.0000014305115,0.0000010728836,0
9.536743e-7,0.00032496452,0.000092983246,0.72558594,0.6899414,0.85058594,0.00022161007,0.0000014305115,0.0000011920929,0.04147339,0.0024814606,0.01222229,0.010391235,0.57910156,0.0034065247,0.007827759,0.5932617,0.43164062,0.41601562,0.11694336,0.032043457,0.016845703,0.19567871,0.0002706051,0.0013027191,0.69970703,0.039886475,0.003753662,0.15881348,0.022857666,0.00010854006,0.00008696318,0.009735107,0.0024108887,0.03353882,0.061309814,0.122924805,0.0051345825,0.0071372986,0.00059461594,0.0015010834,0.0031051636,0.0010948181,0.008712769,0.0077705383,0.0017776489,0.0035305023,0.00037765503,0.0027713776,0.00045681,0.0000039339066,0.0000011324883,0
1.7881393e-7,0.0001232624,0.00008624792,0.81591797,0.79833984,0.7373047,0.00009691715,5.9604645e-7,4.7683716e-7,0.08782959,0.027359009,0.16772461,0.123168945,0.23498535,0.026550293,0.022140503,0.21508789,0.11102295,0.14758301,0.27197266,0.42382812,0.013496399,0.037628174,0.00020289421,0.001001358,0.89208984,0.012908936,0.002773285,0.05029297,0.007827759,0.0016345978,0.0034656525,0.005088806,0.00023376942,0.02885437,0.04824829,0.0030155182,0.0037937164,0.011199951,0.0008792877,0.005428314,0.008140564,0.0005173683,0.00043225288,0.0003247261,0.00027656555,0.0007138252,0.0041046143,0.00020098686,0.0001205802,8.940697e-7,8.940697e-7,0
3.5762787e-7,0.0000044107437,0.00000500679,0.95996094,0.9814453,0.9550781,0.0016546249,0.0000019073486,0.0000026226044,0.080200195,0.06732178,0.1932373,0.16088867,0.105285645,0.08087158,0.07446289,0.08557129,0.12084961,0.13720703,0.38330078,0.43896484,0.022613525,0.021530151,0.0029182434,0.027740479,0.9213867,0.0019044876,0.0012340546,0.20141602,0.27319336,0.0020008087,0.0039596558,0.010528564,0.0041122437,0.84375,0.7885742,0.0062065125,0.031799316,0.0063705444,0.000047564507,0.00466156,0.014816284,0.00034618378,0.0020275116,0.01626587,0.026947021,0.0011205673,0.028427124,0.0065078735,0.009155273,0.00000756979,0.0000047683716,0
2.3841858e-7,0.00006890297,0.00012731552,0.47045898,0.87158203,0.58447266,0.000061035156,5.9604645e-8,2.9802322e-7,0.0069847107,0.0032463074,0.02748108,0.032043457,0.0088272095,0.35351562,0.36108398,0.019241333,0.33032227,0.3076172,0.121032715,0.035125732,0.093444824,0.09283447,0.000070512295,0.04611206,0.82470703,0.00047326088,0.015945435,0.009063721,0.02482605,0.00010329485,0.0001502037,0.003250122,0.0025997162,0.003578186,0.0029335022,0.0015945435,0.039154053,0.026367188,0.00044727325,0.003955841,0.012611389,0.0065994263,0.0030498505,0.000069499016,0.00024700165,0.000040113926,0.00187397,0.00009304285,0.0002696514,5.9604645e-7,1.7881393e-7,0
2.9802322e-7,0.000004351139,0.000003516674,0.9658203,0.96728516,0.953125,0.0000641942,4.172325e-7,5.364418e-7,0.045166016,0.026901245,0.09906006,0.11151123,0.07739258,0.06878662,0.07336426,0.08203125,0.109375,0.08746338,0.26464844,0.16308594,0.02520752,0.034423828,0.00006353855,0.008834839,0.8828125,0.0033130646,0.36279297,0.0036735535,0.0054130554,0.0000094771385,0.000011742115,0.015098572,0.010772705,0.0040283203,0.003156662,0.0018253326,0.0044174194,0.48779297,0.0008740425,0.017822266,0.078125,0.0024108887,0.0003604889,0.000006854534,0.0000054836273,0.00004053116,0.000082194805,0.000026285648,0.000016093254,4.172325e-7,1.1920929e-7,0
3.5762787e-7,0.00011527538,0.00007236004,0.62646484,0.84277344,0.7495117,0.0001988411,2.9802322e-7,2.9802322e-7,0.1149292,0.23327637,0.09173584,0.13574219,0.018035889,0.3347168,0.3293457,0.009056091,0.16882324,0.12866211,0.63671875,0.60791016,0.010879517,0.0026988983,0.000106573105,0.008804321,0.9033203,0.002571106,0.005252838,0.08850098,0.0051078796,0.00032114983,0.00047135353,0.012390137,0.015182495,0.00774765,0.019577026,0.009674072,0.0023059845,0.06329346,0.000037908554,0.0061302185,0.01651001,0.0019893646,0.001540184,0.0003824234,0.00009083748,0.00062417984,0.00042247772,0.00062942505,0.00012218952,0.000001847744,5.364418e-7,0
1.7881393e-7,0.00003874302,0.0002450943,0.60009766,0.89501953,0.29492188,0.000091314316,1.1920929e-7,2.3841858e-7,0.012382507,0.013946533,0.024047852,0.034820557,0.031097412,0.24084473,0.21984863,0.031219482,0.37670898,0.30419922,0.21130371,0.032714844,0.08746338,0.031219482,0.00018334389,0.0016012192,0.88964844,0.042877197,0.0066947937,0.021484375,0.052825928,0.00003540516,0.00006574392,0.006755829,0.00076150894,0.009796143,0.011909485,0.0010709763,0.040222168,0.030151367,0.002325058,0.0019235611,0.0045814514,0.00068187714,0.0024299622,0.00032138824,0.002450943,0.00002926588,0.009506226,0.000009417534,0.000048458576,0.00000166893,1.1920929e-7,0
0.00000166893,0.00018060207,0.0000052452087,0.9609375,0.77246094,0.87646484,0.00049972534,0.0000011920929,8.940697e-7,0.02659607,0.0014877319,0.03048706,0.027542114,0.15100098,0.09399414,0.07775879,0.11730957,0.35180664,0.359375,0.08300781,0.06915283,0.12420654,0.26123047,0.0013160706,0.08526611,0.7988281,0.00012075901,0.019882202,0.015220642,0.11834717,0.029891968,0.0362854,0.0043411255,0.004173279,0.07104492,0.050354004,0.00667572,0.087524414,0.00034356117,0.00005978346,0.0041122437,0.03652954,0.0029239655,0.0049858093,0.023849487,0.024047852,0.07092285,0.17626953,0.029922485,0.061340332,0.0000013113022,3.5762787e-7,0
8.34465e-7,0.00008773804,0.00010550022,0.45874023,0.8676758,0.5102539,0.000063836575,2.9802322e-7,3.5762787e-7,0.014633179,0.009643555,0.044799805,0.055358887,0.01374054,0.28100586,0.29492188,0.02331543,0.18811035,0.19104004,0.1977539,0.07110596,0.04296875,0.034240723,0.000074863434,0.026565552,0.67529297,0.0002424717,0.017990112,0.0061187744,0.004421234,0.0018472672,0.003332138,0.001373291,0.0007209778,0.00111866,0.0015478134,0.0062065125,0.041503906,0.005344391,0.0006542206,0.0030555725,0.0020809174,0.022125244,0.010932922,0.00086832047,0.0019931793,0.0006427765,0.035614014,0.00078344345,0.0010404587,0.0000010728836,5.9604645e-7,0
0.000005841255,0.023101807,0.0019102097,0.15734863,0.34985352,0.34521484,0.00015795231,0.0000016093254,2.3841858e-7,0.05505371,0.098083496,0.0390625,0.062469482,0.8496094,0.004119873,0.0023441315,0.8540039,0.2800293,0.1920166,0.42773438,0.3684082,0.09387207,0.00315094,0.00069379807,0.0009937286,0.06732178,0.004306793,0.006313324,0.00074625015,0.005592346,0.36987305,0.38964844,0.02607727,0.00019979477,0.04638672,0.03842163,0.0011873245,0.033843994,0.016998291,0.00027394295,0.025024414,0.019424438,0.0041122437,0.008232117,0.000065505505,0.00023758411,0.007633209,0.05340576,0.00141716,0.004043579,0.0000011324883,9.536743e-7,0
0.0000013113022,0.000041663647,0.000048577785,0.94091797,0.90527344,0.734375,0.00011783838,4.172325e-7,4.172325e-7,0.0637207,0.010658264,0.011489868,0.006187439,0.3244629,0.034179688,0.028656006,0.31518555,0.69189453,0.5810547,0.43676758,0.1739502,0.10253906,0.03555298,0.00028204918,0.08416748,0.86376953,0.003742218,0.5859375,0.0016155243,0.021408081,0.00065231323,0.0006465912,0.020370483,0.007255554,0.040283203,0.025054932,0.00026488304,0.009407043,0.107299805,0.00026464462,0.005065918,0.084228516,0.0019168854,0.0014429092,0.00001168251,0.000020563602,0.00042653084,0.00056266785,0.000077307224,0.00032234192,5.364418e-7,1.1920929e-7,0
0.0000038146973,0.022079468,0.017684937,0.016860962,0.18383789,0.0982666,0.00014221668,4.7683716e-7,1.1920929e-7,0.07574463,0.097839355,0.013786316,0.01777649,0.016983032,0.27661133,0.3046875,0.03050232,0.42041016,0.40722656,0.7026367,0.60253906,0.007873535,0.0037727356,0.00014984608,0.0049476624,0.6303711,0.00009441376,0.62060547,0.01398468,0.02470398,0.0004339218,0.0004324913,0.00038051605,0.000048458576,0.003156662,0.003276825,0.13513184,0.15393066,0.00082302094,0.017852783,0.01361084,0.011428833,0.0109939575,0.0015821457,0.01171875,0.00982666,0.0037994385,0.003540039,0.0000616312,0.00006467104,1.1920929e-7,9.536743e-7,0
2.3841858e-7,0.0011463165,0.0019779205,0.27856445,0.5136719,0.25805664,0.000043332577,1.1920929e-7,1.7881393e-7,0.067993164,0.1138916,0.061584473,0.07946777,0.024459839,0.15722656,0.16479492,0.038085938,0.17980957,0.13989258,0.48413086,0.3544922,0.013404846,0.0057792664,0.000039756298,0.0021514893,0.87060547,0.0031642914,0.016036987,0.047790527,0.006023407,0.000045239925,0.00012493134,0.0146102905,0.00053310394,0.0012130737,0.0020656586,0.0007972717,0.0013837814,0.44091797,0.0038700104,0.004840851,0.008979797,0.0015687943,0.0010089874,0.000023424625,0.00003093481,0.000028908253,0.0015516281,0.000046670437,0.000029683113,8.940697e-7,2.3841858e-7,0
8.34465e-7,0.07519531,0.05758667,0.02708435,0.027755737,0.016021729,0.000033676624,1.7881393e-7,5.9604645e-8,0.09844971,0.052825928,0.37817383,0.36010742,0.23852539,0.022003174,0.04095459,0.22338867,0.013122559,0.021835327,0.1430664,0.2364502,0.009788513,0.008674622,0.00013244152,0.0022888184,0.0031375885,0.000084519386,0.000313282,0.027297974,0.043823242,0.000008821487,0.0000072717667,0.0050621033,0.0006170273,0.0014705658,0.00080013275,0.055511475,0.07513428,0.012565613,0.00762558,0.0027217865,0.0028972626,0.013389587,0.08947754,0.23144531,0.20666504,0.000746727,0.00011909008,0.0032424927,0.0060310364,5.364418e-7,3.5762787e-7,0
7.748604e-7,0.00033211708,0.0000053048134,0.9560547,0.6699219,0.96484375,0.0017642975,0.0000019669533,5.9604645e-7,0.08483887,0.095947266,0.05065918,0.051574707,0.12597656,0.13085938,0.11505127,0.07684326,0.3076172,0.27416992,0.26831055,0.14819336,0.05593872,0.015380859,0.002960205,0.3322754,0.8881836,0.00009590387,0.0034809113,0.026184082,0.24975586,0.093933105,0.0770874,0.013748169,0.024459839,0.62353516,0.70996094,0.003036499,0.029708862,0.009918213,0.000024557114,0.0054473877,0.014350891,0.0016536713,0.010856628,0.0036182404,0.0038108826,0.052734375,0.039916992,0.043151855,0.09753418,0.00001090765,5.364418e-7,0
4.172325e-7,0.0023727417,0.0009870529,0.25341797,0.5336914,0.40844727,0.00094795227,6.556511e-7,0.0000010728836,0.17053223,0.18786621,0.19702148,0.22839355,0.08099365,0.18005371,0.12060547,0.0234375,0.109313965,0.09857178,0.49804688,0.4206543,0.008872986,0.0057754517,0.0030555725,0.01751709,0.80078125,0.0006799698,0.0009889603,0.08843994,0.051452637,0.005809784,0.010620117,0.01727295,0.0061454773,0.5625,0.6298828,0.0071868896,0.018554688,0.0024738312,0.000004529953,0.0011034012,0.004348755,0.00016260147,0.0017004013,0.22338867,0.25512695,0.017868042,0.1418457,0.019134521,0.014274597,0.000004529953,0.0000047683716,0
3.5762787e-7,0.0001411438,0.0005784035,0.36376953,0.9038086,0.57470703,0.000083982944,3.5762787e-7,2.9802322e-7,0.00415802,0.005744934,0.05984497,0.07421875,0.01902771,0.36694336,0.36035156,0.016159058,0.29833984,0.2758789,0.047058105,0.060821533,0.2927246,0.12005615,0.00021827221,0.003490448,0.87646484,0.01713562,0.007789612,0.033325195,0.04559326,0.0017127991,0.0016269684,0.035705566,0.0021133423,0.051605225,0.013549805,0.003955841,0.04333496,0.015899658,0.00024747849,0.0050621033,0.012809753,0.0030021667,0.00831604,0.00038933754,0.00089740753,0.0016155243,0.0043640137,0.0010147095,0.0010662079,4.172325e-7,1.1920929e-7,0
0.000008702278,0.08483887,0.059570312,0.08050537,0.062194824,0.26757812,0.0010089874,0.00000667572,0.00001835823,0.09490967,0.020202637,0.18847656,0.35424805,0.04055786,0.062683105,0.15710449,0.20422363,0.08917236,0.045196533,0.44848633,0.013900757,0.015991211,0.09838867,0.0022735596,0.94873047,0.63378906,0.000021576881,0.0005836487,0.1616211,0.5058594,0.01713562,0.060150146,0.061187744,0.00086927414,0.86572266,0.74072266,0.0015850067,0.07720947,0.016418457,0.0005812645,0.013206482,0.0066566467,0.019958496,0.27319336,0.006969452,0.06561279,0.00013267994,0.48120117,0.22045898,0.6508789,0.000058412552,0.000052452087,0
0.0000039339066,0.020996094,0.0021781921,0.1541748,0.33154297,0.40551758,0.00005185604,7.748604e-7,2.3841858e-7,0.07537842,0.13244629,0.033477783,0.0418396,0.8076172,0.004699707,0.003921509,0.82177734,0.31030273,0.2529297,0.4177246,0.4104004,0.06591797,0.002046585,0.0003888607,0.003063202,0.038085938,0.0012350082,0.006439209,0.0007863045,0.0031051636,0.14880371,0.17993164,0.020324707,0.0007610321,0.009887695,0.009460449,0.0010156631,0.02456665,0.030715942,0.0001154542,0.016815186,0.006729126,0.0040626526,0.0062179565,0.000095665455,0.00032782555,0.008224487,0.07269287,0.00009858608,0.00022399426,7.1525574e-7,4.7683716e-7,0
0.0000060796738,0.00009447336,0.0015563965,0.53808594,0.89160156,0.40698242,0.0011882782,0.0000012516975,0.0000012516975,0.02645874,0.0082092285,0.0074920654,0.011833191,0.17346191,0.068725586,0.08050537,0.20703125,0.6689453,0.69189453,0.122924805,0.020812988,0.22827148,0.05053711,0.00037026405,0.03100586,0.8378906,0.0012102127,0.014801025,0.0030975342,0.17272949,0.097717285,0.10064697,0.034851074,0.00030183792,0.018463135,0.01600647,0.0028762817,0.056549072,0.015014648,0.0018424988,0.0069465637,0.018066406,0.003862381,0.044158936,0.006816864,0.022949219,0.018676758,0.08129883,0.00048065186,0.004234314,0.0000044107437,9.536743e-7,0
3.5762787e-7,0.00001168251,0.000008523464,0.9350586,0.95751953,0.9042969,0.00116539,0.0000039339066,0.000002503395,0.2854004,0.13793945,0.4326172,0.37548828,0.055114746,0.18786621,0.1574707,0.026184082,0.03274536,0.054016113,0.31591797,0.4831543,0.0045318604,0.01612854,0.0033473969,0.0046539307,0.9326172,0.005771637,0.0011129379,0.36499023,0.19238281,0.007156372,0.012298584,0.06365967,0.007396698,0.58740234,0.63134766,0.0050239563,0.009986877,0.0099487305,0.000015556812,0.0014238358,0.0029640198,0.00018322468,0.0046844482,0.14794922,0.16748047,0.009147644,0.043792725,0.027633667,0.031585693,0.0000056028366,0.0000045895576,0
4.172325e-7,0.000012934208,0.000017940998,0.90722656,0.9614258,0.85302734,0.00090551376,0.0000011920929,0.0000022053719,0.01940918,0.015975952,0.08227539,0.053863525,0.124938965,0.056030273,0.049316406,0.10559082,0.24157715,0.2758789,0.14135742,0.328125,0.058135986,0.0637207,0.002620697,0.008918762,0.9189453,0.0031585693,0.002418518,0.3894043,0.27246094,0.00037765503,0.0006914139,0.044006348,0.0053520203,0.5883789,0.53466797,0.006881714,0.025436401,0.0151901245,0.00004118681,0.0017681122,0.0056877136,0.00011742115,0.0012254715,0.12060547,0.21923828,0.0017385483,0.025024414,0.004306793,0.006752014,0.0000025629997,0.000002503395,0
0.0000014901161,0.00003284216,0.000024735928,0.9550781,0.90966797,0.75878906,0.0001269579,4.172325e-7,5.9604645e-7,0.041625977,0.0048599243,0.009963989,0.0050849915,0.40795898,0.028274536,0.020126343,0.37402344,0.70458984,0.5883789,0.2705078,0.11608887,0.13342285,0.06402588,0.0003080368,0.12207031,0.83935547,0.0029258728,0.4338379,0.0016269684,0.023712158,0.0013122559,0.0012083054,0.010635376,0.004825592,0.031829834,0.02116394,0.00032949448,0.012283325,0.045074463,0.00030589104,0.0060424805,0.08905029,0.002532959,0.0021419525,0.000021219254,0.00003838539,0.0008635521,0.0010108948,0.000087976456,0.00047802925,5.9604645e-7,1.1920929e-7,0
0.0000025629997,0.00046777725,0.00033807755,0.5488281,0.6118164,0.38134766,0.00044584274,0.0000011920929,0.0000010728836,0.15759277,0.06762695,0.21228027,0.19262695,0.04434204,0.11114502,0.11566162,0.048339844,0.07519531,0.0803833,0.40063477,0.5053711,0.0060195923,0.012329102,0.00068950653,0.0039482117,0.7084961,0.0019664764,0.010818481,0.1026001,0.020858765,0.00036406517,0.00068950653,0.006072998,0.0012521744,0.026123047,0.041168213,0.037506104,0.04638672,0.0016069412,0.00010871887,0.0028533936,0.016937256,0.0013504028,0.0020599365,0.40893555,0.41625977,0.0034675598,0.05871582,0.029632568,0.018615723,0.0000011324883,0.000005185604,0
4.172325e-7,0.0044517517,0.000003993511,0.9296875,0.16125488,0.9165039,0.0009174347,7.1525574e-7,1.7881393e-7,0.022003174,0.0073280334,0.030975342,0.024963379,0.07946777,0.13305664,0.1381836,0.06384277,0.4387207,0.41552734,0.10461426,0.06903076,0.1842041,0.113586426,0.00080919266,0.20141602,0.91259766,0.0004210472,0.0020751953,0.022918701,0.29785156,0.017166138,0.009185791,0.0027179718,0.009925842,0.65185547,0.5463867,0.001824379,0.023757935,0.007209778,0.00006431341,0.014633179,0.045928955,0.0038089752,0.007286072,0.00023162365,0.0002322197,0.007621765,0.0019931793,0.03543091,0.072265625,0.0000036358833,1.7881393e-7,0
2.9802322e-7,0.0033779144,0.0023880005,0.29052734,0.34155273,0.1439209,0.0000461936,1.7881393e-7,1.1920929e-7,0.086120605,0.051818848,0.028793335,0.041107178,0.37304688,0.012672424,0.02229309,0.3515625,0.24731445,0.22314453,0.44091797,0.10858154,0.013847351,0.0055274963,0.0001642704,0.059020996,0.25585938,0.00006741285,0.033569336,0.00024795532,0.003534317,0.00957489,0.005619049,0.004940033,0.00008499622,0.014587402,0.008552551,0.003396988,0.030715942,0.037384033,0.0015707016,0.013748169,0.0423584,0.00066518784,0.00031590462,0.000020802021,0.00003772974,0.014335632,0.006378174,0.000007688999,0.000014662743,4.7683716e-7,3.5762787e-7,0
4.172325e-7,0.000037372112,0.00004339218,0.82421875,0.9169922,0.7583008,0.001203537,0.0000017285347,0.0000017881393,0.061462402,0.037963867,0.1508789,0.111450195,0.26879883,0.025115967,0.019592285,0.23022461,0.12310791,0.1496582,0.2775879,0.4206543,0.02079773,0.03189087,0.0024433136,0.011558533,0.9296875,0.0018196106,0.0010976791,0.41210938,0.19812012,0.0014133453,0.0024738312,0.044036865,0.013191223,0.5058594,0.5541992,0.004901886,0.011253357,0.011314392,0.000009357929,0.0012435913,0.0025863647,0.00017726421,0.0042495728,0.13952637,0.18286133,0.0035266876,0.021377563,0.027786255,0.025253296,0.0000030994415,0.0000039339066,0
0.000025808811,0.21447754,0.000100672245,0.47924805,0.024551392,0.93603516,0.00018513203,0.000004827976,0.00000166893,0.02798462,0.00026249886,0.37670898,0.5058594,0.0021953583,0.66015625,0.81933594,0.025360107,0.039245605,0.01586914,0.108947754,0.002401352,0.10229492,0.64160156,0.00007790327,0.025299072,0.6376953,0.041625977,0.021316528,0.025680542,0.13537598,0.0050735474,0.0013198853,0.022354126,0.01398468,0.008331299,0.0023384094,0.095581055,0.63378906,0.0030097961,0.00062799454,0.08123779,0.011192322,0.17138672,0.6386719,0.0044937134,0.027450562,0.017913818,0.010574341,0.0034446716,0.009513855,3.5762787e-7,5.364418e-7,0
2.3841858e-7,0.06518555,0.2121582,0.0031757355,0.10192871,0.0050621033,0.000089645386,0.0,1.7881393e-7,0.20056152,0.28564453,0.0138168335,0.06524658,0.7055664,0.007369995,0.004371643,0.6201172,0.39404297,0.19433594,0.82910156,0.34057617,0.0062294006,0.0006155968,0.00032901764,0.07678223,0.6269531,0.0017948151,0.0082092285,0.008384705,0.0033569336,0.0015134811,0.0017786026,0.0021324158,0.0008196831,0.043823242,0.040618896,0.002166748,0.014198303,0.006340027,0.000088989735,0.0019388199,0.014526367,0.0004105568,0.00022614002,0.000063955784,0.0001348257,0.0005106926,0.0031471252,0.0000054240227,0.000021457672,0.0000013709068,5.9604645e-7,0
0.0000060796738,0.018600464,0.027923584,0.015327454,0.24035645,0.065979004,0.00015759468,6.556511e-7,2.3841858e-7,0.07208252,0.08154297,0.018356323,0.020187378,0.026748657,0.19238281,0.22131348,0.04888916,0.359375,0.3564453,0.62158203,0.5444336,0.008522034,0.0049743652,0.0001655817,0.0033626556,0.6201172,0.00010061264,0.6098633,0.019226074,0.020492554,0.0012817383,0.0015201569,0.00018072128,0.000041484833,0.0026474,0.0029315948,0.18200684,0.21789551,0.00032186508,0.013191223,0.021331787,0.012298584,0.016021729,0.0017995834,0.034240723,0.032165527,0.007347107,0.021835327,0.000057578087,0.00006145239,1.1920929e-7,0.0000017881393,0
8.940697e-7,0.0033607483,0.0010690689,0.45874023,0.1616211,0.20593262,0.00010848045,1.1920929e-7,4.7683716e-7,0.10681152,0.03543091,0.09875488,0.100097656,0.012550354,0.24072266,0.24230957,0.017303467,0.09387207,0.10699463,0.3100586,0.3779297,0.0054969788,0.012252808,0.0004553795,0.005203247,0.4423828,0.00032377243,0.06121826,0.018600464,0.01576233,0.000013887882,0.000023543835,0.002904892,0.0014028549,0.011413574,0.012397766,0.07141113,0.13195801,0.00094747543,0.00028586388,0.0031280518,0.05609131,0.00037908554,0.0002641678,0.009643555,0.013290405,0.00084352493,0.005569458,0.000603199,0.00037956238,4.172325e-7,7.1525574e-7,0
1.1920929e-7,0.00001579523,0.00006604195,0.82666016,0.9326172,0.24768066,0.00032520294,1.7881393e-7,1.7881393e-7,0.32910156,0.43676758,0.12207031,0.52001953,0.2175293,0.35839844,0.05001831,0.017288208,0.15393066,0.008422852,0.69091797,0.15148926,0.008255005,0.00044584274,0.0020256042,0.048950195,0.46142578,0.0047035217,0.0021743774,0.0018806458,0.020812988,0.009811401,0.011108398,0.004169464,0.000022113323,0.3605957,0.45703125,0.0007452965,0.019119263,0.0038223267,0.0026130676,0.0020217896,0.009399414,0.0005507469,0.0017881393,0.00027823448,0.0012540817,0.0006122589,0.031143188,0.00041985512,0.0021743774,0.0000123381615,7.1525574e-7,0
0.0000022649765,0.002319336,0.00055503845,0.3466797,0.5932617,0.6044922,0.000009417534,1.7881393e-7,5.9604645e-8,0.74853516,0.7319336,0.6357422,0.6425781,0.00774765,0.4248047,0.4248047,0.005355835,0.011566162,0.010147095,0.22131348,0.42407227,0.001206398,0.00029850006,0.0000035762787,0.009536743,0.0012149811,0.0000032186508,0.00022995472,0.0056915283,0.04949951,0.00009781122,0.00007003546,0.002752304,0.005004883,0.00004261732,0.000010550022,0.18261719,0.3005371,0.048614502,0.0028495789,0.0044517517,0.005619049,0.7675781,0.48779297,0.025299072,0.013885498,0.0019817352,0.00009602308,0.08526611,0.07196045,0.000002026558,2.3841858e-7,0
0.000002026558,0.0018424988,0.0007276535,0.2734375,0.6640625,0.6220703,0.000009298325,1.1920929e-7,5.9604645e-8,0.77734375,0.7529297,0.73095703,0.71777344,0.011077881,0.41259766,0.41918945,0.0038414001,0.006717682,0.005710602,0.22619629,0.42578125,0.0010137558,0.00021362305,0.0000047683716,0.0073547363,0.00076436996,0.000003695488,0.00015676022,0.00831604,0.0574646,0.00006586313,0.00005376339,0.0029335022,0.0048980713,0.00005221367,0.000014483929,0.18261719,0.3359375,0.053985596,0.0032520294,0.0026874542,0.003396988,0.6958008,0.4345703,0.051757812,0.03314209,0.0014066696,0.0001513958,0.1105957,0.08843994,0.0000031590462,2.3841858e-7,0
2.3841858e-7,0.00020289421,0.0010204315,0.45922852,0.8666992,0.14367676,0.00075149536,1.7881393e-7,1.7881393e-7,0.067993164,0.06439209,0.04333496,0.051696777,0.02986145,0.3227539,0.2993164,0.021896362,0.28100586,0.24731445,0.27514648,0.0793457,0.027267456,0.008232117,0.0011444092,0.007385254,0.94433594,0.0037994385,0.004558563,0.039001465,0.12548828,0.00007033348,0.0000718236,0.033599854,0.00027370453,0.0736084,0.13305664,0.0030555725,0.018981934,0.012748718,0.0032215118,0.000218153,0.0032672882,0.000063061714,0.0013799667,0.48413086,0.8745117,0.0004878044,0.038513184,0.0005617142,0.0036411285,0.000002861023,8.940697e-7,0
6.556511e-7,0.00095653534,0.0035419464,0.1505127,0.8198242,0.10662842,0.001408577,2.3841858e-7,3.5762787e-7,0.0793457,0.18041992,0.08843994,0.10858154,0.024841309,0.36694336,0.3425293,0.023544312,0.20141602,0.14245605,0.38012695,0.20581055,0.02583313,0.003929138,0.0025558472,0.041259766,0.92089844,0.0010433197,0.004421234,0.09375,0.22607422,0.00003540516,0.000040769577,0.055023193,0.0008177757,0.20458984,0.30297852,0.010032654,0.052886963,0.004798889,0.0011177063,0.000080406666,0.004924774,0.000103890896,0.0023956299,0.85839844,0.97021484,0.0013399124,0.08215332,0.010009766,0.03945923,0.0000049471855,0.000003516674,0
2.3841858e-7,0.07543945,0.14855957,0.0010700226,0.24401855,0.05050659,0.00019824505,1.7881393e-7,1.1920929e-7,0.037841797,0.059906006,0.31176758,0.5488281,0.16003418,0.03314209,0.06640625,0.24804688,0.072753906,0.015960693,0.35961914,0.101379395,0.06842041,0.027450562,0.00052547455,0.0019512177,0.71533203,0.07684326,0.0041618347,0.10058594,0.15795898,0.00034737587,0.00027632713,0.01084137,0.0001784563,0.12310791,0.06512451,0.0062713623,0.030410767,0.0049591064,0.0011205673,0.0031929016,0.010574341,0.0007157326,0.0036773682,0.00075912476,0.0015306473,0.0014762878,0.0020198822,0.0015382767,0.004764557,3.5762787e-7,1.7881393e-7,0
8.34465e-7,0.036376953,0.01285553,0.16223145,0.12133789,0.023834229,0.00070524216,7.748604e-7,1.7881393e-7,0.059661865,0.0152282715,0.08685303,0.05810547,0.13452148,0.054595947,0.046173096,0.14782715,0.12988281,0.17407227,0.1595459,0.12310791,0.028701782,0.02998352,0.003156662,0.109436035,0.67089844,0.0018491745,0.00037932396,0.022827148,0.075927734,0.0019025803,0.0028877258,0.03366089,0.017974854,0.54052734,0.5058594,0.001531601,0.0362854,0.008804321,0.0000016093254,0.0006160736,0.00064611435,0.001616478,0.047210693,0.099121094,0.42114258,0.0006108284,0.05203247,0.0103302,0.04043579,0.0000032782555,0.000005364418,0
0.0000017881393,0.28222656,0.0018520355,0.12817383,0.014518738,0.6254883,0.00045132637,2.3841858e-7,0.0000014305115,0.031829834,0.0045204163,0.1315918,0.18640137,0.027877808,0.26416016,0.3334961,0.064086914,0.07824707,0.04727173,0.3359375,0.005207062,0.08642578,0.12420654,0.0025596619,0.006011963,0.15490723,0.0035171509,0.0007982254,0.13989258,0.024169922,0.004501343,0.0018777847,0.03213501,0.018875122,0.8808594,0.64990234,0.052001953,0.18945312,0.0003466606,0.0000113248825,0.008415222,0.007827759,0.0013532639,0.052734375,0.0102005005,0.034423828,0.054870605,0.012290955,0.030151367,0.12060547,7.748604e-7,2.3841858e-7,0
0.00000166893,0.000012993813,0.00000756979,0.9482422,0.9536133,0.91748047,0.00045108795,9.536743e-7,0.0000031590462,0.017745972,0.010169983,0.035339355,0.03845215,0.031463623,0.10595703,0.12414551,0.0513916,0.26391602,0.26904297,0.14855957,0.1394043,0.037994385,0.066467285,0.00045967102,0.0076904297,0.8618164,0.0013151169,0.011947632,0.18164062,0.047180176,0.00006067753,0.00011473894,0.018188477,0.040008545,0.0151901245,0.024765015,0.03390503,0.0892334,0.011428833,0.000018656254,0.0038719177,0.0066375732,0.0012426376,0.002286911,0.22363281,0.35424805,0.0012025833,0.055419922,0.0024433136,0.0015411377,0.0000011920929,0.0000014305115,0
0.000001847744,0.0025863647,0.0032730103,0.14855957,0.68310547,0.17480469,0.0014333725,0.0000013113022,9.536743e-7,0.08691406,0.08673096,0.09088135,0.07849121,0.70751953,0.004245758,0.005722046,0.7192383,0.19873047,0.19445801,0.3125,0.24499512,0.022033691,0.009056091,0.0023822784,0.053894043,0.9223633,0.0011453629,0.0026340485,0.21813965,0.112854004,0.000071167946,0.00012218952,0.054016113,0.0050239563,0.22009277,0.39501953,0.017486572,0.08129883,0.004058838,0.00015842915,0.00014567375,0.0035915375,0.00038194656,0.008049011,0.87597656,0.9628906,0.0016651154,0.20422363,0.074645996,0.12768555,0.000004887581,0.000012040138,0
0.0000013113022,0.0012149811,0.000014424324,0.87353516,0.37329102,0.7480469,0.00016713142,4.172325e-7,4.7683716e-7,0.068847656,0.014167786,0.12878418,0.15966797,0.06530762,0.24707031,0.22070312,0.03289795,0.08569336,0.103759766,0.17736816,0.07745361,0.07757568,0.053619385,0.00072431564,0.017929077,0.54785156,0.00248909,0.036621094,0.01096344,0.062805176,0.0008444786,0.0009880066,0.0015354156,0.00024795532,0.058898926,0.04208374,0.012557983,0.05178833,0.0014915466,0.0046310425,0.008033752,0.14819336,0.0014314651,0.0014228821,0.0010719299,0.0015907288,0.0032424927,0.0126953125,0.001036644,0.0043907166,0.000002503395,1.7881393e-7,0
0.0000011324883,0.011940002,0.010520935,0.2368164,0.21118164,0.044708252,0.0008120537,8.940697e-7,1.1920929e-7,0.11468506,0.24987793,0.085632324,0.15808105,0.16540527,0.12438965,0.13415527,0.15356445,0.17651367,0.11706543,0.58984375,0.23144531,0.018829346,0.0045280457,0.0011892319,0.0020256042,0.44213867,0.0087509155,0.019973755,0.024337769,0.5444336,0.00057554245,0.0003566742,0.019485474,0.000021159649,0.1821289,0.07489014,0.017181396,0.08984375,0.00068187714,0.01828003,0.003145218,0.017822266,0.00056886673,0.0059928894,0.06414795,0.11242676,0.064819336,0.0064430237,0.016479492,0.051452637,0.0000017881393,2.9802322e-7,0
5.364418e-7,0.012680054,0.000037550926,0.8798828,0.06951904,0.7939453,0.0022392273,0.00000166893,2.3841858e-7,0.5004883,0.31054688,0.29736328,0.26049805,0.084228516,0.13061523,0.16271973,0.08483887,0.061920166,0.057617188,0.2697754,0.30273438,0.003921509,0.0053863525,0.003004074,0.07543945,0.8286133,0.00031280518,0.003276825,0.031066895,0.1895752,0.13256836,0.09753418,0.0062179565,0.032196045,0.7006836,0.7553711,0.0056610107,0.021331787,0.005191803,0.000009715557,0.0052871704,0.035827637,0.0013208389,0.007331848,0.0044555664,0.0029392242,0.21032715,0.05090332,0.08795166,0.078308105,0.000006020069,6.556511e-7,0
0.0000033974648,0.0013284683,0.00035619736,0.4404297,0.69189453,0.5444336,0.0000641942,4.7683716e-7,2.3841858e-7,0.0154953,0.04208374,0.023132324,0.026885986,0.5390625,0.014579773,0.008056641,0.5620117,0.42993164,0.36865234,0.111816406,0.38549805,0.15808105,0.006034851,0.00027632713,0.0032081604,0.059509277,0.0009407997,0.01751709,0.0043411255,0.014801025,0.042388916,0.049346924,0.010406494,0.001496315,0.013206482,0.0074653625,0.0020618439,0.117248535,0.00844574,0.0000500679,0.03579712,0.017944336,0.007247925,0.012397766,0.00039887428,0.0016593933,0.005886078,0.037628174,0.00030064583,0.00047445297,2.3841858e-7,2.3841858e-7,0
0.000010192394,0.23291016,0.07635498,0.026535034,0.10882568,0.18823242,0.00022506714,0.00002026558,0.0000027418137,0.23547363,0.04232788,0.6040039,0.6503906,0.09094238,0.08294678,0.071899414,0.07861328,0.012184143,0.016494751,0.02494812,0.07574463,0.0038528442,0.23547363,0.0008544922,0.035247803,0.6333008,0.0053367615,0.0009365082,0.07354736,0.5517578,0.048034668,0.08728027,0.45336914,0.0007901192,0.36816406,0.23388672,0.008041382,0.2401123,0.013572693,0.00018310547,0.0073890686,0.0019702911,0.038909912,0.29077148,0.14526367,0.45654297,0.001291275,0.16101074,0.10290527,0.3774414,0.0000026226044,0.000014603138,0
7.748604e-7,0.027069092,0.000031352043,0.8198242,0.075805664,0.83691406,0.0017995834,0.0000037550926,2.9802322e-7,0.029769897,0.003921509,0.17333984,0.15478516,0.30639648,0.023956299,0.0317688,0.33984375,0.119384766,0.12561035,0.05029297,0.04714966,0.091430664,0.35205078,0.0020160675,0.2536621,0.82910156,0.0000564456,0.000808239,0.058563232,0.18127441,0.10192871,0.12237549,0.0103302,0.030899048,0.85009766,0.87646484,0.007457733,0.051727295,0.0041885376,0.0000104904175,0.014961243,0.004711151,0.01159668,0.06222534,0.01953125,0.018585205,0.008117676,0.03643799,0.5,0.40429688,0.0000033974648,0.0000011324883,0
1.7881393e-7,0.0021018982,0.0023841858,0.2578125,0.47583008,0.15478516,0.00016224384,2.3841858e-7,5.9604645e-8,0.57421875,0.61279297,0.10217285,0.3359375,0.34570312,0.010597229,0.029937744,0.45092773,0.14562988,0.027679443,0.76416016,0.36401367,0.002073288,0.00014853477,0.00057172775,0.018005371,0.68847656,0.0048179626,0.009460449,0.0005569458,0.050231934,0.0064582825,0.0066719055,0.005596161,0.000021457672,0.049743652,0.03805542,0.0007376671,0.037628174,0.006454468,0.0052604675,0.00080776215,0.004211426,0.000097334385,0.00025463104,0.00096940994,0.006385803,0.0028247833,0.12902832,0.0000024437904,0.0000166893,0.0000032186508,0.0000010728836,0
0.0000014901161,0.0027675629,0.00046038628,0.6274414,0.4038086,0.7607422,0.00021886826,5.9604645e-7,2.3841858e-7,0.011207581,0.0024204254,0.009422302,0.00762558,0.50097656,0.011489868,0.013938904,0.5,0.56347656,0.5522461,0.05038452,0.029373169,0.18798828,0.11505127,0.0003862381,0.011192322,0.7402344,0.014167786,0.008110046,0.031555176,0.026870728,0.0001924038,0.00016736984,0.009643555,0.0003695488,0.041992188,0.031585693,0.045898438,0.011291504,0.007507324,0.0062561035,0.0011949539,0.0068740845,0.0023117065,0.003583908,0.005138397,0.002105713,0.0035495758,0.0010375977,0.0028247833,0.001572609,0.000003993511,2.9802322e-7,0
4.172325e-7,0.000012040138,0.000008702278,0.9370117,0.9501953,0.93603516,0.0005850792,0.0000011920929,0.0000017881393,0.020446777,0.015007019,0.107910156,0.121032715,0.051574707,0.093933105,0.11022949,0.075927734,0.15576172,0.13085938,0.22961426,0.115722656,0.054138184,0.07409668,0.0005617142,0.016403198,0.9482422,0.0027427673,0.004119873,0.12005615,0.14099121,0.0005502701,0.0012073517,0.018432617,0.0013027191,0.15930176,0.18115234,0.007068634,0.023361206,0.015541077,0.00040388107,0.011528015,0.02104187,0.000852108,0.0015592575,0.0011005402,0.0014228821,0.00012612343,0.004085541,0.0006952286,0.00043225288,0.0000028014183,0.0000023245811,0
0.000004887581,0.09326172,0.10571289,0.026748657,0.10192871,0.07159424,0.00017213821,1.1920929e-7,4.7683716e-7,0.019165039,0.017944336,0.020339966,0.017791748,0.24230957,0.061523438,0.06463623,0.25024414,0.4675293,0.47509766,0.21191406,0.15856934,0.07397461,0.061401367,0.00018012524,0.0068359375,0.12426758,0.00003349781,0.14099121,0.054229736,0.06317139,0.0006418228,0.0010643005,0.0005054474,0.0028095245,0.002784729,0.0014791489,0.09637451,0.22546387,0.00027418137,0.0001462698,0.022415161,0.08062744,0.0040626526,0.0009484291,0.1295166,0.09246826,0.080078125,0.08673096,0.0000577569,0.00004786253,1.1920929e-7,4.7683716e-7,0
1.1920929e-7,0.0001373291,0.0010881424,0.17114258,0.8251953,0.2133789,0.00013005733,5.9604645e-8,5.9604645e-8,0.3659668,0.5708008,0.41723633,0.43139648,0.05029297,0.125,0.12634277,0.060668945,0.035583496,0.017715454,0.64453125,0.5522461,0.0030918121,0.00015306473,0.00015807152,0.02420044,0.8251953,0.001074791,0.0075950623,0.013328552,0.032989502,0.00011873245,0.00020802021,0.0037250519,0.0012235641,0.0087509155,0.014083862,0.0023498535,0.04751587,0.015655518,0.00042653084,0.0025196075,0.0062675476,0.0014305115,0.0013933182,0.00028920174,0.0009293556,0.00006455183,0.0063476562,0.0000654459,0.0001449585,0.0000010728836,3.5762787e-7,0
5.9604645e-8,0.000031650066,0.00025320053,0.7050781,0.9160156,0.13354492,0.0006303787,1.1920929e-7,1.1920929e-7,0.3017578,0.43310547,0.116882324,0.5522461,0.3083496,0.22387695,0.0284729,0.046295166,0.15612793,0.008377075,0.6826172,0.13110352,0.009490967,0.00046110153,0.0031261444,0.03390503,0.6582031,0.009674072,0.0012989044,0.007675171,0.10211182,0.004310608,0.005443573,0.0034732819,0.00011318922,0.5410156,0.5371094,0.00067281723,0.027816772,0.0014686584,0.00049448013,0.00054836273,0.004005432,0.00031971931,0.0017433167,0.002254486,0.014022827,0.00051164627,0.045837402,0.00078725815,0.006038666,0.000015854836,0.000001013279,0
0.000001013279,0.00005799532,0.000067949295,0.85839844,0.95458984,0.7963867,0.00030946732,0.0000041127205,4.172325e-7,0.010070801,0.036621094,0.04711914,0.08166504,0.08459473,0.3388672,0.18530273,0.017425537,0.38671875,0.25048828,0.11773682,0.06890869,0.34936523,0.032318115,0.0013208389,0.0010671616,0.6923828,0.06970215,0.0042419434,0.005886078,0.095336914,0.20898438,0.1505127,0.082214355,0.000055849552,0.4008789,0.09094238,0.00459671,0.06903076,0.006401062,0.0018463135,0.0030384064,0.0022068024,0.0015859604,0.008613586,0.008468628,0.02520752,0.06311035,0.0871582,0.0024871826,0.00459671,0.0000032782555,5.364418e-7,0
0.0000010728836,0.0048332214,0.0025424957,0.3815918,0.59716797,0.52197266,0.00055885315,0.000005841255,8.34465e-7,0.35424805,0.3083496,0.21765137,0.14440918,0.026947021,0.19750977,0.20605469,0.02104187,0.1005249,0.1550293,0.3149414,0.55566406,0.0035266876,0.005065918,0.0015420914,0.006450653,0.80322266,0.0040130615,0.0004441738,0.033172607,0.12890625,0.04220581,0.06604004,0.30908203,0.00017929077,0.6972656,0.50683594,0.0019721985,0.0077285767,0.08758545,0.0003759861,0.0010995865,0.0007276535,0.00027918816,0.010848999,0.5234375,0.6591797,0.027374268,0.15478516,0.02947998,0.071899414,0.0000051259995,0.000014722347,0
9.536743e-7,0.0017251968,0.0024528503,0.18322754,0.64160156,0.11975098,0.00076675415,3.5762787e-7,1.7881393e-7,0.08087158,0.068725586,0.10443115,0.10418701,0.026260376,0.35839844,0.32836914,0.014549255,0.14672852,0.11871338,0.26611328,0.16687012,0.023071289,0.0077056885,0.0012140274,0.004585266,0.8984375,0.008041382,0.0040397644,0.13989258,0.06707764,0.000042259693,0.000066936016,0.021728516,0.009605408,0.038848877,0.119506836,0.010887146,0.03488159,0.0054359436,0.0000461936,0.00020384789,0.0037441254,0.0002975464,0.003622055,0.77783203,0.90966797,0.0005698204,0.05343628,0.007972717,0.014457703,0.000002682209,0.0000022053719,0
4.172325e-7,0.0001231432,0.0008196831,0.29418945,0.9267578,0.5541992,0.000086188316,4.172325e-7,2.9802322e-7,0.004360199,0.005207062,0.046295166,0.061157227,0.027633667,0.29248047,0.28271484,0.02407837,0.34570312,0.3215332,0.055786133,0.0541687,0.28857422,0.12005615,0.00022745132,0.0033912659,0.8613281,0.017456055,0.008621216,0.026153564,0.05041504,0.0017032623,0.0017213821,0.04916382,0.0013475418,0.052825928,0.012283325,0.0033226013,0.04724121,0.020004272,0.00040197372,0.00447464,0.009925842,0.0025024414,0.008811951,0.00047183037,0.0011920929,0.0017652512,0.0066871643,0.00072431564,0.00069475174,4.172325e-7,1.1920929e-7,0
2.9802322e-7,0.000009119511,0.000006556511,0.94384766,0.9453125,0.92822266,0.0002720356,4.7683716e-7,0.0000014901161,0.029174805,0.019134521,0.1303711,0.15454102,0.07574463,0.076538086,0.079589844,0.07788086,0.117370605,0.079956055,0.31811523,0.123046875,0.042877197,0.055664062,0.00032162666,0.010757446,0.9223633,0.0049362183,0.012878418,0.18225098,0.13769531,0.0000243783,0.0000577569,0.014450073,0.004798889,0.052856445,0.050201416,0.0067481995,0.020309448,0.06768799,0.00044059753,0.022766113,0.072509766,0.0007805824,0.00032687187,0.000107586384,0.00012123585,0.00002336502,0.00068998337,0.00007611513,0.000031411648,0.00000166893,5.364418e-7,0
4.7683716e-7,0.000114262104,0.00020182133,0.6640625,0.90478516,0.8383789,0.0011253357,0.0000019669533,0.0000031590462,0.010948181,0.0028915405,0.028274536,0.018066406,0.7451172,0.0014896393,0.0023765564,0.7451172,0.38598633,0.40112305,0.052856445,0.03353882,0.08917236,0.18200684,0.0018291473,0.0065078735,0.8984375,0.004634857,0.0006117821,0.23461914,0.111206055,0.0051231384,0.01008606,0.039398193,0.017837524,0.8076172,0.7602539,0.004562378,0.013061523,0.02420044,0.000008165836,0.0018386841,0.001616478,0.00024867058,0.007610321,0.035614014,0.05279541,0.002811432,0.033172607,0.014717102,0.014297485,0.0000062584877,0.000006020069,0
0.000004827976,0.06726074,0.0519104,0.010169983,0.19677734,0.28857422,0.002380371,0.0000023245811,0.0000054240227,0.20043945,0.080078125,0.058624268,0.09649658,0.0025596619,0.1854248,0.7451172,0.093688965,0.09429932,0.08288574,0.58251953,0.07861328,0.0030593872,0.012573242,0.0037956238,0.25976562,0.09112549,0.000008583069,0.00097084045,0.023773193,0.055023193,0.0032348633,0.0044136047,0.01914978,0.000042021275,0.7163086,0.6879883,0.035949707,0.13134766,0.0012321472,0.010978699,0.010536194,0.023284912,0.0045547485,0.054351807,0.3659668,0.6044922,0.025009155,0.10021973,0.46875,0.8383789,0.0000113248825,0.000007987022,0
2.3841858e-7,0.0010871887,0.0011644363,0.5097656,0.55908203,0.14245605,0.00040197372,5.364418e-7,2.3841858e-7,0.053863525,0.0362854,0.037994385,0.029968262,0.04916382,0.18713379,0.1895752,0.054595947,0.34350586,0.32641602,0.21203613,0.14758301,0.026504517,0.015022278,0.0014295578,0.0067977905,0.9609375,0.006942749,0.0009570122,0.028915405,0.082092285,0.0014839172,0.0035533905,0.024795532,0.002708435,0.17797852,0.18310547,0.00034928322,0.009742737,0.02015686,0.000046551228,0.00024437904,0.0009899139,0.000113129616,0.0061950684,0.012275696,0.079711914,0.0014286041,0.58691406,0.0013837814,0.0068206787,0.000006914139,0.0000015497208,0
3.5762787e-7,0.0008993149,0.00069475174,0.5097656,0.4855957,0.18444824,0.00006592274,2.3841858e-7,1.1920929e-7,0.045318604,0.024795532,0.037109375,0.032470703,0.015098572,0.39697266,0.40820312,0.010604858,0.23950195,0.25219727,0.1821289,0.12213135,0.018432617,0.012168884,0.00020360947,0.003458023,0.8027344,0.004814148,0.0042152405,0.010917664,0.009483337,0.0003361702,0.0008678436,0.006340027,0.004924774,0.0044288635,0.0063171387,0.0009293556,0.015129089,0.021087646,0.000048935413,0.00035262108,0.00041413307,0.000872612,0.005657196,0.0067977905,0.03366089,0.00048542023,0.16784668,0.00020456314,0.00056028366,0.0000020861626,4.172325e-7,0
4.172325e-7,0.00022900105,0.000087320805,0.62597656,0.81591797,0.30200195,0.0006747246,8.34465e-7,1.1920929e-7,0.34936523,0.2980957,0.4038086,0.38720703,0.26879883,0.07904053,0.027023315,0.19360352,0.031280518,0.017303467,0.59375,0.36376953,0.00472641,0.00075912476,0.0026378632,0.004524231,0.42260742,0.021331787,0.0007843971,0.027389526,0.035339355,0.00010627508,0.00010347366,0.015113831,0.00027656555,0.35205078,0.3310547,0.018234253,0.07702637,0.0006608963,0.0005903244,0.002714157,0.011657715,0.0002529621,0.00818634,0.37451172,0.5683594,0.005001068,0.010658264,0.0021305084,0.0053215027,0.0000022053719,0.0000011920929,0
4.7683716e-7,0.00048542023,0.0019569397,0.3034668,0.828125,0.11633301,0.0009880066,4.7683716e-7,1.7881393e-7,0.089538574,0.09033203,0.07092285,0.06414795,0.7050781,0.0070495605,0.005039215,0.6826172,0.21447754,0.21948242,0.29418945,0.12347412,0.02684021,0.006187439,0.001947403,0.019760132,0.89697266,0.0033855438,0.0033664703,0.028564453,0.117370605,0.00011193752,0.00011193752,0.03564453,0.0013980865,0.13183594,0.19799805,0.0034160614,0.03265381,0.008544922,0.0003809929,0.00008672476,0.0012321472,0.0001642704,0.0043144226,0.7597656,0.96240234,0.0010719299,0.09320068,0.004447937,0.01828003,0.0000029802322,0.000002682209,0
0.0000017285347,0.0023231506,0.06317139,0.009185791,0.60302734,0.034820557,0.00005596876,1.1920929e-7,1.7881393e-7,0.015129089,0.16186523,0.0033016205,0.022216797,0.07531738,0.16589355,0.13708496,0.053100586,0.7006836,0.49267578,0.33374023,0.16870117,0.09100342,0.0024929047,0.000097334385,0.00028967857,0.015777588,0.0023021698,0.002658844,0.010787964,0.0003902912,0.04019165,0.06604004,0.0036678314,0.0006594658,0.003025055,0.003955841,0.0064353943,0.00970459,0.037261963,0.0001283884,0.028305054,0.019195557,0.023803711,0.034057617,0.000106334686,0.0000910759,0.0033073425,0.0118637085,0.0008368492,0.0010766983,9.536743e-7,5.9604645e-8,0
8.34465e-7,0.00010806322,0.000045478344,0.43530273,0.91064453,0.66552734,0.00035619736,1.7881393e-7,1.1920929e-7,0.51220703,0.5493164,0.5756836,0.69091797,0.14416504,0.2956543,0.087402344,0.020370483,0.01727295,0.0048332214,0.45166016,0.29638672,0.003435135,0.00026273727,0.00074625015,0.016418457,0.4597168,0.0011978149,0.059936523,0.032714844,0.031234741,0.000028192997,0.000028848648,0.008506775,0.0015172958,0.0061454773,0.010284424,0.011688232,0.053894043,0.006412506,0.0007138252,0.0019950867,0.012023926,0.001004219,0.0016927719,0.50927734,0.79589844,0.00026631355,0.0074386597,0.00166893,0.004638672,8.34465e-7,6.556511e-7,0
2.3841858e-7,0.0011825562,0.0005335808,0.24230957,0.69140625,0.52001953,0.001408577,8.940697e-7,0.0000011920929,0.24609375,0.33081055,0.30078125,0.3178711,0.08654785,0.11804199,0.09539795,0.04159546,0.06903076,0.06161499,0.46704102,0.34301758,0.0074653625,0.0025310516,0.0059432983,0.05319214,0.7138672,0.00022900105,0.00026512146,0.107055664,0.08886719,0.0039978027,0.007423401,0.10992432,0.013710022,0.86816406,0.89990234,0.0024547577,0.008575439,0.038604736,0.0000027418137,0.00090646744,0.0020427704,0.000112473965,0.0028915405,0.46850586,0.53564453,0.015716553,0.16931152,0.11065674,0.08929443,0.00000756979,0.0000054836273,0
1.1920929e-7,0.015899658,0.011993408,0.064208984,0.23962402,0.09527588,0.0000667572,1.1920929e-7,1.7881393e-7,0.044799805,0.015068054,0.041534424,0.050323486,0.6640625,0.0031642914,0.008758545,0.67871094,0.22021484,0.19787598,0.37353516,0.06781006,0.022003174,0.020553589,0.00023043156,0.03616333,0.86865234,0.0035190582,0.005126953,0.008666992,0.057769775,0.0000859499,0.00013935566,0.013420105,0.0013208389,0.03741455,0.024887085,0.0004348755,0.034118652,0.030639648,0.00041365623,0.0010585785,0.0031490326,0.00017249584,0.0013008118,0.00025892258,0.002325058,0.000045657158,0.0072021484,0.00000500679,0.000034809113,9.536743e-7,5.364418e-7,0
8.34465e-7,0.000018417835,1.7881393e-7,0.97216797,0.9589844,0.9897461,0.00016713142,0.0000012516975,0.0000010728836,0.07824707,0.012077332,0.074279785,0.091674805,0.013328552,0.29003906,0.27954102,0.013999939,0.105163574,0.10168457,0.32006836,0.09008789,0.009399414,0.057495117,0.00017952919,0.0015993118,0.76416016,0.018005371,0.008178711,0.050048828,0.020553589,0.00011456013,0.00014352798,0.012260437,0.01626587,0.01424408,0.012008667,0.023880005,0.01210022,0.02432251,0.000105917454,0.00459671,0.011634827,0.0022563934,0.004650116,0.0011472702,0.0005917549,0.00081014633,0.00094127655,0.00073480606,0.00026011467,0.0000031590462,5.9604645e-7,0
0.000005364418,0.53271484,0.0074424744,0.00579834,0.0028972626,0.15124512,0.000065624714,5.9604645e-7,1.7881393e-7,0.33496094,0.28881836,0.32641602,0.5419922,1.0,0.0005712509,4.172325e-7,0.99658203,0.01687622,0.009643555,0.2130127,0.16333008,0.0011882782,0.012374878,0.00011587143,0.020843506,0.008682251,0.00048971176,0.00030827522,0.05911255,0.7060547,0.00064468384,0.00017595291,0.025283813,0.6953125,0.006980896,0.0012483597,0.0014629364,0.014625549,0.8876953,0.000017404556,0.23632812,0.114990234,0.15197754,0.06512451,0.000009655952,0.0000121593475,0.00010848045,0.00001257658,0.00049495697,0.0023822784,8.34465e-7,3.5762787e-7,0
3.5762787e-7,0.000011026859,0.000014364719,0.91308594,0.9663086,0.8774414,0.0009288788,0.0000010728836,0.0000024437904,0.016845703,0.013114929,0.09124756,0.06323242,0.12188721,0.07232666,0.050994873,0.08917236,0.22399902,0.25561523,0.1282959,0.25561523,0.06958008,0.07647705,0.0030212402,0.011199951,0.9199219,0.002620697,0.0024204254,0.42285156,0.3076172,0.00037193298,0.0007696152,0.04257202,0.0049705505,0.6308594,0.58154297,0.005382538,0.024841309,0.017120361,0.000042259693,0.0017271042,0.005554199,0.00011354685,0.0011720657,0.08874512,0.17736816,0.0012655258,0.03265381,0.004634857,0.00680542,0.0000031590462,0.0000024437904,0
4.7683716e-7,0.000010788441,0.000007033348,0.94384766,0.94970703,0.9399414,0.00064611435,0.0000012516975,0.0000021457672,0.01725769,0.014961243,0.11517334,0.1315918,0.049682617,0.10638428,0.11328125,0.06726074,0.1484375,0.12792969,0.22106934,0.12060547,0.06304932,0.07989502,0.0007042885,0.015510559,0.9453125,0.0025424957,0.003932953,0.12536621,0.14550781,0.00068855286,0.0015354156,0.018310547,0.0014190674,0.19226074,0.2097168,0.007888794,0.029327393,0.010902405,0.0002901554,0.009689331,0.020477295,0.00070762634,0.0014801025,0.0019330978,0.0026988983,0.00019001961,0.0071258545,0.0009021759,0.00058221817,0.0000029206276,0.0000026226044,0
4.172325e-7,0.00002861023,0.00092983246,0.60498047,0.9741211,0.55566406,0.00067281723,0.0000011920929,4.172325e-7,0.036499023,0.23864746,0.03149414,0.32983398,0.15209961,0.23730469,0.082092285,0.033050537,0.5649414,0.10974121,0.35668945,0.083740234,0.18334961,0.0038375854,0.0010032654,0.0001860857,0.9033203,0.23547363,0.0064430237,0.008399963,0.22424316,0.0044898987,0.0018482208,0.074523926,0.000017344952,0.18615723,0.05908203,0.009231567,0.05630493,0.005832672,0.044006348,0.0011539459,0.001748085,0.000300169,0.0060920715,0.1772461,0.42822266,0.045928955,0.051361084,0.0024089813,0.0031490326,0.0000037550926,6.556511e-7,0
4.172325e-7,0.0006108284,0.00090646744,0.23425293,0.6669922,0.18041992,0.000082194805,5.9604645e-8,1.7881393e-7,0.059448242,0.06591797,0.09674072,0.119140625,0.04675293,0.1574707,0.14685059,0.043395996,0.10760498,0.0803833,0.33520508,0.11291504,0.016723633,0.004108429,0.00022542477,0.0031375885,0.6425781,0.009857178,0.017990112,0.2824707,0.003522873,0.000012099743,0.000028967857,0.0024738312,0.009376526,0.0007572174,0.0028877258,0.007598877,0.0064430237,0.008071899,0.00006240606,0.000541687,0.0013418198,0.0004954338,0.0015201569,0.052246094,0.07562256,0.0003516674,0.024597168,0.000025689602,0.000027418137,0.0000010728836,2.9802322e-7,0
1.1920929e-7,0.031982422,0.09954834,0.02180481,0.12817383,0.0064353943,0.00015842915,5.9604645e-8,5.9604645e-8,0.33813477,0.6308594,0.28271484,0.36645508,0.07702637,0.27319336,0.1550293,0.020980835,0.052642822,0.018051147,0.47875977,0.46850586,0.0041389465,0.00011628866,0.0005517006,0.021697998,0.7338867,0.0026111603,0.0008878708,0.0024700165,0.05987549,0.009498596,0.0104522705,0.002784729,0.00029301643,0.16748047,0.117370605,0.00032019615,0.025863647,0.0016546249,0.00013411045,0.00042152405,0.0013198853,0.00047802925,0.0050315857,0.0014743805,0.010940552,0.001625061,0.03250122,0.0012903214,0.017150879,0.000003695488,5.9604645e-7,0
0.000002503395,0.0010251999,0.24645996,0.10058594,0.5546875,0.004749298,0.00026988983,1.7881393e-7,9.536743e-7,0.008605957,0.07342529,0.003168106,0.008728027,0.61376953,0.0791626,0.01210022,0.47558594,0.7763672,0.70654297,0.045654297,0.03439331,0.48754883,0.021438599,0.0011873245,0.00091838837,0.005657196,0.0023326874,0.00037837029,0.0070877075,0.2421875,0.016860962,0.011558533,0.023635864,0.000019550323,0.060424805,0.020141602,0.009140015,0.049743652,0.03164673,0.05682373,0.0046806335,0.010696411,0.0033168793,0.023727417,0.0046806335,0.0060195923,0.05657959,0.0014095306,0.0020122528,0.0070381165,0.000014781952,2.3841858e-7,0
0.000002026558,0.000121474266,0.00013637543,0.72314453,0.84814453,0.5932617,0.00041103363,0.000003874302,0.000002026558,0.029876709,0.036102295,0.26416016,0.23022461,0.03152466,0.17504883,0.16931152,0.021575928,0.07147217,0.07861328,0.09265137,0.26879883,0.04837036,0.050476074,0.00083494186,0.0030517578,0.78759766,0.00491333,0.0024814606,0.060760498,0.04119873,0.04135132,0.07165527,0.011817932,0.0013980865,0.1038208,0.11987305,0.046203613,0.085632324,0.0005302429,0.00004887581,0.006034851,0.0062675476,0.003129959,0.0093688965,0.07739258,0.08227539,0.008636475,0.035064697,0.023254395,0.017028809,0.0000034570694,0.000011563301,0
6.556511e-7,0.076416016,0.11315918,0.0010929108,0.119506836,0.0045394897,0.00011986494,5.9604645e-8,5.9604645e-8,0.33764648,0.4025879,0.084472656,0.0859375,0.04989624,0.3330078,0.3166504,0.011772156,0.13476562,0.13586426,0.44335938,0.6381836,0.002878189,0.00022983551,0.00020229816,0.022613525,0.55078125,0.000320673,0.015960693,0.0034561157,0.05529785,0.003118515,0.0025138855,0.00053453445,0.00011432171,0.005458832,0.003917694,0.002193451,0.091674805,0.00060367584,0.00071048737,0.0008506775,0.0028381348,0.0018672943,0.002702713,0.039978027,0.25317383,0.012214661,0.10003662,0.00036549568,0.0072402954,4.7683716e-7,2.3841858e-7,0
1.7881393e-7,0.024673462,0.017730713,0.08081055,0.1394043,0.023910522,0.00017499924,2.3841858e-7,5.9604645e-8,0.30981445,0.39648438,0.15979004,0.13842773,0.17199707,0.09295654,0.05557251,0.11999512,0.08648682,0.109069824,0.37719727,0.60595703,0.0032291412,0.00041651726,0.00081825256,0.014625549,0.7993164,0.0029735565,0.00081300735,0.0027675629,0.0803833,0.018081665,0.02041626,0.0042533875,0.00007545948,0.23449707,0.18127441,0.0003581047,0.020874023,0.0021877289,0.0005784035,0.0004017353,0.0011949539,0.00020647049,0.0026416779,0.0024795532,0.016433716,0.003490448,0.06323242,0.0004720688,0.0042381287,0.000003874302,0.0000011324883,0
3.5762787e-7,0.0006494522,0.00095939636,0.56396484,0.6953125,0.21179199,0.0007457733,0.0000020861626,1.7881393e-7,0.07733154,0.02458191,0.08526611,0.043548584,0.018371582,0.3779297,0.37646484,0.020248413,0.20776367,0.2619629,0.10662842,0.2746582,0.015510559,0.034362793,0.0014925003,0.00021648407,0.97802734,0.13391113,0.0013389587,0.037231445,0.060058594,0.002368927,0.0041923523,0.06994629,0.0014810562,0.1295166,0.22509766,0.001159668,0.0046081543,0.030426025,0.00012254715,0.0002975464,0.00066041946,0.000081181526,0.005104065,0.3166504,0.5996094,0.0036411285,0.24304199,0.0047683716,0.007850647,0.0000025629997,0.0000020861626,0
3.5762787e-7,0.0006489754,0.0009613037,0.56347656,0.6958008,0.21154785,0.00074338913,0.0000020861626,1.7881393e-7,0.07739258,0.02468872,0.08544922,0.043670654,0.01838684,0.37817383,0.37670898,0.02017212,0.20703125,0.26123047,0.10681152,0.27514648,0.015510559,0.034118652,0.0014953613,0.00022399426,0.97802734,0.13049316,0.0013446808,0.036865234,0.059753418,0.002380371,0.004207611,0.06994629,0.0015039444,0.1295166,0.22436523,0.001162529,0.004650116,0.03024292,0.000119924545,0.00029611588,0.0006623268,0.00008177757,0.0051002502,0.3154297,0.5991211,0.0036621094,0.24438477,0.0047798157,0.007888794,0.0000025629997,0.0000020861626,0
2.3841858e-7,0.006587982,0.015411377,0.08416748,0.37890625,0.050598145,0.0000757575,0.0,5.9604645e-8,0.52685547,0.66552734,0.24890137,0.29956055,0.08843994,0.103149414,0.08618164,0.09124756,0.087768555,0.033111572,0.8388672,0.58447266,0.0029773712,0.00009196997,0.00017905235,0.0970459,0.68896484,0.0008678436,0.03894043,0.012290955,0.0049591064,0.000048577785,0.00014150143,0.002746582,0.013412476,0.010131836,0.0115737915,0.0007381439,0.018951416,0.06817627,0.00002259016,0.0039367676,0.024871826,0.00092601776,0.000104665756,0.000013232231,0.000043451786,0.0000054240227,0.003107071,0.0000032186508,0.000004053116,7.1525574e-7,2.3841858e-7,0
2.9802322e-7,0.0005135536,0.00026726723,0.4716797,0.70654297,0.19384766,0.00059890747,6.556511e-7,5.9604645e-8,0.06512451,0.028823853,0.099487305,0.10687256,0.2692871,0.0602417,0.038024902,0.26513672,0.13806152,0.115356445,0.16821289,0.06036377,0.025756836,0.026855469,0.0011739731,0.00034213066,0.9296875,0.6064453,0.0013313293,0.15966797,0.07751465,0.00015258789,0.000238657,0.025802612,0.1829834,0.055786133,0.052764893,0.0013484955,0.021026611,0.009117126,0.0000016093254,0.0004477501,0.00086450577,0.00020062923,0.01020813,0.13183594,0.40234375,0.00021028519,0.024093628,0.00012397766,0.00022661686,0.000002861023,8.34465e-7,0
0.000001013279,0.0002220869,0.00010532141,0.7260742,0.5517578,0.37329102,0.00014674664,2.9802322e-7,4.172325e-7,0.44604492,0.4411621,0.5517578,0.55615234,0.55566406,0.008552551,0.0064811707,0.52978516,0.010223389,0.007801056,0.3815918,0.37939453,0.0019550323,0.00025558472,0.0007867813,0.045776367,0.45410156,0.0002297163,0.03579712,0.013969421,0.014167786,0.000038683414,0.00006455183,0.0030574799,0.0009880066,0.0042800903,0.0072784424,0.017929077,0.11584473,0.0016727448,0.0005917549,0.0019626617,0.01424408,0.0010118484,0.0018606186,0.055023193,0.14916992,0.0014791489,0.13647461,0.00078868866,0.0010251999,8.34465e-7,7.748604e-7,0
0.000001847744,0.001627922,0.00043725967,0.39331055,0.6640625,0.6425781,0.000009179115,1.7881393e-7,5.9604645e-8,0.7446289,0.7285156,0.6791992,0.68115234,0.008102417,0.40478516,0.40576172,0.0055656433,0.009140015,0.0073394775,0.2208252,0.4050293,0.0011777878,0.0002784729,0.0000045895576,0.008613586,0.0011138916,0.0000034570694,0.00022780895,0.004348755,0.043640137,0.00013673306,0.00009316206,0.002948761,0.004917145,0.000054240227,0.000013589859,0.13830566,0.27172852,0.04537964,0.002483368,0.003440857,0.0040245056,0.67871094,0.4555664,0.021621704,0.013877869,0.0022697449,0.00011271238,0.08135986,0.08325195,0.0000022649765,2.3841858e-7,0
2.3841858e-7,0.00093221664,0.00014400482,0.49169922,0.55566406,0.06161499,0.00016665459,1.7881393e-7,0.0,0.109802246,0.2175293,0.03543091,0.18225098,0.42773438,0.24328613,0.028198242,0.068725586,0.2199707,0.045837402,0.5493164,0.33007812,0.011100769,0.0013771057,0.0005865097,0.039215088,0.50878906,0.002046585,0.0074424744,0.01033783,0.05999756,0.037872314,0.024383545,0.0031051636,0.08691406,0.0121154785,0.005821228,0.0015687943,0.04449463,0.00065279007,2.3841858e-7,0.0016231537,0.0005540848,0.003276825,0.0052490234,0.009727478,0.027832031,0.016815186,0.004432678,0.00026631355,0.0017910004,6.556511e-7,1.7881393e-7,0
0.0000014901161,0.0015420914,0.0008163452,0.38916016,0.3635254,0.32910156,0.0002503395,2.3841858e-7,1.7881393e-7,0.17285156,0.21582031,0.14440918,0.18518066,0.21166992,0.061462402,0.06021118,0.17712402,0.0692749,0.06335449,0.52001953,0.3713379,0.008384705,0.001496315,0.0004901886,0.04425049,0.4453125,0.00014686584,0.13745117,0.00856781,0.099853516,0.000042319298,0.00005763769,0.0052833557,0.0014324188,0.023284912,0.02810669,0.007980347,0.15161133,0.0045204163,0.0003838539,0.0034980774,0.012756348,0.00068950653,0.0053710938,0.025741577,0.059265137,0.0015363693,0.024734497,0.0011072159,0.0025157928,7.1525574e-7,2.9802322e-7,0
0.0,0.00019919872,0.008583069,0.20043945,0.9111328,0.019882202,0.00047516823,0.0,5.9604645e-8,0.08117676,0.32104492,0.020828247,0.5917969,0.30541992,0.5498047,0.035369873,0.007835388,0.49926758,0.011238098,0.6879883,0.07910156,0.027145386,0.0014228821,0.00083065033,0.0010766983,0.9501953,0.068847656,0.001206398,0.041900635,0.117614746,0.00002026558,0.00001513958,0.021652222,0.00025629997,0.05343628,0.13928223,0.0011196136,0.005382538,0.010482788,0.0054969788,0.00011712313,0.0011358261,0.000017762184,0.0032081604,0.2565918,0.68603516,0.00048971176,0.00894928,0.00018465519,0.0013313293,0.0000044703484,2.3841858e-7,0
0.0000013709068,0.0004644394,0.00039076805,0.65722656,0.74121094,0.5800781,0.0002206564,4.172325e-7,5.364418e-7,0.051727295,0.066101074,0.06488037,0.075927734,0.050598145,0.21179199,0.20581055,0.04473877,0.23364258,0.26635742,0.11004639,0.1977539,0.09692383,0.00945282,0.0009908676,0.034362793,0.47314453,0.0024147034,0.012519836,0.021987915,0.027816772,0.001876831,0.0016918182,0.026153564,0.00019931793,0.20043945,0.09838867,0.023132324,0.06793213,0.0014019012,0.0006160736,0.009010315,0.16381836,0.0011167526,0.0042648315,0.0004711151,0.00061655045,0.010246277,0.008270264,0.0055274963,0.0024433136,0.0000017285347,3.5762787e-7,0
0.000003874302,0.0013914108,0.007572174,0.57128906,0.48291016,0.045074463,0.0020961761,0.0000032186508,0.0000014305115,0.015487671,0.013053894,0.33154297,0.35546875,0.004512787,0.88378906,0.8769531,0.0019445419,0.025848389,0.028945923,0.15612793,0.09246826,0.17614746,0.05822754,0.0018625259,0.105529785,0.65625,0.00003963709,0.027359009,0.12237549,0.25952148,0.0010948181,0.0018634796,0.038757324,0.00070667267,0.06500244,0.08288574,0.026763916,0.088012695,0.036193848,0.003276825,0.0018358231,0.0034160614,0.002462387,0.017578125,0.84765625,0.8647461,0.010734558,0.20727539,0.029418945,0.02003479,0.000003695488,0.000002026558,0
2.9802322e-7,0.0067443848,0.017623901,0.101623535,0.35375977,0.038879395,0.00004810095,1.1920929e-7,1.1920929e-7,0.030822754,0.07409668,0.00957489,0.026000977,0.37036133,0.010467529,0.024505615,0.3461914,0.4362793,0.37231445,0.40112305,0.21728516,0.028457642,0.0035209656,0.00032663345,0.015396118,0.30566406,0.0005478859,0.019897461,0.00062942505,0.0184021,0.00012201071,0.00014781952,0.0005450249,0.000104129314,0.020263672,0.012390137,0.0017757416,0.1809082,0.0027503967,0.0016870499,0.003446579,0.007965088,0.0004286766,0.00055885315,0.001821518,0.02116394,0.00037193298,0.27368164,0.0000029802322,0.000016629696,5.364418e-7,4.172325e-7,0
1.7881393e-7,0.039093018,0.1005249,0.011100769,0.13208008,0.005771637,0.00018799305,5.9604645e-8,5.9604645e-8,0.29248047,0.56689453,0.24157715,0.28515625,0.05340576,0.32617188,0.23962402,0.014953613,0.066223145,0.029434204,0.50390625,0.51123047,0.0055351257,0.00017082691,0.00067806244,0.024093628,0.73828125,0.0023117065,0.0007843971,0.004142761,0.055145264,0.009841919,0.012397766,0.0019626617,0.00029969215,0.24194336,0.17602539,0.0003709793,0.026184082,0.0010147095,0.000099003315,0.00041246414,0.0018386841,0.0004312992,0.0037727356,0.0015506744,0.010864258,0.0013427734,0.040527344,0.0014867783,0.019104004,0.00000423193,7.1525574e-7,0
4.172325e-7,0.00010228157,0.00008612871,0.7265625,0.7314453,0.6430664,0.00006252527,1.7881393e-7,8.34465e-7,0.072753906,0.04385376,0.23669434,0.22497559,0.013008118,0.28198242,0.29223633,0.012283325,0.0473938,0.054260254,0.15710449,0.3022461,0.016540527,0.02708435,0.00015258789,0.0075569153,0.5024414,0.0019273758,0.02859497,0.078552246,0.025512695,0.0000028014183,0.0000054240227,0.007270813,0.005542755,0.006877899,0.008026123,0.046539307,0.024490356,0.026168823,0.00039935112,0.023208618,0.14929199,0.0013885498,0.0003437996,0.00015807152,0.000083744526,0.000053226948,0.00014352798,0.00018918514,0.000051259995,7.1525574e-7,2.9802322e-7,0
5.9604645e-8,0.00019812584,0.028015137,0.25952148,0.88427734,0.007270813,0.00028252602,5.9604645e-8,5.9604645e-8,0.052368164,0.15393066,0.044006348,0.11755371,0.10675049,0.90234375,0.26733398,0.0007972717,0.23706055,0.09753418,0.36206055,0.18835449,0.031158447,0.0057907104,0.0009703636,0.0013027191,0.86621094,0.08404541,0.00178051,0.03466797,0.13696289,0.00013017654,0.00010681152,0.0052871704,0.00021266937,0.07537842,0.0769043,0.00045609474,0.0065345764,0.0030670166,0.0015029907,0.000095665455,0.0011281967,0.000030755997,0.001373291,0.40673828,0.85791016,0.0009841919,0.023468018,0.00020778179,0.002166748,0.000003874302,1.7881393e-7,0
2.9802322e-7,0.000064373016,0.00034689903,0.47485352,0.95703125,0.6713867,0.00007790327,4.7683716e-7,4.7683716e-7,0.003643036,0.0033779144,0.033355713,0.04260254,0.04333496,0.28833008,0.25585938,0.02319336,0.4399414,0.40161133,0.0715332,0.026992798,0.36987305,0.16040039,0.00026154518,0.0029640198,0.8652344,0.032989502,0.009918213,0.03253174,0.07092285,0.00066280365,0.00062799454,0.14038086,0.00063991547,0.08276367,0.016311646,0.0028533936,0.045318604,0.052368164,0.0017757416,0.004524231,0.011383057,0.0011749268,0.0047912598,0.00036740303,0.0008945465,0.0015268326,0.0039253235,0.00030255318,0.0002641678,5.364418e-7,5.9604645e-8,0
4.7683716e-7,0.000099658966,0.00007981062,0.7270508,0.7397461,0.6582031,0.00006258488,2.3841858e-7,8.940697e-7,0.07684326,0.03994751,0.22045898,0.20922852,0.011917114,0.2980957,0.30737305,0.011306763,0.05105591,0.05883789,0.16345215,0.2866211,0.0151901245,0.028778076,0.00015187263,0.0058784485,0.50341797,0.0025024414,0.033050537,0.076660156,0.02267456,0.00000333786,0.0000067949295,0.006515503,0.0040283203,0.0066490173,0.008117676,0.05090332,0.024719238,0.025344849,0.0005617142,0.024108887,0.14953613,0.0014743805,0.00031352043,0.00015032291,0.000080645084,0.00005096197,0.0001887083,0.00015354156,0.000039696693,7.748604e-7,2.9802322e-7,0
0.0000011920929,0.00094270706,0.0009975433,0.2841797,0.6635742,0.27172852,0.0004014969,4.172325e-7,8.940697e-7,0.013435364,0.0068855286,0.07977295,0.08483887,0.3696289,0.01512146,0.013130188,0.34936523,0.12866211,0.12719727,0.12243652,0.039978027,0.06866455,0.048736572,0.0006608963,0.0048065186,0.78125,0.0036506653,0.0063552856,0.059417725,0.01084137,0.0001437664,0.00020599365,0.004333496,0.00022614002,0.014839172,0.04446411,0.019592285,0.020751953,0.0029010773,0.0015659332,0.00070381165,0.006286621,0.0003259182,0.001698494,0.41137695,0.5908203,0.0021419525,0.17053223,0.00091314316,0.0011301041,0.000002026558,0.000002503395,0
0.0000017285347,0.00009423494,0.000049233437,0.85791016,0.9350586,0.8364258,0.00031900406,0.0000051259995,5.364418e-7,0.0073165894,0.028884888,0.056274414,0.08215332,0.17016602,0.2553711,0.08459473,0.039093018,0.33911133,0.24609375,0.10687256,0.076293945,0.38427734,0.03665161,0.0012588501,0.0017623901,0.68603516,0.045715332,0.0070266724,0.0046653748,0.14172363,0.31079102,0.23632812,0.053863525,0.000018239021,0.23522949,0.035247803,0.0028247833,0.058441162,0.0046653748,0.0062789917,0.0024700165,0.001832962,0.0016717911,0.007457733,0.01725769,0.068359375,0.13354492,0.26220703,0.002067566,0.005268097,0.0000032782555,7.748604e-7,0
1.1920929e-7,0.035369873,0.08428955,0.021606445,0.11846924,0.007446289,0.00012350082,5.9604645e-8,5.9604645e-8,0.37402344,0.6230469,0.2866211,0.34228516,0.07501221,0.2836914,0.16931152,0.019973755,0.05041504,0.020996094,0.4477539,0.48706055,0.0034255981,0.00011640787,0.0004529953,0.016937256,0.7529297,0.0036563873,0.0012454987,0.0025157928,0.06738281,0.0052337646,0.0054779053,0.0029525757,0.00020992756,0.12414551,0.080078125,0.0003092289,0.024230957,0.001912117,0.000233531,0.00038957596,0.0015459061,0.00033068657,0.0029067993,0.0011329651,0.008338928,0.0014591217,0.021560669,0.00055885315,0.0075950623,0.0000029206276,4.172325e-7,0
4.7683716e-7,0.00077342987,0.0024204254,0.3017578,0.7416992,0.13366699,0.00050640106,1.7881393e-7,1.7881393e-7,0.08154297,0.062927246,0.0993042,0.09338379,0.024642944,0.37548828,0.35107422,0.015716553,0.14794922,0.13378906,0.29785156,0.11242676,0.023956299,0.0072898865,0.00092697144,0.00843811,0.8769531,0.0029296875,0.005012512,0.03152466,0.070739746,0.00004351139,0.000051558018,0.022705078,0.0015983582,0.031799316,0.07104492,0.0028800964,0.020690918,0.008735657,0.00044488907,0.00009679794,0.0020809174,0.0001565218,0.0023727417,0.7080078,0.94189453,0.0006041527,0.074523926,0.003030777,0.013412476,0.0000022649765,0.0000011324883,0
1.1920929e-7,0.0007929802,0.0002501011,0.5522461,0.6225586,0.34375,0.00005930662,1.7881393e-7,2.3841858e-7,0.06732178,0.016693115,0.054351807,0.039855957,0.030471802,0.33740234,0.31176758,0.008903503,0.20593262,0.23120117,0.2364502,0.12939453,0.020202637,0.02279663,0.00086832047,0.19970703,0.7348633,0.000223279,0.0016441345,0.0019044876,0.00592041,0.0095825195,0.022491455,0.0071258545,0.021255493,0.15026855,0.10430908,0.00036406517,0.019439697,0.009399414,0.0000011920929,0.00049495697,0.0025997162,0.0003554821,0.0006828308,0.00021827221,0.0006709099,0.00074768066,0.10797119,0.0001437664,0.00041532516,0.0000047683716,8.34465e-7,0
0.000009000301,0.009338379,0.0012207031,0.6503906,0.21130371,0.26831055,0.0023880005,0.000006198883,8.34465e-7,0.2734375,0.097717285,0.19165039,0.21569824,0.13720703,0.17114258,0.10040283,0.07635498,0.08581543,0.08868408,0.41625977,0.6425781,0.005256653,0.020431519,0.004055023,0.07562256,0.80371094,0.00034880638,0.028015137,0.2861328,0.4572754,0.017929077,0.017822266,0.008033752,0.0001320839,0.23583984,0.24707031,0.037841797,0.095458984,0.00050497055,0.002729416,0.007873535,0.024719238,0.0059013367,0.015602112,0.6645508,0.69091797,0.023712158,0.15026855,0.24194336,0.3786621,0.0000011324883,0.0000033974648,0
0.0000012516975,0.00011074543,0.00003027916,0.8535156,0.96484375,0.8901367,0.00030946732,0.0000025629997,3.5762787e-7,0.66796875,0.7114258,0.6015625,0.81347656,0.6455078,0.046875,0.007850647,0.3720703,0.055480957,0.0050354004,0.6904297,0.46020508,0.01574707,0.0001553297,0.0016031265,0.008743286,0.8359375,0.104003906,0.0054969788,0.04071045,0.09088135,0.0015182495,0.0013446808,0.11187744,0.0010251999,0.11431885,0.062469482,0.01751709,0.16662598,0.0098724365,0.0005273819,0.003490448,0.0020503998,0.0005283356,0.00415802,0.0069274902,0.017959595,0.004463196,0.053710938,0.00022745132,0.00012433529,0.0000044107437,8.34465e-7,0
0.00003796816,0.1920166,0.00015640259,0.16064453,0.053253174,0.9477539,0.0003490448,0.000027120113,0.00005710125,0.060180664,0.059692383,0.009651184,0.22338867,0.00050878525,0.011230469,0.96777344,0.70703125,0.4807129,0.07928467,0.40893555,0.01108551,0.07550049,0.2524414,0.00052404404,0.5620117,0.06652832,0.00001168251,0.0011472702,0.35913086,0.04373169,0.00003296137,0.00014221668,0.80615234,0.47680664,0.021820068,0.1303711,0.1048584,0.12695312,0.30615234,0.000061035156,0.54589844,0.22717285,0.046844482,0.125,0.0007390976,0.0011310577,0.000004708767,0.003993988,0.21130371,0.026779175,0.0000044703484,0.000031530857,0
0.0000020861626,0.000038325787,0.0000013709068,0.9741211,0.83691406,0.9746094,0.00043010712,0.0000013113022,7.1525574e-7,0.08508301,0.008758545,0.020065308,0.019958496,0.05581665,0.1965332,0.19360352,0.046905518,0.3720703,0.37402344,0.48657227,0.052612305,0.043395996,0.031097412,0.00051927567,0.105773926,0.72558594,0.0018672943,0.023468018,0.021057129,0.1083374,0.0022735596,0.0017595291,0.0056495667,0.0047950745,0.040496826,0.029968262,0.010948181,0.05508423,0.0067329407,0.00038528442,0.005519867,0.019760132,0.0066986084,0.00630188,0.0018348694,0.0012369156,0.0056037903,0.002407074,0.0028877258,0.00340271,0.0000053048134,2.3841858e-7,0
0.0000017285347,0.000009953976,0.0000053048134,0.9506836,0.9658203,0.94384766,0.0005106926,0.0000011324883,0.0000031590462,0.018798828,0.007534027,0.034118652,0.03253174,0.034606934,0.11291504,0.12176514,0.046051025,0.2861328,0.29516602,0.14465332,0.13305664,0.03564453,0.086364746,0.0004887581,0.004386902,0.8544922,0.0025691986,0.010826111,0.17871094,0.03488159,0.00010609627,0.00019097328,0.016830444,0.050720215,0.0178833,0.027618408,0.03665161,0.07470703,0.0093307495,0.000010967255,0.0034236908,0.0058174133,0.00116539,0.002407074,0.3088379,0.41333008,0.0020866394,0.054382324,0.002691269,0.001534462,0.0000012516975,0.0000014901161,0
0.00000500679,0.0068244934,0.013160706,0.56933594,0.5834961,0.28979492,0.0038318634,0.00000923872,9.536743e-7,0.08148193,0.015274048,0.16455078,0.21228027,0.10070801,0.08679199,0.13842773,0.21606445,0.11639404,0.105407715,0.16345215,0.10107422,0.03213501,0.25683594,0.002910614,0.085754395,0.7128906,0.0010080338,0.0035037994,0.24487305,0.7241211,0.0034255981,0.0045280457,0.047058105,0.007762909,0.4814453,0.50439453,0.016052246,0.10321045,0.0027313232,0.000095546246,0.008705139,0.018234253,0.0096206665,0.15002441,0.32202148,0.421875,0.0025863647,0.032470703,0.23205566,0.39941406,0.0000041127205,0.0000054240227,0
2.9802322e-7,0.0007338524,0.0005569458,0.5317383,0.5288086,0.1694336,0.000073969364,2.9802322e-7,1.1920929e-7,0.043792725,0.02166748,0.041748047,0.034088135,0.027130127,0.2993164,0.29760742,0.016357422,0.22131348,0.24121094,0.14929199,0.11413574,0.019973755,0.014587402,0.0002424717,0.0037708282,0.81640625,0.004711151,0.0034828186,0.0087509155,0.013381958,0.00040364265,0.00086545944,0.009223938,0.004787445,0.0056037903,0.0075263977,0.0010528564,0.018569946,0.019943237,0.000052809715,0.0002770424,0.00032806396,0.0007004738,0.0079193115,0.015182495,0.07409668,0.000934124,0.16040039,0.0002887249,0.00091028214,0.0000022053719,4.172325e-7,0
2.3841858e-7,0.00006651878,0.00048971176,0.43017578,0.953125,0.63378906,0.00007611513,2.9802322e-7,2.9802322e-7,0.003353119,0.0022239685,0.033996582,0.04296875,0.03656006,0.2734375,0.2602539,0.026031494,0.4255371,0.39770508,0.059051514,0.027664185,0.35473633,0.20703125,0.00024986267,0.004299164,0.8574219,0.02168274,0.010414124,0.032196045,0.105407715,0.00029826164,0.00023829937,0.11578369,0.0020942688,0.07366943,0.014175415,0.0023059845,0.043060303,0.050109863,0.00061130524,0.0032901764,0.013282776,0.0010194778,0.0047340393,0.00031614304,0.00078105927,0.0010995865,0.0017604828,0.00036215782,0.00032877922,3.5762787e-7,5.9604645e-8,0
1.7881393e-7,0.0003232956,0.00019025803,0.7026367,0.6801758,0.32177734,0.00016844273,7.1525574e-7,1.7881393e-7,0.17260742,0.18286133,0.031555176,0.049743652,0.26416016,0.024887085,0.030166626,0.2578125,0.30566406,0.19763184,0.5180664,0.08911133,0.008041382,0.0033187866,0.00049448013,0.0009331703,0.81640625,0.11254883,0.0014162064,0.015602112,0.01159668,0.002368927,0.003036499,0.011711121,0.0001553297,0.05834961,0.15100098,0.0014925003,0.0032920837,0.04559326,0.0023422241,0.0036582947,0.003019333,0.00018405914,0.001666069,0.00021076202,0.00033783913,0.000579834,0.005710602,0.000005841255,0.000009894371,0.000005841255,4.7683716e-7,0
5.364418e-7,0.0011425018,0.0009784698,0.38549805,0.6196289,0.18884277,0.00048542023,8.34465e-7,2.3841858e-7,0.11053467,0.054107666,0.057617188,0.04510498,0.08288574,0.08544922,0.11639404,0.11541748,0.23303223,0.25854492,0.18835449,0.32739258,0.0095825195,0.008880615,0.0008831024,0.0040359497,0.94628906,0.0046539307,0.0026779175,0.029037476,0.030456543,0.0022888184,0.003326416,0.031921387,0.0010156631,0.03289795,0.07366943,0.001906395,0.0054397583,0.023208618,0.00020086765,0.0004415512,0.000688076,0.00022113323,0.005340576,0.17004395,0.39648438,0.0052604675,0.2442627,0.0018424988,0.004470825,0.0000021457672,0.0000019073486,0
0.000001013279,0.33691406,0.38500977,0.0029945374,0.019302368,0.0052719116,0.0011901855,1.7881393e-7,1.1920929e-7,0.23718262,0.04498291,0.11071777,0.12585449,0.080444336,0.18103027,0.18066406,0.0715332,0.15893555,0.13867188,0.50097656,0.05718994,0.015144348,0.021621704,0.0029239655,0.0015392303,0.19506836,0.0009365082,0.0029010773,0.107788086,0.07196045,0.00014054775,0.000156641,0.01876831,0.006084442,0.27807617,0.33154297,0.008522034,0.00705719,0.008232117,0.00007343292,0.001709938,0.008239746,0.00028967857,0.044891357,0.11071777,0.08959961,0.011222839,0.004825592,0.39526367,0.33813477,0.0000014901161,1.7881393e-7,0
0.0000016093254,0.11004639,0.09790039,0.08239746,0.01574707,0.07409668,0.0010557175,0.0000010728836,0.0000012516975,0.1616211,0.06390381,0.3791504,0.39672852,0.023483276,0.22558594,0.29125977,0.0690918,0.024154663,0.026016235,0.46020508,0.13134766,0.004463196,0.021392822,0.0030536652,0.009376526,0.015525818,0.000051558018,0.0002834797,0.113586426,0.18017578,0.00078201294,0.0011320114,0.008026123,0.0000031590462,0.6669922,0.68847656,0.028259277,0.06652832,0.0027275085,0.17333984,0.004924774,0.012565613,0.0031204224,0.07409668,0.2614746,0.42456055,0.006336212,0.0178833,0.5161133,0.8623047,0.0000113248825,0.0000021457672,0
2.3841858e-7,0.000013887882,0.000028550625,0.8833008,0.89746094,0.5,0.00008511543,5.364418e-7,4.7683716e-7,0.070739746,0.02998352,0.09576416,0.07684326,0.4362793,0.014457703,0.012435913,0.39526367,0.1315918,0.15991211,0.2680664,0.24060059,0.014694214,0.016052246,0.0004632473,0.037017822,0.703125,0.0007252693,0.004283905,0.031829834,0.01687622,0.00080919266,0.0017957687,0.0027942657,0.00030183792,0.013168335,0.02784729,0.00233078,0.022949219,0.004749298,0.0007882118,0.0011863708,0.0017948151,0.0008711815,0.0031204224,0.0033130646,0.01171875,0.0005559921,0.058410645,0.00020885468,0.00058984756,0.0000019669533,7.748604e-7,0
1.1920929e-7,0.0002539158,0.00043606758,0.60498047,0.7089844,0.13098145,0.00017082691,1.1920929e-7,2.3841858e-7,0.16210938,0.21411133,0.03527832,0.097229004,0.032043457,0.53271484,0.40454102,0.0061683655,0.3173828,0.11584473,0.51904297,0.115600586,0.012832642,0.0014762878,0.0010290146,0.005290985,0.58691406,0.003288269,0.0052719116,0.0009627342,0.06542969,0.0017795563,0.0012407303,0.0012207031,0.0000023245811,0.038513184,0.02746582,0.0018577576,0.068481445,0.0008201599,0.047424316,0.00071525574,0.012374878,0.000082194805,0.00030493736,0.011695862,0.11633301,0.082092285,0.6923828,0.00003761053,0.0006084442,0.000004708767,1.7881393e-7,0
4.172325e-7,0.07470703,0.095947266,0.0011072159,0.11987305,0.0048332214,0.000093102455,5.9604645e-8,5.9604645e-8,0.3166504,0.39575195,0.08087158,0.08288574,0.043914795,0.38964844,0.37817383,0.008460999,0.14013672,0.14782715,0.4440918,0.63671875,0.003435135,0.00025439262,0.00019180775,0.019042969,0.55078125,0.0005040169,0.012649536,0.002855301,0.07165527,0.0026378632,0.0019741058,0.0005540848,0.00015950203,0.00806427,0.0043144226,0.0017461777,0.10675049,0.0005788803,0.0004930496,0.00073862076,0.0028457642,0.0014791489,0.002199173,0.013694763,0.10443115,0.008140564,0.03466797,0.00026655197,0.0055007935,5.364418e-7,1.7881393e-7,0
0.000001013279,0.00008994341,0.000068843365,0.7246094,0.91845703,0.63134766,0.00077199936,8.940697e-7,4.7683716e-7,0.44970703,0.48706055,0.5854492,0.65283203,0.16308594,0.22888184,0.051330566,0.034118652,0.02166748,0.0072402954,0.39672852,0.30517578,0.0037460327,0.00064086914,0.0014133453,0.0027103424,0.82470703,0.013931274,0.0059547424,0.08807373,0.037628174,0.00007337332,0.00011467934,0.026885986,0.0014972687,0.034179688,0.10211182,0.026733398,0.056671143,0.0069084167,0.00061273575,0.0005259514,0.004589081,0.0005774498,0.0027389526,0.8300781,0.9135742,0.002319336,0.10821533,0.0062179565,0.00920105,0.000003874302,0.0000023245811,0
1.1920929e-7,0.00014281273,0.000828743,0.2841797,0.9082031,0.24560547,0.00010150671,0.0,1.1920929e-7,0.17089844,0.4819336,0.048065186,0.30615234,0.05114746,0.5361328,0.25561523,0.0039100647,0.33398438,0.032073975,0.7109375,0.28100586,0.012672424,0.00032043457,0.00031733513,0.005317688,0.65625,0.0043525696,0.030548096,0.00712204,0.021362305,0.000013589859,0.00001603365,0.001455307,0.00016891956,0.0037593842,0.004863739,0.0046081543,0.07220459,0.0026950836,0.0044898987,0.0006284714,0.010810852,0.00013017654,0.00022292137,0.04019165,0.24597168,0.00097322464,0.15881348,0.0000038146973,0.000017523766,0.000001013279,1.1920929e-7,0
7.748604e-7,0.0002708435,0.00087976456,0.32885742,0.8930664,0.4765625,0.00032925606,1.1920929e-7,1.7881393e-7,0.40795898,0.38842773,0.4831543,0.6870117,0.2055664,0.09173584,0.078552246,0.12792969,0.055725098,0.0055999756,0.5810547,0.31396484,0.022903442,0.00043606758,0.0012588501,0.01424408,0.3330078,0.004650116,0.037353516,0.17211914,0.12231445,0.000015676022,0.000011026859,0.012519836,0.0060806274,0.10003662,0.03579712,0.007843018,0.2578125,0.002357483,0.00010859966,0.004096985,0.03036499,0.00090265274,0.007369995,0.037841797,0.20275879,0.001159668,0.007282257,0.026367188,0.08392334,3.5762787e-7,1.1920929e-7,0
1.1920929e-7,0.00007504225,0.00008523464,0.67529297,0.796875,0.3840332,0.00003248453,1.7881393e-7,5.9604645e-8,0.27856445,0.3076172,0.33935547,0.33740234,0.12902832,0.07635498,0.056365967,0.10864258,0.026855469,0.033111572,0.35253906,0.61572266,0.0027275085,0.00052165985,0.000089645386,0.045440674,0.40771484,0.00018107891,0.0135269165,0.00083732605,0.008102417,0.0010118484,0.0007958412,0.0022525787,0.00073575974,0.0044517517,0.0022506714,0.0026721954,0.052978516,0.009063721,0.00038170815,0.0050086975,0.012504578,0.003545761,0.0021839142,0.0001193285,0.0002207756,0.0024356842,0.0014781952,0.00018084049,0.0005121231,4.172325e-7,1.1920929e-7,0
8.34465e-7,0.00025248528,0.0002977848,0.3305664,0.9038086,0.6533203,0.00014686584,2.9802322e-7,5.364418e-7,0.0149383545,0.07293701,0.03366089,0.12841797,0.18457031,0.14953613,0.059143066,0.054656982,0.42822266,0.15490723,0.2121582,0.058929443,0.20458984,0.008216858,0.0003004074,0.0005774498,0.73339844,0.093444824,0.04055786,0.025939941,0.04800415,0.0008764267,0.00077962875,0.0071983337,0.00010174513,0.01802063,0.01109314,0.007221222,0.07647705,0.0035209656,0.003862381,0.0050315857,0.008117676,0.0011844635,0.0030498505,0.014427185,0.04916382,0.0077552795,0.107543945,0.00016331673,0.0001193285,5.9604645e-7,1.7881393e-7,0
2.3841858e-7,0.0000140070915,0.000029206276,0.8823242,0.8964844,0.49731445,0.000084757805,5.364418e-7,4.7683716e-7,0.07110596,0.03010559,0.095947266,0.0769043,0.43286133,0.014656067,0.012619019,0.39208984,0.13122559,0.15991211,0.26757812,0.24145508,0.014579773,0.015975952,0.00046038628,0.036956787,0.703125,0.000726223,0.0042915344,0.031951904,0.016937256,0.0007891655,0.0017538071,0.0027980804,0.0003039837,0.013061523,0.027633667,0.002336502,0.022994995,0.004749298,0.0007867813,0.0011825562,0.0017986298,0.0008678436,0.0031089783,0.0033168793,0.01171875,0.0005502701,0.057678223,0.00020718575,0.0005836487,0.0000019669533,7.748604e-7,0
6.556511e-7,0.00007790327,0.00008434057,0.45166016,0.8598633,0.5654297,0.00005531311,1.7881393e-7,2.3841858e-7,0.016021729,0.018539429,0.03579712,0.04776001,0.030181885,0.14685059,0.17358398,0.053771973,0.21496582,0.21728516,0.20080566,0.08325195,0.040740967,0.016418457,0.00006431341,0.034851074,0.6044922,0.00028204918,0.021575928,0.0068969727,0.0040626526,0.00068092346,0.001086235,0.0016479492,0.0021209717,0.0009198189,0.0012292862,0.006313324,0.03933716,0.008323669,0.00026512146,0.0035419464,0.0026283264,0.02078247,0.010276794,0.0005760193,0.0012168884,0.00032949448,0.009422302,0.00028586388,0.0004246235,7.748604e-7,3.5762787e-7,0
5.364418e-7,0.0005145073,0.0008711815,0.5576172,0.7373047,0.24023438,0.0007715225,0.0000014901161,4.7683716e-7,0.037902832,0.01612854,0.046142578,0.028274536,0.01133728,0.40429688,0.41430664,0.017944336,0.30273438,0.33496094,0.11505127,0.12451172,0.028518677,0.04119873,0.0015678406,0.0015573502,0.97021484,0.017578125,0.0011739731,0.046447754,0.04776001,0.0021762848,0.0039634705,0.07885742,0.0013246536,0.10638428,0.23254395,0.0014123917,0.0046310425,0.034332275,0.00017404556,0.0002617836,0.00056648254,0.00014162064,0.010810852,0.1977539,0.4802246,0.0039405823,0.38134766,0.010223389,0.02166748,0.0000046491623,0.0000026226044,0
0.000006556511,0.0016679764,0.0010585785,0.13269043,0.8300781,0.6435547,0.000046670437,0.0000016093254,1.7881393e-7,0.7294922,0.7661133,0.8095703,0.796875,0.14807129,0.09362793,0.08807373,0.1484375,0.0074272156,0.0013484955,0.6591797,0.31274414,0.0036811829,0.00006663799,0.00013875961,0.008171082,0.07897949,0.0007033348,0.039154053,0.0017051697,0.0031929016,0.02420044,0.040252686,0.035339355,0.0041122437,0.0023651123,0.0021076202,0.0018749237,0.036621094,0.38867188,0.00010854006,0.09020996,0.01146698,0.111083984,0.039123535,0.000033795834,0.00007104874,0.0003809929,0.040222168,0.0010280609,0.000808239,0.0000011920929,6.556511e-7,0
1.1920929e-7,0.0000022649765,0.000007212162,0.9765625,0.9941406,0.57666016,0.00017392635,3.5762787e-7,1.7881393e-7,0.6923828,0.68603516,0.5332031,0.8149414,0.4777832,0.7055664,0.017196655,0.0048561096,0.02406311,0.0018901825,0.46142578,0.43676758,0.0018396378,0.00022423267,0.00056791306,0.001332283,0.89501953,0.23071289,0.0029029846,0.10205078,0.028442383,0.000042676926,0.000060617924,0.0115737915,0.0079956055,0.010017395,0.020599365,0.0057258606,0.030578613,0.018554688,0.0003361702,0.0019416809,0.0008420944,0.00035643578,0.0036849976,0.07763672,0.15039062,0.0009870529,0.016326904,0.000021576881,0.00003916025,0.000003874302,1.1920929e-7,0
2.9802322e-7,0.004524231,0.0041275024,0.09136963,0.3803711,0.06365967,0.00057697296,4.172325e-7,1.7881393e-7,0.1842041,0.23461914,0.06726074,0.0859375,0.24890137,0.030181885,0.039916992,0.26538086,0.1694336,0.14794922,0.46557617,0.27392578,0.00793457,0.0010824203,0.003156662,0.03314209,0.7915039,0.0009493828,0.0014505386,0.0047721863,0.124572754,0.01033783,0.010948181,0.016784668,0.00007408857,0.19567871,0.3347168,0.0010919571,0.012062073,0.004333496,0.0003669262,0.0002105236,0.001074791,0.00011706352,0.0019378662,0.023086548,0.07141113,0.015823364,0.48266602,0.00081443787,0.0027389526,0.0000059604645,0.0000024437904,0
0.0000016093254,0.006313324,0.007537842,0.41723633,0.21582031,0.12768555,0.00065660477,0.000001013279,4.7683716e-7,0.18371582,0.054107666,0.025283813,0.019958496,0.55908203,0.018234253,0.014770508,0.51123047,0.55859375,0.5751953,0.3815918,0.22558594,0.02734375,0.020355225,0.00066804886,0.0025520325,0.8901367,0.009185791,0.0045394897,0.0065727234,0.04034424,0.018630981,0.014579773,0.020874023,0.0009150505,0.031433105,0.08685303,0.0038032532,0.009063721,0.008010864,0.0003399849,0.0010662079,0.0064315796,0.00013399124,0.014198303,0.023422241,0.04977417,0.103515625,0.18920898,0.00019013882,0.0006251335,0.0000028014183,7.748604e-7,0
1.7881393e-7,0.0060310364,0.0060653687,0.3659668,0.19848633,0.05581665,0.0006518364,9.536743e-7,1.7881393e-7,0.13378906,0.19091797,0.020126343,0.028182983,0.54248047,0.010017395,0.012573242,0.54833984,0.4169922,0.3540039,0.46044922,0.13696289,0.011245728,0.002614975,0.0036716461,0.00059604645,0.74609375,0.13977051,0.000341177,0.005531311,0.073913574,0.0044441223,0.004497528,0.0046081543,0.000034451485,0.58447266,0.77978516,0.0010070801,0.010177612,0.00756073,0.004085541,0.0006542206,0.0008921623,0.000037014484,0.0015382767,0.008903503,0.03262329,0.004940033,0.18493652,0.000038087368,0.00016236305,0.000016212463,0.0000014305115,0
0.0000012516975,0.00011301041,0.00007277727,0.703125,0.89404297,0.61816406,0.0007662773,0.0000011324883,5.364418e-7,0.39892578,0.4543457,0.6303711,0.65478516,0.09088135,0.26586914,0.111816406,0.021957397,0.018356323,0.0071372986,0.34472656,0.29174805,0.0048217773,0.00072336197,0.0015554428,0.002714157,0.81347656,0.011772156,0.005832672,0.097229004,0.027435303,0.00010317564,0.00017595291,0.027862549,0.002576828,0.036987305,0.11199951,0.035736084,0.05908203,0.0068969727,0.00029420853,0.00058174133,0.004459381,0.00072574615,0.0029945374,0.8515625,0.9086914,0.0035629272,0.15454102,0.0096206665,0.011436462,0.000004172325,0.000002682209,0
0.0000013709068,0.0012216568,0.00066661835,0.42114258,0.41015625,0.3725586,0.00026226044,2.3841858e-7,1.7881393e-7,0.16967773,0.20776367,0.13232422,0.17272949,0.15722656,0.08477783,0.085998535,0.12768555,0.07507324,0.06945801,0.52001953,0.36401367,0.008880615,0.0016412735,0.0005340576,0.04675293,0.44482422,0.00014269352,0.13537598,0.010421753,0.11230469,0.000040471554,0.00005799532,0.0048294067,0.0010766983,0.025100708,0.029708862,0.009170532,0.14709473,0.0036144257,0.00048017502,0.0039596558,0.019210815,0.00060749054,0.0037574768,0.02217102,0.046203613,0.0014438629,0.022018433,0.00096845627,0.0021762848,7.748604e-7,2.3841858e-7,0
4.172325e-7,0.00027179718,0.00013518333,0.5239258,0.7290039,0.32861328,0.000039339066,2.3841858e-7,1.7881393e-7,0.1640625,0.06994629,0.02911377,0.03277588,0.08984375,0.16003418,0.11248779,0.036010742,0.29248047,0.2783203,0.42456055,0.15368652,0.009635925,0.004333496,0.00015640259,0.0033416748,0.5336914,0.011245728,0.007888794,0.012168884,0.00038933754,0.004638672,0.01234436,0.0005993843,0.0013465881,0.0016956329,0.0027866364,0.0047416687,0.00819397,0.0038928986,0.00007480383,0.0022640228,0.002855301,0.0019044876,0.0013828278,0.00071144104,0.001004219,0.0021362305,0.12683105,0.0000075101852,0.0000064373016,0.0000030398369,3.5762787e-7,0
2.3841858e-7,0.00015068054,0.0006799698,0.51953125,0.8461914,0.24499512,0.00021016598,5.9604645e-8,2.3841858e-7,0.07495117,0.1685791,0.039855957,0.10296631,0.13354492,0.1315918,0.09350586,0.08673096,0.3059082,0.119140625,0.6166992,0.17675781,0.022506714,0.0024280548,0.0013856888,0.0154418945,0.41430664,0.0005850792,0.0524292,0.004306793,0.018203735,0.00003796816,0.000029921532,0.0007100105,0.000052690506,0.012710571,0.018051147,0.013420105,0.06890869,0.0005788803,0.0077209473,0.0008382797,0.027862549,0.0000987649,0.00008124113,0.24194336,0.6088867,0.008712769,0.3725586,0.00001692772,0.000055134296,8.34465e-7,3.5762787e-7,0
2.3841858e-7,0.0008945465,0.0009860992,0.57958984,0.54541016,0.15161133,0.0004208088,7.1525574e-7,1.7881393e-7,0.061279297,0.047729492,0.029418945,0.02645874,0.021896362,0.30566406,0.31323242,0.03213501,0.3942871,0.3544922,0.25048828,0.11584473,0.022705078,0.012130737,0.0014486313,0.0014915466,0.94677734,0.019210815,0.00067424774,0.022369385,0.044555664,0.0015134811,0.0032463074,0.042877197,0.00083732605,0.092163086,0.18286133,0.00027656555,0.0027809143,0.039154053,0.0001899004,0.00013065338,0.00029063225,0.00006937981,0.008384705,0.025222778,0.10913086,0.00217247,0.47705078,0.0017719269,0.006248474,0.000007987022,0.0000012516975,0
7.1525574e-7,0.007045746,0.01210022,0.06384277,0.5371094,0.03967285,0.00081539154,0.0000017881393,1.1920929e-7,0.03994751,0.059753418,0.25439453,0.22729492,0.16430664,0.11315918,0.04119873,0.08288574,0.038391113,0.035614014,0.18811035,0.27612305,0.024154663,0.010879517,0.0012025833,0.001373291,0.80810547,0.041900635,0.00037431717,0.015625,0.14550781,0.0073242188,0.0075302124,0.004749298,0.000119268894,0.17736816,0.1850586,0.0019369125,0.029129028,0.0015974045,0.00048351288,0.0013179779,0.00081443787,0.0011739731,0.037719727,0.33422852,0.77197266,0.004447937,0.103759766,0.0046691895,0.02822876,0.0000029206276,0.0000029206276,0
3.5762787e-7,0.0055274963,0.0054893494,0.084228516,0.35327148,0.061309814,0.0008263588,5.364418e-7,1.7881393e-7,0.20935059,0.26733398,0.056488037,0.07733154,0.27148438,0.024765015,0.03781128,0.29785156,0.19299316,0.16333008,0.48583984,0.26611328,0.0065231323,0.0009236336,0.0034217834,0.025665283,0.7939453,0.0011911392,0.0011911392,0.006290436,0.1361084,0.014266968,0.0146102905,0.016906738,0.000055789948,0.23217773,0.43188477,0.0013999939,0.010101318,0.00409317,0.0005130768,0.00024819374,0.0010671616,0.00013709068,0.002729416,0.033996582,0.09161377,0.022521973,0.5019531,0.0016155243,0.005092621,0.0000073313713,0.0000030398369,0
5.9604645e-7,0.00041890144,0.12347412,0.044952393,0.8754883,0.06903076,0.00018906593,1.7881393e-7,0.000002682209,0.003921509,0.0657959,0.0075187683,0.19165039,0.3955078,0.0053901672,0.034423828,0.5566406,0.61572266,0.16467285,0.2253418,0.048187256,0.3527832,0.0054893494,0.0005950928,0.0012388229,0.16674805,0.0028953552,0.013114929,0.026107788,0.008239746,0.0011110306,0.0010967255,0.028030396,0.00013494492,0.12963867,0.113220215,0.0135269165,0.10797119,0.005027771,0.0034980774,0.009765625,0.027328491,0.00060272217,0.0073623657,0.0014629364,0.0041160583,0.0043907166,0.0151901245,0.0026454926,0.003774643,0.0000014901161,4.7683716e-7,0
3.5762787e-7,0.0011234283,0.0013313293,0.3701172,0.6298828,0.21533203,0.000749588,8.940697e-7,1.1920929e-7,0.03717041,0.0335083,0.05496216,0.060638428,0.36865234,0.02067566,0.012702942,0.3557129,0.1743164,0.16699219,0.35961914,0.121276855,0.030273438,0.013290405,0.0020961761,0.006526947,0.50146484,0.0026245117,0.0012178421,0.005332947,0.03164673,0.0006556511,0.0006084442,0.016494751,0.00013577938,0.35961914,0.35546875,0.0038700104,0.030456543,0.0059394836,0.00071668625,0.0010728836,0.0010099411,0.0002039671,0.004676819,0.34570312,0.6816406,0.011108398,0.08502197,0.001627922,0.005340576,0.0000022053719,0.0000017881393,0
7.748604e-7,0.002035141,0.005016327,0.18725586,0.61035156,0.1940918,0.0011606216,0.0000022053719,2.9802322e-7,0.062469482,0.033996582,0.070495605,0.07159424,0.5292969,0.009757996,0.009414673,0.5292969,0.13635254,0.13293457,0.33520508,0.12609863,0.023162842,0.012420654,0.0027675629,0.025543213,0.44580078,0.00060367584,0.0010509491,0.0014648438,0.023666382,0.00093078613,0.00077295303,0.02381897,0.00013375282,0.40112305,0.49853516,0.004180908,0.024963379,0.007980347,0.0011577606,0.00090265274,0.0016536713,0.0004606247,0.009933472,0.67089844,0.8808594,0.019241333,0.21777344,0.027893066,0.06768799,0.0000030398369,0.000004172325,0
2.3841858e-7,0.0003361702,0.00017392635,0.80371094,0.640625,0.30395508,0.00049734116,0.0000022053719,2.9802322e-7,0.08166504,0.039154053,0.04940796,0.030563354,0.0791626,0.14477539,0.14831543,0.06982422,0.28881836,0.3256836,0.15319824,0.18518066,0.016921997,0.017944336,0.0026474,0.0009918213,0.9223633,0.032836914,0.0010595322,0.0061531067,0.07470703,0.017333984,0.021957397,0.029937744,0.0000603199,0.14953613,0.24804688,0.0007572174,0.005836487,0.01108551,0.0012817383,0.0003581047,0.00074338913,0.00005722046,0.0020694733,0.0625,0.23266602,0.04751587,0.6923828,0.0003707409,0.0015859604,0.0000045895576,0.0000010728836,0
0.000001013279,0.00009024143,0.0000692606,0.7241211,0.91845703,0.6303711,0.00076913834,8.34465e-7,4.7683716e-7,0.4501953,0.4873047,0.58496094,0.65283203,0.16308594,0.2298584,0.05142212,0.03387451,0.021713257,0.00724411,0.3972168,0.3059082,0.003736496,0.00063991547,0.0014104843,0.0027160645,0.82470703,0.0138549805,0.0059547424,0.088012695,0.037597656,0.00007289648,0.000114023685,0.026977539,0.001499176,0.034057617,0.101867676,0.026641846,0.05645752,0.0069465637,0.0006136894,0.00052309036,0.0045700073,0.00057554245,0.0027370453,0.8300781,0.9135742,0.0023155212,0.1081543,0.006225586,0.009216309,0.000003874302,0.0000022649765,0
0.0000025629997,0.0006723404,0.00035858154,0.61279297,0.88671875,0.75,0.00071525574,0.0000017285347,0.0000030994415,0.005001068,0.022232056,0.053497314,0.16113281,0.5698242,0.06225586,0.0071640015,0.32250977,0.39038086,0.17480469,0.113464355,0.0211792,0.3894043,0.048431396,0.0021476746,0.0012025833,0.76660156,0.105651855,0.008796692,0.10760498,0.16479492,0.0050239563,0.004146576,0.042419434,0.000053286552,0.27954102,0.10449219,0.025848389,0.08453369,0.0024871826,0.008026123,0.0019330978,0.0045776367,0.00039052963,0.0075798035,0.18701172,0.38378906,0.07904053,0.32250977,0.0017213821,0.0019989014,0.0000054240227,0.000002026558,0
0.000004887581,0.2529297,0.19921875,0.002149582,0.047424316,0.038513184,0.00019419193,1.1920929e-7,4.172325e-7,0.04498291,0.025863647,0.05883789,0.0440979,0.1899414,0.074157715,0.07928467,0.18322754,0.26782227,0.29077148,0.22509766,0.27734375,0.03265381,0.03262329,0.0003273487,0.005634308,0.14501953,0.000036120415,0.17211914,0.11364746,0.051818848,0.00033831596,0.00072956085,0.0008611679,0.0053901672,0.005355835,0.0028915405,0.092163086,0.20373535,0.00038194656,0.00005733967,0.021728516,0.07965088,0.0018320084,0.0012989044,0.21386719,0.17053223,0.03857422,0.08508301,0.00011098385,0.00008034706,5.9604645e-8,5.364418e-7,0
3.5762787e-7,0.000023663044,0.000025331974,0.88427734,0.9501953,0.8852539,0.0009326935,0.0000010728836,0.0000019669533,0.008163452,0.011665344,0.09185791,0.087768555,0.018997192,0.19665527,0.21972656,0.036346436,0.18737793,0.19592285,0.091430664,0.14672852,0.12524414,0.08129883,0.0016422272,0.009628296,0.9277344,0.0040893555,0.0011863708,0.18493652,0.20715332,0.0010156631,0.0024852753,0.041534424,0.0057525635,0.61376953,0.5864258,0.0023021698,0.014694214,0.02607727,0.000037670135,0.0025787354,0.0047721863,0.00030231476,0.0038013458,0.008224487,0.016921997,0.00032615662,0.023620605,0.0053482056,0.0056114197,0.000004887581,0.000003516674,0
5.9604645e-7,0.000030994415,0.00005173683,0.7602539,0.9892578,0.91064453,0.0003066063,6.556511e-7,5.364418e-7,0.062927246,0.38330078,0.12005615,0.6064453,0.23986816,0.17834473,0.037994385,0.047546387,0.27490234,0.017150879,0.5390625,0.19641113,0.11175537,0.001373291,0.0006580353,0.001750946,0.7998047,0.04324341,0.014450073,0.021362305,0.121154785,0.003129959,0.0022411346,0.026473999,0.000060617924,0.090026855,0.034576416,0.011985779,0.18518066,0.0017137527,0.0044555664,0.0037231445,0.008644104,0.0006546974,0.0033302307,0.014076233,0.0440979,0.012580872,0.12036133,0.0011291504,0.00054836273,0.0000021457672,7.748604e-7,0
7.1525574e-7,0.006954193,0.011932373,0.064697266,0.5395508,0.039916992,0.0008111,0.0000017881393,1.1920929e-7,0.03982544,0.059509277,0.25341797,0.22619629,0.16186523,0.1149292,0.042236328,0.08105469,0.0385437,0.035949707,0.18762207,0.27734375,0.02418518,0.010948181,0.0011978149,0.0013751984,0.80859375,0.0418396,0.00037527084,0.015472412,0.14477539,0.0073165894,0.0075149536,0.004753113,0.00012010336,0.1772461,0.18457031,0.0019292831,0.029205322,0.0015974045,0.00048017502,0.0013132095,0.00081539154,0.0011768341,0.03756714,0.33496094,0.7729492,0.0044288635,0.103637695,0.0046806335,0.028396606,0.0000029206276,0.0000029206276,0
0.000002861023,0.0025138855,0.0016927719,0.5854492,0.28637695,0.3227539,0.0008773804,8.34465e-7,8.940697e-7,0.02935791,0.03302002,0.05883789,0.07879639,0.10467529,0.11315918,0.12731934,0.114868164,0.2409668,0.22741699,0.13781738,0.09033203,0.14855957,0.014137268,0.0015068054,0.028045654,0.6855469,0.00075149536,0.010482788,0.027359009,0.29003906,0.0048599243,0.005756378,0.030380249,0.0017242432,0.14807129,0.21618652,0.0039787292,0.037872314,0.006614685,0.00022411346,0.002243042,0.0099105835,0.0003478527,0.018157959,0.048858643,0.1459961,0.02116394,0.12915039,0.0018997192,0.013725281,0.000004708767,8.940697e-7,0
0.000002026558,0.057617188,0.0211792,0.10070801,0.07287598,0.3623047,0.000082194805,0.0000013709068,3.5762787e-7,0.24499512,0.015808105,0.43237305,0.4621582,0.010261536,0.44360352,0.4885254,0.027404785,0.021743774,0.012252808,0.13317871,0.07525635,0.013557434,0.06210327,0.000333786,0.0051116943,0.23913574,0.005886078,0.0043029785,0.07489014,0.06939697,0.0015583038,0.00090265274,0.032592773,0.0077934265,0.16223145,0.046203613,0.00843811,0.12286377,0.020996094,0.00015294552,0.04626465,0.004825592,0.036621094,0.28173828,0.00066518784,0.0025348663,0.0016479492,0.0017375946,0.086242676,0.41015625,2.3841858e-7,1.1920929e-7,0
5.364418e-7,0.0005121231,0.0008673668,0.55859375,0.73779297,0.2409668,0.00077438354,0.0000014901161,4.7683716e-7,0.03793335,0.016143799,0.04586792,0.02809143,0.011482239,0.4008789,0.41088867,0.01826477,0.30419922,0.33642578,0.11517334,0.124694824,0.028503418,0.04107666,0.001572609,0.0016012192,0.96972656,0.017150879,0.0011777878,0.046295166,0.047821045,0.0022068024,0.0040130615,0.078552246,0.0013074875,0.10650635,0.23242188,0.0014095306,0.004611969,0.034210205,0.00017511845,0.00026082993,0.0005660057,0.00014233589,0.010810852,0.1986084,0.48168945,0.0039520264,0.38110352,0.010276794,0.021835327,0.0000046491623,0.000002682209,0
3.5762787e-7,0.06329346,0.23120117,0.13879395,0.034210205,0.017089844,0.00077676773,0.0000029206276,5.9604645e-8,0.1953125,0.1763916,0.5854492,0.62353516,0.37768555,0.03387451,0.03704834,0.36035156,0.012062073,0.017456055,0.40722656,0.4116211,0.010505676,0.017730713,0.0007138252,0.0005888939,0.8334961,0.04437256,0.0034484863,0.11627197,0.8496094,0.00016450882,0.00008434057,0.045043945,0.000095784664,0.10473633,0.070739746,0.0027694702,0.01828003,0.034576416,0.03274536,0.00041031837,0.0013017654,0.0003681183,0.064575195,0.3371582,0.4855957,0.007320404,0.0013723373,0.009231567,0.020462036,0.000001013279,7.1525574e-7,0
4.172325e-7,0.004459381,0.0041885376,0.024871826,0.5488281,0.13464355,0.000104665756,1.1920929e-7,5.9604645e-8,0.052947998,0.061279297,0.025924683,0.04260254,0.11798096,0.0635376,0.07550049,0.12536621,0.2770996,0.23962402,0.3623047,0.125,0.019302368,0.0039596558,0.00020265579,0.033599854,0.73291016,0.0004107952,0.012199402,0.0023460388,0.0028934479,0.00012469292,0.00012099743,0.011711121,0.002412796,0.0017766953,0.0035800934,0.0045280457,0.019683838,0.012489319,0.0001527071,0.00036644936,0.0013055801,0.00035429,0.0020141602,0.31054688,0.62646484,0.0014514923,0.066223145,0.00002026558,0.000038683414,4.7683716e-7,5.9604645e-7,0
0.00000846386,0.0068588257,0.001156807,0.69091797,0.24108887,0.28125,0.0025310516,0.0000064373016,9.536743e-7,0.25585938,0.09429932,0.19165039,0.2166748,0.13916016,0.16516113,0.09887695,0.080200195,0.08728027,0.08886719,0.3930664,0.65234375,0.0057258606,0.021942139,0.004257202,0.07293701,0.8129883,0.00035333633,0.026107788,0.2890625,0.47607422,0.020843506,0.020507812,0.0074157715,0.00011026859,0.24560547,0.25927734,0.03894043,0.093688965,0.00043702126,0.0032691956,0.008720398,0.0284729,0.005844116,0.013885498,0.67089844,0.6899414,0.026306152,0.15466309,0.23828125,0.36938477,0.0000011324883,0.0000034570694,0
0.000001013279,0.000025331974,0.00004965067,0.89746094,0.97216797,0.8017578,0.0003862381,0.0000030398369,5.9604645e-7,0.0025024414,0.01638794,0.051513672,0.11480713,0.08270264,0.52197266,0.17749023,0.0068626404,0.32910156,0.15283203,0.022994995,0.03717041,0.5566406,0.078186035,0.002445221,0.00092840195,0.37670898,0.023742676,0.0029449463,0.00819397,0.081726074,0.107543945,0.064575195,0.08691406,0.000010550022,0.66259766,0.22851562,0.0069274902,0.039123535,0.0033779144,0.008079529,0.0037155151,0.002822876,0.0019569397,0.023849487,0.07421875,0.21984863,0.18884277,0.20446777,0.08868408,0.1965332,0.0000027418137,3.5762787e-7,0
2.3841858e-7,0.00015068054,0.0006799698,0.51953125,0.8457031,0.24475098,0.00020992756,5.9604645e-8,2.3841858e-7,0.07513428,0.16906738,0.039916992,0.1027832,0.1352539,0.12915039,0.09222412,0.08862305,0.30517578,0.11932373,0.6166992,0.1776123,0.022399902,0.0024261475,0.0013866425,0.015472412,0.4140625,0.0005836487,0.052001953,0.004299164,0.0181427,0.00003761053,0.000029683113,0.00071430206,0.00005209446,0.0127334595,0.018127441,0.013435364,0.068603516,0.0005788803,0.0078086853,0.00083112717,0.027954102,0.0000975728,0.00008094311,0.24072266,0.6064453,0.008758545,0.3737793,0.000016987324,0.00005531311,8.34465e-7,3.5762787e-7,0
1.1920929e-7,0.00028204918,0.0005660057,0.5527344,0.7182617,0.12768555,0.00017273426,1.1920929e-7,1.7881393e-7,0.15234375,0.21789551,0.031311035,0.09851074,0.04711914,0.45751953,0.31323242,0.008621216,0.33325195,0.115112305,0.49902344,0.100097656,0.012809753,0.0014314651,0.000992775,0.006412506,0.5883789,0.0026454926,0.0053138733,0.00079345703,0.068603516,0.0015506744,0.0010347366,0.0014047623,0.0000028014183,0.040527344,0.028717041,0.0017957687,0.070495605,0.00088119507,0.038848877,0.0006337166,0.0121154785,0.0000795722,0.00031614304,0.011756897,0.118774414,0.08062744,0.67578125,0.00004094839,0.0006914139,0.0000046491623,1.7881393e-7,0
0.0000019073486,0.005016327,0.0011539459,0.40795898,0.33496094,0.34521484,0.00004082918,7.748604e-7,1.1920929e-7,0.37524414,0.4423828,0.28149414,0.29223633,0.46411133,0.027008057,0.021560669,0.4633789,0.056427002,0.040924072,0.5810547,0.5390625,0.009651184,0.00035190582,0.00022506714,0.0009737015,0.017166138,0.0007581711,0.0051460266,0.0012636185,0.030136108,0.064453125,0.07092285,0.0041923523,0.000011265278,0.0057258606,0.0039711,0.0009250641,0.06109619,0.029647827,0.020874023,0.018936157,0.009941101,0.0073051453,0.007965088,0.00011777878,0.0006108284,0.0064086914,0.08679199,0.0011739731,0.0023612976,0.0000010728836,2.3841858e-7,0
2.3841858e-7,0.00034070015,0.00017404556,0.80371094,0.6376953,0.3034668,0.00049448013,0.0000022053719,2.9802322e-7,0.08270264,0.039398193,0.049194336,0.030426025,0.079589844,0.14379883,0.14746094,0.0703125,0.28930664,0.32617188,0.15405273,0.18603516,0.016708374,0.017791748,0.0026397705,0.0009965897,0.921875,0.032684326,0.0010614395,0.0061149597,0.07421875,0.017456055,0.022125244,0.02999878,0.00006067753,0.1484375,0.24584961,0.0007519722,0.005809784,0.011161804,0.0012693405,0.0003566742,0.0007376671,0.000057518482,0.0020771027,0.06185913,0.23095703,0.047607422,0.69384766,0.00037050247,0.0015830994,0.0000046491623,0.0000010728836,0
0.0000024437904,0.00052547455,0.0013866425,0.67041016,0.5761719,0.2932129,0.0008225441,0.0000019073486,4.7683716e-7,0.08935547,0.044830322,0.05065918,0.06604004,0.2927246,0.04537964,0.04534912,0.27807617,0.31201172,0.28955078,0.22827148,0.06842041,0.1105957,0.019927979,0.00036978722,0.00315094,0.7036133,0.0088272095,0.0054016113,0.0024547577,0.0340271,0.2788086,0.27661133,0.007873535,0.00020825863,0.028137207,0.073791504,0.0039863586,0.017105103,0.013130188,0.00077676773,0.003566742,0.006225586,0.0026836395,0.02027893,0.0009570122,0.001367569,0.12866211,0.11462402,0.0017881393,0.0041046143,0.000008821487,6.556511e-7,0
1.7881393e-7,0.0006928444,0.0008330345,0.59228516,0.6152344,0.17822266,0.000395298,6.556511e-7,1.7881393e-7,0.04864502,0.04244995,0.03869629,0.0309906,0.024108887,0.28979492,0.2998047,0.033050537,0.34326172,0.32055664,0.17980957,0.11248779,0.029830933,0.014595032,0.0012950897,0.001917839,0.9638672,0.016723633,0.0006227493,0.021881104,0.0395813,0.001206398,0.0026855469,0.049957275,0.0040283203,0.09967041,0.16931152,0.00028800964,0.0042648315,0.04638672,0.000043690205,0.00015425682,0.00028562546,0.000090539455,0.009895325,0.028244019,0.13903809,0.0016422272,0.45043945,0.002319336,0.008148193,0.0000063180923,0.0000010728836,0
7.1525574e-7,0.0008249283,0.0011234283,0.6333008,0.59814453,0.55078125,0.0004708767,0.0000019669533,7.748604e-7,0.5854492,0.05895996,0.35058594,0.27783203,0.14819336,0.107543945,0.099975586,0.16503906,0.025238037,0.037719727,0.6743164,0.13024902,0.004245758,0.024246216,0.007873535,0.00016486645,0.0029182434,0.0034427643,0.000039994717,0.03543091,0.01789856,0.002500534,0.0021572113,0.059173584,0.00017476082,0.76953125,0.71777344,0.09552002,0.0154800415,0.010444641,0.0019445419,0.00447464,0.0015087128,0.0006942749,0.01928711,0.09686279,0.047821045,0.0637207,0.02078247,0.05227661,0.017089844,0.000010192394,5.9604645e-7,0
5.9604645e-7,0.0017881393,0.00095272064,0.5341797,0.5449219,0.51708984,0.00006353855,7.748604e-7,0.0,0.8310547,0.6411133,0.6323242,0.59228516,0.25317383,0.035125732,0.04864502,0.27539062,0.007534027,0.007091522,0.453125,0.17028809,0.0006990433,0.0007071495,0.00012266636,0.00055122375,0.0039634705,0.00017929077,0.0011730194,0.0006136894,0.061828613,0.030426025,0.023208618,0.0041542053,0.0012254715,0.0021953583,0.0017280579,0.00289917,0.025787354,0.16320801,0.0008406639,0.0045814514,0.004196167,0.025497437,0.12261963,0.0008134842,0.0012664795,0.015899658,0.003566742,0.007080078,0.0103302,0.0000054836273,2.3841858e-7,0
1.1920929e-7,0.000018775463,0.000113904476,0.82128906,0.9609375,0.3017578,0.0008711815,2.3841858e-7,1.7881393e-7,0.6459961,0.78466797,0.6142578,0.7944336,0.53271484,0.08782959,0.008110046,0.19604492,0.023620605,0.0017776489,0.66748047,0.36694336,0.0033473969,0.000076413155,0.0046920776,0.046203613,0.6723633,0.011451721,0.0010414124,0.008277893,0.030654907,0.0009698868,0.0013103485,0.008163452,0.003282547,0.51220703,0.48754883,0.0039787292,0.13000488,0.0017738342,0.000038444996,0.00091362,0.0033359528,0.00024032593,0.0022506714,0.029144287,0.14050293,0.003276825,0.1239624,0.00012564659,0.0005283356,0.000010550022,0.0000010728836,0
1.7881393e-7,0.0060577393,0.031021118,0.10888672,0.24853516,0.019073486,0.00016462803,3.5762787e-7,5.9604645e-8,0.13647461,0.23669434,0.035247803,0.0625,0.52734375,0.01725769,0.011070251,0.45776367,0.29882812,0.17687988,0.56933594,0.2265625,0.010307312,0.0013771057,0.00047373772,0.00062417984,0.9140625,0.10443115,0.00080156326,0.0018644333,0.022445679,0.0029449463,0.0029067993,0.0033283234,0.00012207031,0.04159546,0.04888916,0.00035643578,0.01335907,0.006099701,0.00248909,0.00073099136,0.0010347366,0.00006324053,0.0024986267,0.005897522,0.043914795,0.0037345886,0.13696289,0.0000053048134,0.00006133318,0.000004053116,5.364418e-7,0
0.0000016093254,0.013145447,0.038757324,0.109436035,0.21948242,0.032104492,0.000893116,7.1525574e-7,1.7881393e-7,0.49316406,0.7265625,0.3881836,0.41259766,0.1616211,0.05947876,0.0501709,0.16796875,0.046081543,0.021820068,0.61035156,0.6352539,0.0024700165,0.000110030174,0.0006957054,0.00073862076,0.91748047,0.012001038,0.0048179626,0.010322571,0.020584106,0.00043201447,0.00048685074,0.016998291,0.0005812645,0.025772095,0.083496094,0.012626648,0.020065308,0.006210327,0.0011930466,0.00034475327,0.0026493073,0.00040483475,0.003868103,0.703125,0.88378906,0.014328003,0.4885254,0.007118225,0.020553589,0.0000022649765,0.0000019669533,0
0.000008940697,0.1583252,0.010360718,0.09387207,0.14733887,0.4465332,0.0002259016,0.000033020973,0.000002026558,0.2331543,0.016906738,0.7426758,0.78027344,0.04550171,0.16149902,0.1619873,0.043792725,0.0061683655,0.008491516,0.042541504,0.04724121,0.0058021545,0.38745117,0.0006456375,0.025558472,0.7373047,0.010520935,0.0011911392,0.043060303,0.41625977,0.022781372,0.05303955,0.29467773,0.0011119843,0.21447754,0.14331055,0.004135132,0.18920898,0.019577026,0.00022006035,0.0043640137,0.0014925003,0.042999268,0.42456055,0.061035156,0.28173828,0.0005493164,0.40966797,0.11010742,0.3256836,0.000004053116,0.0000141859055,0
0.0000011324883,0.012496948,0.0009493828,0.81884766,0.17712402,0.5239258,0.0030117035,0.0000026226044,4.172325e-7,0.20483398,0.19116211,0.33740234,0.14172363,0.17687988,0.34521484,0.105285645,0.025619507,0.06088257,0.1541748,0.11425781,0.7080078,0.010498047,0.025497437,0.00920105,0.027511597,0.86328125,0.0007867813,0.004169464,0.1977539,0.62402344,0.06665039,0.07489014,0.009887695,0.0040626526,0.9213867,0.88671875,0.009414673,0.033966064,0.0013008118,0.00013411045,0.0034313202,0.025650024,0.0011768341,0.008926392,0.05621338,0.046569824,0.05621338,0.07080078,0.28100586,0.29516602,0.000006377697,0.0000016093254,0
0.0000017285347,0.002483368,0.0031795502,0.14562988,0.70458984,0.17456055,0.0014276505,0.0000012516975,8.940697e-7,0.092163086,0.09082031,0.09466553,0.0836792,0.7050781,0.004032135,0.005645752,0.7182617,0.19055176,0.18188477,0.32080078,0.24145508,0.02079773,0.008514404,0.002275467,0.04647827,0.92089844,0.0012874603,0.0024547577,0.2265625,0.11450195,0.00006496906,0.00011110306,0.055267334,0.0047302246,0.22351074,0.39770508,0.015899658,0.075805664,0.004558563,0.00017035007,0.00014138222,0.0034446716,0.0003569126,0.008216858,0.8725586,0.96191406,0.001420021,0.17614746,0.076049805,0.12792969,0.0000049471855,0.000011861324,0
1.7881393e-7,0.00022518635,0.00014543533,0.69873047,0.72314453,0.6381836,0.00017821789,4.172325e-7,4.7683716e-7,0.07165527,0.03363037,0.17626953,0.16662598,0.2692871,0.019088745,0.022613525,0.25170898,0.09942627,0.099365234,0.4284668,0.27001953,0.019165039,0.02746582,0.00026011467,0.004043579,0.89941406,0.003829956,0.0023975372,0.071777344,0.011054993,0.0011167526,0.0025234222,0.0057144165,0.00012803078,0.051086426,0.09313965,0.003660202,0.0034866333,0.009986877,0.0014743805,0.0046577454,0.011169434,0.0003592968,0.0004901886,0.0003824234,0.0002746582,0.00048828125,0.0037899017,0.0002808571,0.00012588501,0.0000015497208,0.0000014305115,0
0.000001013279,0.09814453,0.00005477667,0.64208984,0.024536133,0.77001953,0.0013723373,0.0000022053719,5.9604645e-7,0.028961182,0.0016479492,0.10760498,0.08111572,0.4338379,0.018447876,0.020095825,0.44506836,0.18127441,0.20593262,0.04333496,0.018844604,0.06604004,0.47851562,0.0016183853,0.19433594,0.90478516,0.00045681,0.002532959,0.265625,0.29003906,0.004837036,0.0055732727,0.013877869,0.018493652,0.83935547,0.84765625,0.019195557,0.06964111,0.0021629333,0.000037014484,0.020690918,0.025787354,0.004878998,0.028274536,0.01121521,0.0063056946,0.0063095093,0.004711151,0.11621094,0.12780762,0.000002026558,7.1525574e-7,0
1.1920929e-7,0.015960693,0.012001038,0.06384277,0.23913574,0.095336914,0.000066936016,1.1920929e-7,1.7881393e-7,0.044921875,0.015052795,0.041656494,0.05038452,0.66308594,0.0031738281,0.008781433,0.67822266,0.21984863,0.19763184,0.3737793,0.067871094,0.021942139,0.020553589,0.00023078918,0.036468506,0.86865234,0.003479004,0.0051231384,0.008705139,0.05807495,0.00008547306,0.00013887882,0.013374329,0.0013227463,0.03756714,0.024932861,0.00043678284,0.03451538,0.030258179,0.00041222572,0.0010528564,0.00315094,0.000172019,0.0012998581,0.00026226044,0.0023651123,0.000045716763,0.0072746277,0.000005066395,0.00003516674,9.536743e-7,5.364418e-7,0
0.0000016093254,0.011497498,0.027740479,0.019836426,0.46899414,0.017868042,0.00022470951,1.7881393e-7,1.1920929e-7,0.085510254,0.15637207,0.06365967,0.10998535,0.061523438,0.36791992,0.22009277,0.0126571655,0.14196777,0.08416748,0.52978516,0.5107422,0.0104904175,0.0018758774,0.0002644062,0.0067443848,0.65478516,0.007385254,0.008056641,0.007835388,0.047821045,0.0011291504,0.0009870529,0.00043702126,0.00028538704,0.0066986084,0.006969452,0.005634308,0.15124512,0.0002734661,0.0005660057,0.0029525757,0.007396698,0.0056648254,0.0063819885,0.24108887,0.7763672,0.0013446808,0.060302734,0.00015866756,0.0022068024,6.556511e-7,7.1525574e-7,0
0.0000011920929,0.0042648315,0.0019950867,0.40356445,0.10888672,0.21691895,0.0003039837,0.000001013279,2.9802322e-7,0.3359375,0.49902344,0.018325806,0.035858154,0.11779785,0.10748291,0.061065674,0.06866455,0.44995117,0.3876953,0.48339844,0.38745117,0.003200531,0.0004940033,0.0003466606,0.060394287,0.9160156,0.001619339,0.0022640228,0.0041656494,0.043395996,0.1706543,0.19494629,0.041107178,0.000320673,0.13562012,0.11456299,0.0004553795,0.0049591064,0.13049316,0.000446558,0.0060157776,0.009223938,0.00093460083,0.0026416779,0.00010681152,0.00019180775,0.00063180923,0.0046920776,0.0001039505,0.00016105175,0.000009953976,0.0000025629997,0
0.0000029206276,0.0003809929,0.00027894974,0.84716797,0.7807617,0.6972656,0.0009446144,0.0000032186508,0.0000022649765,0.013572693,0.1361084,0.032836914,0.06451416,0.07873535,0.22937012,0.18896484,0.04425049,0.5234375,0.36010742,0.3479004,0.057891846,0.2536621,0.0070495605,0.0026054382,0.002105713,0.8378906,0.06567383,0.027130127,0.0065307617,0.20739746,0.08856201,0.06555176,0.028274536,0.000019609928,0.28027344,0.06286621,0.0054244995,0.06311035,0.001750946,0.015655518,0.0029277802,0.014717102,0.00043082237,0.0020217896,0.03475952,0.123046875,0.1451416,0.39770508,0.0005068779,0.00091028214,0.000006914139,0.0000019669533,0
1.1920929e-7,0.003332138,0.08477783,0.008888245,0.7089844,0.007987976,0.0002784729,5.9604645e-8,5.9604645e-8,0.109680176,0.40454102,0.46533203,0.61328125,0.20690918,0.026184082,0.053588867,0.28051758,0.039215088,0.008010864,0.52197266,0.2265625,0.021316528,0.0010681152,0.0005097389,0.34179688,0.640625,0.00010794401,0.004436493,0.08203125,0.13513184,0.00013172626,0.00019216537,0.02053833,0.025894165,0.047332764,0.012374878,0.0016260147,0.11401367,0.00415802,0.000003993511,0.00058078766,0.0010232925,0.0012798309,0.013595581,0.03277588,0.18017578,0.00037932396,0.0033569336,0.005718231,0.031082153,7.1525574e-7,9.536743e-7,0
7.1525574e-7,0.000110924244,0.000097215176,0.6669922,0.85498047,0.4946289,0.0003683567,4.7683716e-7,6.556511e-7,0.06726074,0.08666992,0.1496582,0.15759277,0.005634308,0.75439453,0.7246094,0.0010080338,0.08746338,0.053985596,0.2421875,0.09716797,0.02798462,0.0057411194,0.0015249252,0.008262634,0.75,0.004184723,0.0070648193,0.028045654,0.008651733,0.00023174286,0.00034689903,0.012916565,0.00034213066,0.025253296,0.061309814,0.013267517,0.019927979,0.0041656494,0.00064754486,0.0005402565,0.006526947,0.00018560886,0.0007505417,0.4428711,0.60791016,0.003873825,0.29785156,0.00060224533,0.0005903244,0.0000044703484,0.0000012516975,0
8.940697e-7,0.04510498,0.07598877,0.015144348,0.06304932,0.018447876,0.00026106834,5.9604645e-8,6.556511e-7,0.11871338,0.12854004,0.029556274,0.05255127,0.008407593,0.33666992,0.3383789,0.015686035,0.31225586,0.22265625,0.52001953,0.17114258,0.009063721,0.0027999878,0.00041604042,0.00084495544,0.9213867,0.010139465,0.0068473816,0.11657715,0.072387695,0.000006914139,0.000015377998,0.021957397,0.00017225742,0.016815186,0.03253174,0.010749817,0.043884277,0.018508911,0.010368347,0.0007162094,0.008682251,0.00013530254,0.0014429092,0.009994507,0.05029297,0.00013828278,0.06652832,0.00018513203,0.00036263466,0.0000027418137,8.34465e-7,0
5.9604645e-7,0.0021095276,0.0005078316,0.5019531,0.28466797,0.41186523,0.00010716915,0.0000014305115,1.1920929e-7,0.5522461,0.4025879,0.45336914,0.43432617,0.24279785,0.027038574,0.034576416,0.24267578,0.016098022,0.013572693,0.55859375,0.57421875,0.0014858246,0.0003607273,0.00055217743,0.09899902,0.2956543,0.000037789345,0.0064849854,0.00020754337,0.0014801025,0.18615723,0.21557617,0.003692627,0.000083208084,0.028076172,0.033599854,0.002664566,0.009643555,0.024139404,0.0004618168,0.008453369,0.010093689,0.0008482933,0.0012540817,0.00003886223,0.000037312508,0.030029297,0.2109375,0.00014340878,0.00014066696,0.0000027418137,0.0000014305115,0
1.1920929e-7,0.007675171,0.006549835,0.05038452,0.37231445,0.049743652,0.00033473969,2.9802322e-7,1.1920929e-7,0.25683594,0.21594238,0.24267578,0.23059082,0.41308594,0.01828003,0.01626587,0.40893555,0.045928955,0.045959473,0.4506836,0.35229492,0.005203247,0.0011339188,0.003818512,0.06378174,0.62353516,0.0008277893,0.000954628,0.0011510849,0.035308838,0.004306793,0.0038223267,0.023986816,0.0004968643,0.38305664,0.4038086,0.0011606216,0.026626587,0.0038414001,0.000047266483,0.0002810955,0.0019741058,0.000074505806,0.0016880035,0.021896362,0.094177246,0.021194458,0.21264648,0.000446558,0.0018024445,0.0000029802322,0.0000017285347,0
0.0000014305115,0.005268097,0.0072517395,0.14831543,0.30566406,0.22436523,0.0016098022,0.0000017285347,0.0000013709068,0.042175293,0.03677368,0.0692749,0.07647705,0.046203613,0.091796875,0.09661865,0.057800293,0.1829834,0.15588379,0.32470703,0.16149902,0.023513794,0.019836426,0.001326561,0.00037813187,0.81591797,0.05029297,0.0006451607,0.10644531,0.058044434,0.019378662,0.023788452,0.012931824,0.00044226646,0.50097656,0.58935547,0.009483337,0.009681702,0.0040359497,0.00013291836,0.0011806488,0.0021820068,0.00068950653,0.015914917,0.24169922,0.29541016,0.018539429,0.029815674,0.07098389,0.0769043,0.000006854534,0.000009417534,0
2.3841858e-7,0.0013799667,0.005176544,0.038208008,0.70654297,0.105651855,0.00038576126,1.1920929e-7,2.9802322e-7,0.029388428,0.09338379,0.017990112,0.031082153,0.03201294,0.19091797,0.1973877,0.04525757,0.39160156,0.33862305,0.2553711,0.1394043,0.03250122,0.0045700073,0.00085163116,0.0028247833,0.8955078,0.012870789,0.0033359528,0.069885254,0.09490967,0.00005143881,0.00005632639,0.009223938,0.00006145239,0.04269409,0.09539795,0.007980347,0.022994995,0.0041542053,0.0082473755,0.0006980896,0.0028877258,0.00006443262,0.0012569427,0.04421997,0.13549805,0.0010843277,0.034454346,0.000033915043,0.00008428097,0.0000022649765,5.364418e-7,0
4.172325e-7,0.09838867,0.10900879,0.0021762848,0.066589355,0.013290405,0.000028192997,5.9604645e-8,1.1920929e-7,0.26831055,0.31225586,0.06149292,0.09588623,0.45092773,0.016464233,0.014419556,0.453125,0.1607666,0.11871338,0.77783203,0.52685547,0.004169464,0.00045871735,0.00013828278,0.022460938,0.30688477,0.0006952286,0.028457642,0.0002272129,0.00022113323,0.016799927,0.020996094,0.0011482239,0.00015318394,0.004055023,0.0030765533,0.001250267,0.0059165955,0.018951416,0.0006041527,0.0022792816,0.016525269,0.00068950653,0.0004234314,0.000018715858,0.000029802322,0.008148193,0.047576904,0.0000024437904,0.000006735325,9.536743e-7,4.7683716e-7,0
9.536743e-7,0.034606934,0.043182373,0.036987305,0.092163086,0.05810547,0.00009673834,1.7881393e-7,2.3841858e-7,0.1694336,0.27905273,0.017333984,0.03274536,0.012054443,0.2668457,0.27416992,0.018173218,0.4008789,0.3251953,0.7597656,0.5908203,0.0030899048,0.00091934204,0.000073611736,0.001613617,0.828125,0.011734009,0.0154800415,0.0036067963,0.018615723,0.001206398,0.001329422,0.004135132,0.00046348572,0.006286621,0.0077285767,0.0018234253,0.008094788,0.07122803,0.0007019043,0.014083862,0.025268555,0.003326416,0.0007185936,0.000042438507,0.000077962875,0.00016117096,0.0014181137,0.000011503696,0.000014424324,7.748604e-7,5.9604645e-7,0
0.0000035762787,0.0020503998,0.002943039,0.578125,0.32739258,0.20874023,0.0014514923,0.0000049471855,7.1525574e-7,0.068237305,0.0069770813,0.055023193,0.048034668,0.03387451,0.2376709,0.25439453,0.044769287,0.22045898,0.2775879,0.19238281,0.14489746,0.044036865,0.08526611,0.0031051636,0.016540527,0.78564453,0.0008597374,0.007949829,0.02684021,0.34985352,0.14685059,0.14978027,0.013824463,0.00020575523,0.2548828,0.16589355,0.0073432922,0.051635742,0.000995636,0.0015535355,0.003370285,0.00756073,0.005455017,0.031951904,0.13183594,0.14782715,0.107421875,0.18408203,0.11706543,0.25268555,0.0000027418137,0.00000166893,0
7.1525574e-7,0.000036478043,0.000031769276,0.8935547,0.9169922,0.91552734,0.00005209446,2.9802322e-7,6.556511e-7,0.0077209473,0.006641388,0.022506714,0.025924683,0.006427765,0.2927246,0.32910156,0.019866943,0.29858398,0.26513672,0.077941895,0.07446289,0.08758545,0.076538086,0.000039219856,0.017456055,0.84716797,0.001581192,0.37841797,0.0021419525,0.0034618378,0.0000094771385,0.000011086464,0.019943237,0.029632568,0.0021705627,0.0016746521,0.0012845993,0.0024604797,0.75439453,0.00055265427,0.029800415,0.11047363,0.0052261353,0.00068998337,0.000001847744,0.0000010728836,0.00002425909,0.00003361702,0.000020205975,0.00001257658,4.172325e-7,1.1920929e-7,0
7.1525574e-7,0.0019407272,0.004825592,0.19091797,0.6147461,0.19592285,0.0011615753,0.0000022053719,2.9802322e-7,0.06304932,0.034332275,0.07208252,0.07354736,0.5283203,0.009925842,0.00945282,0.52734375,0.13391113,0.1295166,0.3383789,0.12432861,0.023254395,0.012237549,0.0028057098,0.025909424,0.4440918,0.00059461594,0.0010538101,0.0014591217,0.023254395,0.0009112358,0.0007572174,0.023849487,0.00013685226,0.40185547,0.5,0.004173279,0.024917603,0.007949829,0.0011348724,0.000890255,0.0016450882,0.00045633316,0.009849548,0.6723633,0.88134766,0.018966675,0.21765137,0.02810669,0.06793213,0.0000030398369,0.0000041127205,0
7.1525574e-7,0.015655518,0.0110321045,0.12963867,0.09210205,0.10455322,0.0001052618,4.172325e-7,2.9802322e-7,0.3161621,0.41870117,0.014053345,0.045959473,0.1328125,0.15783691,0.05166626,0.036132812,0.47216797,0.29467773,0.51660156,0.38183594,0.0029125214,0.0005683899,0.00016641617,0.029067993,0.8457031,0.0033512115,0.0055656433,0.0012874603,0.04660034,0.018356323,0.019088745,0.01902771,0.0000756979,0.053619385,0.04675293,0.0002617836,0.0052719116,0.20703125,0.0026893616,0.0098724365,0.014663696,0.0018901825,0.0013999939,0.00001847744,0.000047445297,0.00020289421,0.0030136108,0.000017046928,0.000033915043,0.0000038146973,0.000001013279,0
8.940697e-7,0.00017762184,0.0002424717,0.5576172,0.8383789,0.42749023,0.00040769577,7.1525574e-7,5.9604645e-7,0.059173584,0.084228516,0.20361328,0.20605469,0.0029087067,0.7998047,0.78027344,0.0010433197,0.06640625,0.042877197,0.22753906,0.09643555,0.029037476,0.0069618225,0.0011339188,0.00299263,0.7602539,0.0069084167,0.0063705444,0.041412354,0.0077781677,0.000113487244,0.00018894672,0.018997192,0.00062417984,0.014923096,0.048583984,0.012290955,0.015670776,0.008758545,0.0007176399,0.00038194656,0.003501892,0.0003247261,0.001701355,0.69921875,0.80615234,0.0025463104,0.23486328,0.00299263,0.0024490356,0.000003993511,0.00000166893,0
5.9604645e-7,0.002313614,0.0005950928,0.55029297,0.34472656,0.5839844,0.00005787611,4.7683716e-7,5.9604645e-8,0.7714844,0.3798828,0.2944336,0.26171875,0.2211914,0.05545044,0.062805176,0.21179199,0.031311035,0.045135498,0.6459961,0.2548828,0.0010290146,0.0021018982,0.000052511692,0.0034866333,0.030914307,0.00034594536,0.006500244,0.00037693977,0.0023708344,0.05834961,0.05508423,0.002981186,0.1015625,0.0038719177,0.0044288635,0.0005745888,0.009010315,0.47314453,0.000003695488,0.05001831,0.026779175,0.01083374,0.01651001,0.0000070929527,0.000007867813,0.013084412,0.0027427673,0.00007301569,0.00006836653,0.0000013709068,1.1920929e-7,0
1.7881393e-7,0.0005335808,0.0010108948,0.26049805,0.7553711,0.20397949,0.000117480755,5.9604645e-8,1.7881393e-7,0.08807373,0.11633301,0.026931763,0.06781006,0.059448242,0.29223633,0.20178223,0.019927979,0.35620117,0.16687012,0.56640625,0.17236328,0.016082764,0.0031967163,0.00042366982,0.0033493042,0.7290039,0.0059318542,0.02293396,0.03677368,0.017501831,0.000007390976,0.0000104904175,0.0015029907,0.00010538101,0.003370285,0.006954193,0.0066184998,0.026687622,0.002904892,0.011360168,0.0005583763,0.010810852,0.00006741285,0.00017344952,0.06530762,0.23803711,0.00087213516,0.18554688,0.000003993511,0.000008046627,0.0000015497208,2.3841858e-7,0
0.0000011324883,0.0047340393,0.0024147034,0.36108398,0.10961914,0.22009277,0.00029277802,7.1525574e-7,2.9802322e-7,0.3527832,0.5209961,0.014846802,0.037017822,0.13110352,0.12200928,0.058166504,0.055389404,0.48461914,0.39379883,0.48950195,0.4033203,0.002937317,0.00041651726,0.00033688545,0.0736084,0.9067383,0.0012569427,0.0026245117,0.0036678314,0.049316406,0.16394043,0.18200684,0.032196045,0.00038719177,0.13317871,0.10681152,0.0004723072,0.0066604614,0.09967041,0.00030636787,0.0061187744,0.00932312,0.0009784698,0.0021591187,0.00012600422,0.00025367737,0.00069999695,0.0054473877,0.00008529425,0.00014472008,0.0000086426735,0.0000022649765,0
1.7881393e-7,0.007926941,0.0079956055,0.28515625,0.1694336,0.041412354,0.00067424774,0.0000013709068,1.7881393e-7,0.15686035,0.17041016,0.023147583,0.025131226,0.5625,0.0104522705,0.0118255615,0.56347656,0.42114258,0.3701172,0.45654297,0.21386719,0.008506775,0.0029182434,0.0041770935,0.00040006638,0.8149414,0.2097168,0.0003402233,0.008300781,0.113098145,0.0033950806,0.0036525726,0.007797241,0.000023841858,0.5776367,0.7524414,0.0007381439,0.007865906,0.008323669,0.005886078,0.0004043579,0.00067281723,0.000026226044,0.001947403,0.021881104,0.08544922,0.006969452,0.3161621,0.00006556511,0.00030994415,0.00001513958,0.0000017285347,0
0.000001013279,0.00012791157,0.00050115585,0.69628906,0.8588867,0.42114258,0.000579834,5.364418e-7,1.1920929e-7,0.32958984,0.63134766,0.3623047,0.34594727,0.5986328,0.01373291,0.014961243,0.5600586,0.04055786,0.030426025,0.6201172,0.3864746,0.007949829,0.00073719025,0.00066137314,0.040405273,0.43847656,0.00021207333,0.044769287,0.0058631897,0.053588867,0.0040130615,0.0036964417,0.003370285,0.0058517456,0.020187378,0.040405273,0.005180359,0.041534424,0.0134887695,0.00013709068,0.002298355,0.00566864,0.0010719299,0.032287598,0.013244629,0.021011353,0.021835327,0.044067383,0.0011911392,0.0013980865,0.0000022053719,5.364418e-7,0
0.0000022053719,0.03604126,0.048736572,0.043151855,0.078308105,0.042755127,0.0001001358,5.364418e-7,2.3841858e-7,0.37963867,0.5234375,0.020401001,0.032226562,0.012588501,0.40698242,0.39697266,0.0062789917,0.37670898,0.35791016,0.7182617,0.6508789,0.0014762878,0.00019955635,0.000086307526,0.0012836456,0.8261719,0.03640747,0.0065307617,0.0012617111,0.026016235,0.056549072,0.052886963,0.004047394,0.00006771088,0.019882202,0.017837524,0.0015192032,0.011810303,0.03866577,0.0028209686,0.013504028,0.016433716,0.0066184998,0.0018997192,0.00003427267,0.0000757575,0.0008740425,0.005004883,0.00003451109,0.000088870525,0.0000030398369,0.0000011324883,0
1.1920929e-7,0.007949829,0.060913086,0.058898926,0.29858398,0.01689148,0.00008928776,1.7881393e-7,5.9604645e-8,0.1730957,0.35766602,0.02684021,0.07116699,0.53125,0.015106201,0.009429932,0.4506836,0.33251953,0.16088867,0.57373047,0.26245117,0.0074768066,0.0006146431,0.00021445751,0.0009608269,0.91308594,0.043395996,0.00095653534,0.001250267,0.025756836,0.0016527176,0.0017061234,0.004047394,0.00017213821,0.03262329,0.030334473,0.00015103817,0.012664795,0.015808105,0.0028858185,0.0007138252,0.00062417984,0.000113129616,0.0032424927,0.0009379387,0.008888245,0.00076150894,0.03427124,0.0000074505806,0.00013828278,0.000002682209,2.9802322e-7,0
8.940697e-7,0.00016283989,0.00020134449,0.61816406,0.84765625,0.48266602,0.0004081726,5.364418e-7,9.536743e-7,0.0670166,0.0692749,0.20874023,0.20629883,0.003162384,0.8129883,0.79248047,0.0006966591,0.06311035,0.03955078,0.26367188,0.07873535,0.026672363,0.008178711,0.0013141632,0.008720398,0.7944336,0.0032844543,0.008468628,0.05279541,0.009849548,0.00011366606,0.00020074844,0.01713562,0.00036549568,0.022476196,0.062347412,0.01411438,0.0178833,0.008094788,0.001077652,0.00045466423,0.005405426,0.00020587444,0.00074481964,0.5493164,0.703125,0.0015935898,0.26000977,0.0012283325,0.00095796585,0.000004708767,0.0000017881393,0
1.1920929e-7,0.000037908554,0.00004053116,0.76416016,0.85302734,0.47338867,0.000039935112,2.3841858e-7,5.9604645e-8,0.25439453,0.31420898,0.35131836,0.34545898,0.19616699,0.04776001,0.0362854,0.17590332,0.028503418,0.030044556,0.36547852,0.57666016,0.0033817291,0.00058460236,0.00010830164,0.06347656,0.41455078,0.00016260147,0.0131073,0.0007543564,0.00818634,0.0010929108,0.00080919266,0.002407074,0.0007662773,0.005947113,0.0029296875,0.0030784607,0.062683105,0.00907135,0.00040483475,0.0059318542,0.018447876,0.0035800934,0.0020885468,0.00010126829,0.00017857552,0.0026931763,0.0013771057,0.00019431114,0.0005340576,4.7683716e-7,1.7881393e-7,0
7.748604e-7,0.00018811226,0.00023519993,0.60058594,0.8354492,0.42456055,0.00039815903,7.1525574e-7,5.9604645e-7,0.073913574,0.0770874,0.18896484,0.18933105,0.0036754608,0.81347656,0.7832031,0.0007634163,0.07305908,0.047210693,0.27563477,0.08862305,0.025253296,0.00737381,0.0011997223,0.003047943,0.7709961,0.008430481,0.005970001,0.04711914,0.008270264,0.00008648634,0.00015234947,0.02406311,0.00081157684,0.019104004,0.05859375,0.011184692,0.015594482,0.00957489,0.0005021095,0.00028586388,0.0034008026,0.00023066998,0.0013818741,0.69873047,0.8149414,0.0021572113,0.26489258,0.0025920868,0.0018892288,0.0000046491623,0.0000015497208,0
0.0000011324883,0.00089263916,0.0002477169,0.5175781,0.4802246,0.296875,0.00007802248,7.748604e-7,2.3841858e-7,0.6191406,0.58203125,0.5332031,0.56396484,0.10467529,0.18444824,0.07922363,0.032043457,0.010688782,0.0063934326,0.48950195,0.45776367,0.0007009506,0.00010448694,0.00056266785,0.0056648254,0.21228027,0.00018167496,0.01864624,0.00043654442,0.002254486,0.0030517578,0.0029754639,0.009109497,0.00005531311,0.00491333,0.0061073303,0.007549286,0.013298035,0.00554657,0.006122589,0.002811432,0.005706787,0.0004632473,0.004322052,0.017303467,0.036346436,0.053222656,0.25463867,0.0007505417,0.0016736984,0.0000016093254,6.556511e-7,0
0.000001847744,0.0065689087,0.0018177032,0.25830078,0.7944336,0.6455078,0.00039553642,0.000004529953,9.536743e-7,0.47924805,0.43164062,0.3100586,0.23498535,0.017425537,0.37524414,0.38891602,0.0054016113,0.0725708,0.11212158,0.27807617,0.5996094,0.0038642883,0.0030555725,0.0012817383,0.021255493,0.6816406,0.00079107285,0.001206398,0.0079422,0.072021484,0.1116333,0.1295166,0.35864258,0.00023698807,0.29858398,0.16601562,0.0015859604,0.009307861,0.05105591,0.0002065897,0.0012845993,0.00082969666,0.00051021576,0.0104904175,0.5185547,0.66503906,0.081848145,0.20361328,0.075683594,0.18725586,0.000002861023,0.000011384487,0
2.3841858e-7,0.0002219677,0.0014591217,0.4099121,0.86865234,0.11968994,0.000746727,1.1920929e-7,1.7881393e-7,0.06982422,0.06774902,0.048461914,0.05859375,0.033111572,0.3269043,0.2980957,0.020614624,0.2692871,0.22473145,0.29516602,0.076660156,0.028411865,0.007850647,0.0012207031,0.006298065,0.9472656,0.004760742,0.004634857,0.04748535,0.1451416,0.00004351139,0.000045001507,0.036071777,0.0002939701,0.083862305,0.1484375,0.0028629303,0.019088745,0.013122559,0.0033779144,0.00019407272,0.0037155151,0.000041604042,0.0010566711,0.46362305,0.8745117,0.00036239624,0.031143188,0.0004172325,0.002796173,0.000002861023,7.748604e-7,0
5.9604645e-7,0.0000062584877,0.000014424324,0.8730469,0.9794922,0.8564453,0.00046777725,0.000002503395,0.0000019669533,0.054016113,0.040130615,0.25927734,0.23510742,0.028182983,0.24645996,0.21240234,0.020858765,0.07092285,0.06677246,0.21850586,0.1595459,0.032836914,0.029754639,0.0011806488,0.00010788441,0.9042969,0.24353027,0.0017299652,0.1328125,0.032928467,0.0066566467,0.020339966,0.0074920654,0.000030875206,0.11401367,0.23400879,0.0052337646,0.009544373,0.002521515,0.007335663,0.003774643,0.014602661,0.00041890144,0.0023040771,0.007484436,0.013648987,0.0012292862,0.20288086,0.0011615753,0.0009441376,0.000008702278,0.000003695488,0
4.7683716e-7,0.0007209778,0.0006456375,0.35302734,0.67285156,0.31835938,0.00030446053,0.0000028014183,1.7881393e-7,0.07739258,0.09881592,0.019729614,0.034851074,0.63623047,0.006538391,0.008178711,0.6333008,0.33984375,0.2722168,0.38208008,0.059509277,0.017425537,0.0053749084,0.0009121895,0.0072135925,0.7363281,0.031951904,0.0005912781,0.0020046234,0.016647339,0.072509766,0.09069824,0.009483337,0.000042796135,0.15771484,0.25024414,0.00054740906,0.008079529,0.019165039,0.0022659302,0.001502037,0.001461029,0.00071811676,0.009773254,0.00033807755,0.0011758804,0.0014371872,0.1184082,0.0001322031,0.0003323555,0.000021517277,0.0000026226044,0
0.000001013279,0.000054836273,0.00005853176,0.8041992,0.953125,0.7709961,0.000351429,0.000002861023,4.7683716e-7,0.004337311,0.024139404,0.04586792,0.14685059,0.05670166,0.7294922,0.31933594,0.0020561218,0.33764648,0.11102295,0.06500244,0.04525757,0.45751953,0.04852295,0.0018615723,0.0010414124,0.46313477,0.026504517,0.006134033,0.003709793,0.09051514,0.26635742,0.18884277,0.03869629,0.000007390976,0.50097656,0.1472168,0.004627228,0.0574646,0.0024337769,0.0079193115,0.0053482056,0.005367279,0.0019416809,0.011512756,0.019195557,0.06262207,0.117614746,0.27661133,0.015472412,0.031280518,0.000002682209,4.172325e-7,0
0.00000166893,0.0025596619,0.0060195923,0.25463867,0.39404297,0.22216797,0.00044894218,0.0000020861626,0.0000022053719,0.037017822,0.046295166,0.06512451,0.07086182,0.0017461777,0.6826172,0.6923828,0.0025672913,0.15991211,0.16296387,0.28344727,0.16564941,0.030715942,0.013198853,0.0011787415,0.0042648315,0.8203125,0.0058937073,0.0007557869,0.022766113,0.040618896,0.064697266,0.12036133,0.016036987,0.00035953522,0.20422363,0.27026367,0.002122879,0.009719849,0.0143966675,0.00023150444,0.002073288,0.0013923645,0.0010461807,0.010978699,0.006389618,0.014640808,0.0033779144,0.15698242,0.006389618,0.008651733,0.000014364719,0.000009298325,0
2.3841858e-7,0.0012178421,0.0047340393,0.04714966,0.72216797,0.10699463,0.0003194809,1.1920929e-7,2.3841858e-7,0.033691406,0.09954834,0.018325806,0.033294678,0.044158936,0.13867188,0.15197754,0.06262207,0.38476562,0.3334961,0.30126953,0.12805176,0.029464722,0.0039787292,0.0007009506,0.0046081543,0.87402344,0.006790161,0.003932953,0.051116943,0.09515381,0.000059962273,0.00006997585,0.008010864,0.000053942204,0.037139893,0.07678223,0.0063552856,0.025665283,0.005050659,0.009292603,0.0007624626,0.002729416,0.00009256601,0.0011987686,0.01939392,0.06890869,0.0005893707,0.029510498,0.000030755997,0.000080645084,0.0000022649765,5.364418e-7,0
2.3841858e-7,0.037353516,0.072509766,0.06616211,0.09112549,0.0076675415,0.00010663271,5.9604645e-8,5.9604645e-8,0.32763672,0.31323242,0.040649414,0.04699707,0.5703125,0.0093307495,0.009780884,0.5708008,0.22485352,0.23986816,0.68359375,0.42016602,0.004486084,0.0004184246,0.0011072159,0.18835449,0.64453125,0.0012807846,0.004337311,0.00248909,0.070373535,0.00021922588,0.00023639202,0.0071983337,0.0026416779,0.12536621,0.05831909,0.00056123734,0.14562988,0.0022945404,0.000023841858,0.00023758411,0.0021152496,0.00020325184,0.0011749268,0.0029830933,0.0413208,0.0001951456,0.029067993,0.000037908554,0.0003414154,0.0000013709068,8.940697e-7,0
1.1920929e-7,0.03253174,0.21118164,0.042785645,0.07714844,0.0076522827,0.00007921457,0.0,2.3841858e-7,0.52490234,0.64990234,0.016677856,0.31347656,0.5258789,0.022994995,0.0068588257,0.3293457,0.4963379,0.043914795,0.8276367,0.30004883,0.0018901825,0.0001039505,0.00049591064,0.1899414,0.6953125,0.0002965927,0.00970459,0.00080251694,0.01777649,0.0017547607,0.0022506714,0.0023326874,0.000046908855,0.07635498,0.057373047,0.00042676926,0.023742676,0.0029850006,0.0016345978,0.0008845329,0.056152344,0.00012505054,0.000080645084,0.000063955784,0.00031280518,0.0002977848,0.038909912,0.000014066696,0.00006622076,0.0000024437904,0.0000011324883,0
8.34465e-7,0.000032007694,0.0000054240227,0.92871094,0.93310547,0.80908203,0.000013887882,4.7683716e-7,1.1920929e-7,0.0124435425,0.04043579,0.15515137,0.22302246,0.041992188,0.40649414,0.32666016,0.014274597,0.10998535,0.045196533,0.13977051,0.14562988,0.17358398,0.013137817,0.00007170439,0.00084781647,0.025726318,0.0014839172,0.010498047,0.0011997223,0.013580322,0.018615723,0.016021729,0.008636475,0.0003271103,0.0025291443,0.0010681152,0.0011644363,0.06945801,0.09503174,0.001162529,0.039886475,0.03164673,0.057891846,0.032989502,0.000025749207,0.000092446804,0.0019683838,0.00969696,0.0013608932,0.0022258759,2.9802322e-7,0.0,0
5.9604645e-7,0.0000056624413,0.000012099743,0.8901367,0.98046875,0.87158203,0.00048303604,0.0000023841858,0.0000022649765,0.051879883,0.036468506,0.24853516,0.22644043,0.03137207,0.22912598,0.19494629,0.023208618,0.07501221,0.070251465,0.22827148,0.14807129,0.033935547,0.03225708,0.0012340546,0.00018000603,0.9082031,0.1607666,0.001832962,0.13330078,0.037506104,0.0061683655,0.019348145,0.0075187683,0.000033557415,0.1274414,0.24450684,0.004928589,0.010787964,0.0024929047,0.006652832,0.0042037964,0.016998291,0.00042366982,0.0020332336,0.0071144104,0.014007568,0.001127243,0.23706055,0.0011301041,0.0010061264,0.00000846386,0.000003695488,0
0.000001013279,0.039276123,0.045135498,0.027938843,0.08959961,0.058654785,0.00009256601,1.7881393e-7,2.3841858e-7,0.17260742,0.29736328,0.01687622,0.032806396,0.012580872,0.26586914,0.27319336,0.018844604,0.40722656,0.32958984,0.7651367,0.5996094,0.0030460358,0.00081062317,0.000071167946,0.0015554428,0.82373047,0.011932373,0.01739502,0.0037059784,0.019744873,0.00096797943,0.0010986328,0.0041122437,0.00042653084,0.0054969788,0.0067253113,0.0019416809,0.00894165,0.07324219,0.0008687973,0.013961792,0.026168823,0.003364563,0.0006723404,0.000042319298,0.000082850456,0.00014722347,0.0015411377,0.000010251999,0.000013887882,7.1525574e-7,5.364418e-7,0
0.000008285046,0.00078868866,0.0018157959,0.5361328,0.6279297,0.328125,0.002023697,0.0000017285347,0.0000011324883,0.12756348,0.1005249,0.11529541,0.13598633,0.02545166,0.35205078,0.3840332,0.041137695,0.107910156,0.09991455,0.5205078,0.068481445,0.0211792,0.006290436,0.0010643005,0.04208374,0.7026367,0.0002323389,0.036499023,0.091674805,0.16662598,0.0021820068,0.0032348633,0.019073486,0.0007529259,0.0234375,0.038513184,0.01802063,0.035949707,0.013954163,0.0016050339,0.0043258667,0.013313293,0.0020484924,0.027130127,0.53271484,0.6508789,0.0059013367,0.24780273,0.004447937,0.007583618,0.000003516674,0.000002861023,0
2.9802322e-7,0.00003528595,0.00012362003,0.7324219,0.87939453,0.46728516,0.0002450943,5.9604645e-7,5.364418e-7,0.05130005,0.16540527,0.010498047,0.13989258,0.24645996,0.06500244,0.023895264,0.121520996,0.61279297,0.1427002,0.39038086,0.16442871,0.028625488,0.0053138733,0.0003745556,0.0030574799,0.83984375,0.032348633,0.0024585724,0.017318726,0.0132751465,0.014472961,0.02684021,0.009803772,0.000032663345,0.07110596,0.21557617,0.00044298172,0.0018844604,0.11364746,0.0071640015,0.007843018,0.0073165894,0.001912117,0.004627228,0.00003528595,0.000100016594,0.00012278557,0.017044067,0.0000898242,0.0002579689,0.000008046627,8.34465e-7,0
4.172325e-7,0.0015439987,0.000037550926,0.671875,0.33081055,0.640625,0.00002759695,5.364418e-7,5.9604645e-8,0.77783203,0.6142578,0.65185547,0.66552734,0.07086182,0.16333008,0.11340332,0.038330078,0.006958008,0.0044670105,0.57666016,0.44091797,0.00071811676,0.00014638901,0.0002053976,0.0061149597,0.055603027,0.00006741285,0.013420105,0.0000603199,0.0024471283,0.029586792,0.03048706,0.0008482933,0.00027179718,0.00283432,0.0017709732,0.0015897751,0.024459839,0.036895752,0.001045227,0.011703491,0.006652832,0.0023670197,0.0013713837,0.00008124113,0.00022673607,0.006526947,0.07751465,0.000014305115,0.00003272295,0.0000013709068,2.9802322e-7,0
1.7881393e-7,0.0063667297,0.029724121,0.10888672,0.23803711,0.01612854,0.00018382072,2.9802322e-7,1.1920929e-7,0.13793945,0.21264648,0.036987305,0.06750488,0.5341797,0.020401001,0.009643555,0.43554688,0.29370117,0.16540527,0.57128906,0.21594238,0.010902405,0.0014705658,0.0005774498,0.0007882118,0.9091797,0.08770752,0.00077342987,0.00223732,0.028762817,0.0024662018,0.0023517609,0.0033912659,0.0001283884,0.052093506,0.058746338,0.00044941902,0.017059326,0.004211426,0.0020923615,0.0006489754,0.0010604858,0.000063955784,0.0026168823,0.008331299,0.06137085,0.0037631989,0.117370605,0.000008702278,0.00009918213,0.000003993511,5.9604645e-7,0
5.9604645e-8,0.009483337,0.03768921,0.045043945,0.48168945,0.010665894,0.00017166138,0.0,0.0,0.15270996,0.34594727,0.018218994,0.14746094,0.1694336,0.15576172,0.06210327,0.074645996,0.40039062,0.076538086,0.6542969,0.15124512,0.018035889,0.00055217743,0.0011978149,0.042236328,0.44213867,0.0038928986,0.0033893585,0.0018558502,0.014099121,0.0021686554,0.0019493103,0.0015544891,0.11639404,0.21704102,0.061187744,0.00019693375,0.06842041,0.0005660057,1.1920929e-7,0.0005970001,0.0016231537,0.00031661987,0.0012722015,0.0018434525,0.023483276,0.00047445297,0.0072402954,0.0000872612,0.0013999939,0.0000013709068,1.7881393e-7,0
4.172325e-7,0.005027771,0.008979797,0.072021484,0.2866211,0.066467285,0.00010347366,2.3841858e-7,2.9802322e-7,0.1541748,0.1607666,0.1685791,0.18469238,0.16882324,0.046142578,0.042419434,0.14831543,0.061279297,0.046661377,0.40649414,0.2626953,0.0085372925,0.0013847351,0.00062561035,0.035125732,0.5703125,0.00028824806,0.003873825,0.0016021729,0.0051078796,0.0039138794,0.006690979,0.0010471344,0.00007939339,0.029006958,0.02848816,0.005344391,0.05065918,0.0009613037,0.00055885315,0.0021457672,0.010650635,0.00043344498,0.00063991547,0.001405716,0.0032176971,0.011207581,0.5283203,0.00008273125,0.00019180775,0.000002861023,0.0000014305115,0
0.0000010728836,0.000020802021,0.000037252903,0.94628906,0.97558594,0.90478516,0.0004968643,0.0000010728836,0.000001847744,0.0137786865,0.08178711,0.11968994,0.39111328,0.04776001,0.7324219,0.34423828,0.0018501282,0.2631836,0.044433594,0.12854004,0.02166748,0.25317383,0.015449524,0.0015096664,0.00157547,0.8051758,0.047851562,0.010597229,0.036376953,0.11090088,0.0048446655,0.002855301,0.03543091,0.00012409687,0.23669434,0.07989502,0.021057129,0.056121826,0.0020561218,0.0025978088,0.001991272,0.008285522,0.00063848495,0.0047721863,0.61865234,0.82128906,0.03741455,0.19628906,0.00598526,0.007587433,0.00000333786,8.34465e-7,0
4.172325e-7,0.004432678,0.0041160583,0.024856567,0.54833984,0.13549805,0.00010585785,1.1920929e-7,5.9604645e-8,0.053131104,0.06109619,0.02609253,0.04272461,0.1159668,0.064697266,0.07647705,0.12365723,0.27661133,0.23962402,0.35864258,0.12695312,0.019348145,0.0039596558,0.00020480156,0.034606934,0.73535156,0.00038528442,0.012001038,0.0023174286,0.0028953552,0.00012910366,0.00012505054,0.0118637085,0.0023422241,0.001791954,0.00365448,0.0045204163,0.019042969,0.012649536,0.00015640259,0.00036668777,0.0013093948,0.00035881996,0.002029419,0.3203125,0.6328125,0.0014944077,0.06781006,0.000022172928,0.000041902065,4.7683716e-7,5.9604645e-7,0
0.0000013113022,0.0009622574,0.000043690205,0.8388672,0.25878906,0.765625,0.00027751923,0.0000022649765,3.5762787e-7,0.060638428,0.008796692,0.056549072,0.0574646,0.30249023,0.034332275,0.033294678,0.2998047,0.20959473,0.22277832,0.18127441,0.07495117,0.085510254,0.06506348,0.00049448013,0.02293396,0.57470703,0.0030555725,0.008491516,0.0013122559,0.023468018,0.25878906,0.2006836,0.011497498,0.00070238113,0.09234619,0.08288574,0.00081539154,0.0065727234,0.023773193,0.0003285408,0.004322052,0.03665161,0.0030975342,0.006664276,0.000057816505,0.000044465065,0.13049316,0.013244629,0.0062332153,0.014549255,0.0000054836273,4.7683716e-7,0
5.364418e-7,0.0006389618,0.00052165985,0.49682617,0.7631836,0.4987793,0.000048339367,2.9802322e-7,4.7683716e-7,0.02255249,0.09039307,0.027450562,0.37719727,0.25512695,0.00844574,0.053588867,0.5517578,0.43798828,0.036987305,0.43359375,0.09954834,0.14453125,0.0042381287,0.00019013882,0.0015535355,0.029129028,0.0030612946,0.001953125,0.027862549,0.004688263,0.0005259514,0.00042033195,0.06689453,0.004585266,0.024475098,0.038879395,0.0025424957,0.02003479,0.52001953,0.00030303,0.06427002,0.05419922,0.010360718,0.022216797,0.000005543232,0.000008225441,0.0004003048,0.00033140182,0.006801605,0.009979248,0.0000012516975,5.9604645e-8,0
3.5762787e-7,0.0017490387,0.0011520386,0.35473633,0.52783203,0.14147949,0.000259161,0.0000011920929,1.1920929e-7,0.15905762,0.056274414,0.09844971,0.10473633,0.2277832,0.04058838,0.032318115,0.22668457,0.08483887,0.09259033,0.3540039,0.09814453,0.007663727,0.0070114136,0.0012626648,0.0014791489,0.60253906,0.06768799,0.0010814667,0.012557983,0.046813965,0.0029067993,0.0039253235,0.017074585,0.001791954,0.12249756,0.107666016,0.0039253235,0.08282471,0.003993988,0.000031530857,0.0016803741,0.00070858,0.0003592968,0.007003784,0.024261475,0.07702637,0.0042266846,0.04043579,0.000061035156,0.00017082691,0.0000030398369,0.00000166893,0
0.0000016093254,0.013214111,0.0385437,0.109313965,0.21875,0.032226562,0.00089263916,7.1525574e-7,1.7881393e-7,0.49267578,0.72558594,0.38842773,0.41259766,0.16113281,0.059906006,0.050354004,0.1673584,0.04611206,0.021865845,0.61083984,0.6357422,0.0024738312,0.000110566616,0.0006971359,0.00073862076,0.91748047,0.011955261,0.0048179626,0.010284424,0.02053833,0.00043296814,0.0004878044,0.017028809,0.000579834,0.025741577,0.08355713,0.012641907,0.020065308,0.006198883,0.0011968613,0.00034284592,0.0026359558,0.00040650368,0.0038776398,0.70458984,0.88427734,0.014587402,0.49169922,0.0072517395,0.020858765,0.0000022649765,0.0000019669533,0
8.940697e-7,0.0062789917,0.0035171509,0.35742188,0.18041992,0.10131836,0.000028073788,1.1920929e-7,5.9604645e-8,0.1772461,0.53759766,0.27001953,0.30419922,0.3857422,0.024383545,0.030136108,0.35205078,0.053344727,0.035308838,0.46484375,0.36889648,0.016113281,0.00020730495,0.00017094612,0.0023326874,0.009117126,0.0001513958,0.0020999908,0.013244629,0.043701172,0.00091934204,0.0009069443,0.0027580261,0.000060379505,0.0028152466,0.0023536682,0.008895874,0.08135986,0.0141067505,0.0066566467,0.00724411,0.0035095215,0.0062561035,0.02027893,0.002084732,0.0061187744,0.0027484894,0.01335144,0.0031757355,0.0038642883,7.748604e-7,5.9604645e-8,0
0.0000017881393,0.0012235641,0.0013523102,0.27392578,0.82470703,0.41625977,0.00042319298,0.0000020861626,3.5762787e-7,0.076049805,0.22424316,0.17138672,0.21716309,0.14904785,0.13586426,0.07373047,0.08691406,0.10644531,0.066589355,0.5,0.2536621,0.076660156,0.0022220612,0.002029419,0.00749588,0.5073242,0.008026123,0.0071411133,0.0037631989,0.07897949,0.15307617,0.1348877,0.015464783,0.000009953976,0.4091797,0.10803223,0.0032520294,0.06750488,0.0018424988,0.0034637451,0.005645752,0.007183075,0.0011377335,0.0045166016,0.003730774,0.015281677,0.13391113,0.37597656,0.0026664734,0.0060157776,0.0000041127205,0.0000011920929,0
0.0000022053719,0.075927734,0.0770874,0.0056762695,0.06378174,0.020248413,0.0001784563,1.7881393e-7,1.7881393e-7,0.21435547,0.34960938,0.023895264,0.03488159,0.014884949,0.43554688,0.43579102,0.005153656,0.38598633,0.33642578,0.7709961,0.7734375,0.0024337769,0.0003592968,0.00018703938,0.0010032654,0.6796875,0.0038585663,0.061798096,0.00082206726,0.33911133,0.0011482239,0.00084877014,0.00058460236,0.000007033348,0.01828003,0.007007599,0.0035915375,0.22753906,0.0018024445,0.0670166,0.0040779114,0.01663208,0.0034103394,0.0009775162,0.004825592,0.043701172,0.0022773743,0.038970947,0.00026154518,0.0023956299,7.1525574e-7,5.9604645e-7,0
6.556511e-7,0.0146102905,0.020401001,0.1965332,0.058380127,0.010475159,0.00003874302,1.7881393e-7,5.9604645e-8,0.3984375,0.6298828,0.3671875,0.36206055,0.04486084,0.26245117,0.22680664,0.013549805,0.0357666,0.01828003,0.5131836,0.5776367,0.0026798248,0.00006753206,0.000072956085,0.006980896,0.5288086,0.0015220642,0.005001068,0.003753662,0.00088596344,0.022613525,0.039276123,0.0011634827,0.0008907318,0.0018053055,0.0030879974,0.0026950836,0.0070877075,0.005870819,0.00008058548,0.0025424957,0.00080633163,0.006866455,0.013656616,0.00065231323,0.001077652,0.0030555725,0.027816772,0.00030255318,0.00077676773,0.0000011920929,4.172325e-7,0
1.1920929e-7,0.009986877,0.057006836,0.073791504,0.19628906,0.0124053955,0.000051558018,1.1920929e-7,5.9604645e-8,0.1850586,0.32055664,0.026733398,0.044708252,0.4338379,0.0184021,0.015045166,0.42456055,0.3293457,0.2434082,0.55615234,0.3400879,0.0057411194,0.0007324219,0.00017416477,0.0005874634,0.8515625,0.06304932,0.0021648407,0.0018844604,0.013038635,0.0008497238,0.0010166168,0.002653122,0.00015199184,0.012611389,0.014915466,0.0002450943,0.010673523,0.015945435,0.0035438538,0.0007586479,0.0007882118,0.0001282692,0.0013628006,0.00059747696,0.004497528,0.0005803108,0.030303955,0.0000021457672,0.000028312206,0.0000019073486,2.3841858e-7,0
4.172325e-7,0.00035595894,0.00029802322,0.7597656,0.6464844,0.3166504,0.00025343895,0.0000026226044,2.9802322e-7,0.08972168,0.1038208,0.014213562,0.024719238,0.2565918,0.026275635,0.034820557,0.25756836,0.45263672,0.36865234,0.50146484,0.047576904,0.015701294,0.008529663,0.0005197525,0.00037813187,0.7734375,0.16894531,0.00090265274,0.010063171,0.005050659,0.03640747,0.048828125,0.01146698,0.00008773804,0.042144775,0.1665039,0.0008325577,0.0010643005,0.09729004,0.0036849976,0.0027618408,0.0010709763,0.00025606155,0.004306793,0.00024986267,0.0003247261,0.002840042,0.03137207,0.00001692772,0.000025629997,0.000017762184,9.536743e-7,0
1.1920929e-7,0.009025574,0.0074882507,0.070373535,0.34814453,0.048675537,0.00033569336,2.3841858e-7,1.1920929e-7,0.23950195,0.22290039,0.10614014,0.13391113,0.43188477,0.012962341,0.018035889,0.44360352,0.11224365,0.087890625,0.51464844,0.22473145,0.007472992,0.00097608566,0.0036773682,0.19018555,0.6699219,0.00018513203,0.001373291,0.0008392334,0.041015625,0.01121521,0.01008606,0.018722534,0.00037288666,0.2927246,0.31762695,0.00067710876,0.015426636,0.0055007935,0.00004261732,0.0002090931,0.0018224716,0.00009727478,0.0012779236,0.005344391,0.023132324,0.019424438,0.38842773,0.0005970001,0.0021095276,0.0000044107437,0.000001847744,0
9.536743e-7,0.0012817383,0.0014839172,0.17163086,0.57910156,0.09991455,0.00009095669,6.556511e-7,5.364418e-7,0.036468506,0.020324707,0.022521973,0.020202637,0.16748047,0.054229736,0.04537964,0.14990234,0.38183594,0.38916016,0.2993164,0.13916016,0.02532959,0.020080566,0.00037908554,0.000992775,0.6791992,0.03012085,0.00945282,0.05645752,0.0014038086,0.0004181862,0.0010404587,0.0031032562,0.00066661835,0.0016679764,0.0049934387,0.007896423,0.006816864,0.008422852,0.00047707558,0.0009021759,0.0008997917,0.00069236755,0.0026779175,0.029876709,0.050933838,0.0052223206,0.54589844,0.000026762486,0.000019013882,0.0000026226044,7.748604e-7,0
0.0000010728836,0.015670776,0.00022673607,0.44921875,0.091308594,0.38867188,0.000016391277,2.3841858e-7,5.9604645e-8,0.21899414,0.19445801,0.42333984,0.42626953,0.3400879,0.05090332,0.03652954,0.30004883,0.019302368,0.013641357,0.28027344,0.3239746,0.01838684,0.0022850037,0.00037145615,0.000116586685,0.0006093979,0.0011606216,0.000076293945,0.011070251,0.017501831,0.00054597855,0.00032138824,0.00592041,0.00007241964,0.0012960434,0.0019378662,0.017959595,0.024368286,0.03062439,0.011749268,0.0010814667,0.00033545494,0.010543823,0.10882568,0.062408447,0.1652832,0.0082473755,0.03048706,0.011123657,0.019683838,0.0000013709068,5.9604645e-8,0
1.1920929e-7,0.020431519,0.055847168,0.12963867,0.09460449,0.013687134,0.000035762787,5.9604645e-8,1.7881393e-7,0.1116333,0.09283447,0.0107803345,0.099365234,0.71728516,0.0056266785,0.004470825,0.66796875,0.47729492,0.12780762,0.7050781,0.084106445,0.014732361,0.0031661987,0.0001860857,0.16625977,0.62109375,0.00083589554,0.0055503845,0.002922058,0.0007677078,0.009109497,0.016571045,0.001657486,0.0030155182,0.0126571655,0.0138549805,0.00019085407,0.0026054382,0.03756714,0.00002014637,0.0010414124,0.003786087,0.0010061264,0.00056552887,0.000009000301,0.000021100044,0.00014460087,0.007411957,0.000008404255,0.000022947788,0.0000031590462,8.34465e-7,0
6.556511e-7,0.003047943,0.0047912598,0.18395996,0.5600586,0.15930176,0.0010442734,0.0000010728836,1.7881393e-7,0.053466797,0.06213379,0.04537964,0.05456543,0.4572754,0.011421204,0.009750366,0.45898438,0.19250488,0.17199707,0.4482422,0.15917969,0.021118164,0.006706238,0.0018873215,0.0129776,0.49365234,0.0014486313,0.0012264252,0.0038013458,0.031921387,0.0009965897,0.0008211136,0.016098022,0.00010287762,0.41870117,0.4038086,0.0052757263,0.03375244,0.0063095093,0.00097227097,0.0018615723,0.0014343262,0.00038218498,0.0063209534,0.4230957,0.73779297,0.011772156,0.070373535,0.0028247833,0.009384155,0.0000020861626,0.0000028014183,0
0.0000019669533,0.00000923872,0.000071406364,0.8051758,0.90771484,0.8432617,0.0006098747,0.0000020861626,0.000005841255,0.1854248,0.36572266,0.030151367,0.1550293,0.0035686493,0.39990234,0.52441406,0.013946533,0.32421875,0.08691406,0.5209961,0.11419678,0.006942749,0.0021476746,0.00084495544,0.00031018257,0.4621582,0.15124512,0.0048561096,0.10333252,0.00020194054,0.020706177,0.056427002,0.0029411316,0.02973938,0.08190918,0.4272461,0.025161743,0.00077056885,0.048614502,0.000007927418,0.018569946,0.017974854,0.00945282,0.0067596436,0.00008583069,0.000011146069,0.00082969666,0.014595032,0.004055023,0.00036931038,0.000037431717,0.000004529953,0
0.0000071525574,0.026168823,0.0007009506,0.44384766,0.030029297,0.1907959,0.00029087067,0.000002026558,4.172325e-7,0.1282959,0.14257812,0.02217102,0.010498047,0.04437256,0.53271484,0.40234375,0.0048332214,0.46899414,0.5551758,0.43530273,0.76416016,0.028381348,0.0046463013,0.00091314316,0.041748047,0.81640625,0.009162903,0.04156494,0.0046195984,0.35131836,0.07885742,0.056518555,0.05029297,0.00004684925,0.20800781,0.106933594,0.0005373955,0.02949524,0.018173218,0.0062217712,0.0047950745,0.041229248,0.0013332367,0.0048599243,0.0004823208,0.0017566681,0.011932373,0.029937744,0.00034046173,0.0031337738,0.000002503395,5.9604645e-7,0
0.0000010728836,0.0067100525,0.0052833557,0.15795898,0.1932373,0.18688965,0.00008624792,5.364418e-7,2.9802322e-7,0.2322998,0.2939453,0.017028809,0.027114868,0.060028076,0.117492676,0.095581055,0.04940796,0.4152832,0.37817383,0.5546875,0.40698242,0.0030994415,0.0009317398,0.00008636713,0.005847931,0.8798828,0.0104599,0.0048446655,0.0020427704,0.021148682,0.01763916,0.018798828,0.007881165,0.0003902912,0.021850586,0.017791748,0.0006017685,0.0062828064,0.12030029,0.00072336197,0.018341064,0.016174316,0.0047035217,0.0020561218,0.000015854836,0.000034332275,0.00026512146,0.0025558472,0.000022172928,0.000043690205,0.0000029206276,9.536743e-7,0
0.0000017285347,0.00028324127,0.0005812645,0.5644531,0.7216797,0.5292969,0.00037288666,0.0000045895576,0.00000166893,0.04916382,0.050323486,0.25390625,0.25268555,0.002670288,0.5654297,0.5522461,0.004058838,0.043701172,0.03933716,0.17358398,0.15356445,0.030517578,0.02178955,0.001045227,0.00023245811,0.60791016,0.05569458,0.0010299683,0.015670776,0.011398315,0.068725586,0.12322998,0.0070533752,0.00013661385,0.2109375,0.1977539,0.012214661,0.020523071,0.0027217865,0.0005917549,0.0050582886,0.004055023,0.0015134811,0.010520935,0.010536194,0.014709473,0.010131836,0.1027832,0.012619019,0.012634277,0.000011205673,0.000009953976,0
1.1920929e-7,0.028701782,0.052581787,0.13000488,0.06945801,0.01449585,0.000041484833,5.9604645e-8,1.1920929e-7,0.103637695,0.08258057,0.01108551,0.08135986,0.7529297,0.0050735474,0.0035953522,0.69970703,0.45239258,0.14538574,0.7060547,0.08013916,0.015686035,0.0034008026,0.00020825863,0.22558594,0.6357422,0.00061893463,0.0056495667,0.003276825,0.0011091232,0.0078048706,0.01322937,0.0015058517,0.004272461,0.018585205,0.015991211,0.00020265579,0.0035858154,0.02784729,0.000012397766,0.00095033646,0.0035705566,0.001004219,0.00055217743,0.000011146069,0.000028848648,0.00014913082,0.0059547424,0.000010728836,0.000030755997,0.0000027418137,8.34465e-7,0
0.0000023245811,0.026901245,0.04888916,0.11102295,0.09820557,0.05441284,0.00025463104,2.9802322e-7,2.9802322e-7,0.3942871,0.6245117,0.5239258,0.4831543,0.17810059,0.047424316,0.05581665,0.1586914,0.025146484,0.0138168335,0.4975586,0.35888672,0.00970459,0.00017428398,0.0005617142,0.0040664673,0.02961731,0.00032186508,0.0016174316,0.018936157,0.0069999695,0.035308838,0.041259766,0.0012865067,0.0000071525574,0.062164307,0.08679199,0.02268982,0.023757935,0.0018997192,0.009780884,0.028762817,0.056915283,0.0059928894,0.012145996,0.000500679,0.0004556179,0.010566711,0.014183044,0.06958008,0.042663574,0.0000031590462,7.748604e-7,0
7.1525574e-7,0.00021541119,0.0000359416,0.8754883,0.8496094,0.66845703,0.000019490719,8.940697e-7,5.9604645e-8,0.6279297,0.71191406,0.6503906,0.6826172,0.13952637,0.13830566,0.09857178,0.09576416,0.018585205,0.003665924,0.30615234,0.4411621,0.0078048706,0.000111579895,0.001042366,0.0014438629,0.00073480606,0.0001167655,0.00004130602,0.003932953,0.05114746,0.010604858,0.00843811,0.06384277,0.0005335808,0.019622803,0.009765625,0.0039749146,0.0949707,0.15039062,0.0009326935,0.0017976761,0.00045514107,0.01146698,0.14831543,0.005012512,0.017028809,0.0068359375,0.045196533,0.12890625,0.09387207,0.000011742115,1.1920929e-7,0
5.364418e-7,0.0015792847,0.0039520264,0.2208252,0.5263672,0.07348633,0.00013673306,3.5762787e-7,1.7881393e-7,0.05126953,0.101989746,0.015975952,0.03137207,0.11260986,0.089904785,0.07318115,0.11175537,0.42919922,0.3544922,0.6171875,0.21691895,0.022598267,0.005897522,0.00022852421,0.000046610832,0.8286133,0.515625,0.015716553,0.15075684,0.0036945343,0.000037431717,0.00008255243,0.0030345917,0.00075531006,0.0010709763,0.0036354065,0.0061454773,0.005367279,0.018951416,0.0020198822,0.0018959045,0.0016145706,0.00026798248,0.00093460083,0.010192871,0.014953613,0.0005812645,0.042297363,0.0000015497208,0.0000010728836,0.0000014305115,2.3841858e-7,0
0.0000066161156,0.0005040169,0.0005965233,0.67871094,0.5859375,0.60546875,0.0006766319,8.34465e-7,0.0000010728836,0.05380249,0.06549072,0.013412476,0.020751953,0.030471802,0.27490234,0.28271484,0.051452637,0.46655273,0.45336914,0.24768066,0.099121094,0.059448242,0.00818634,0.0006980896,0.053497314,0.52001953,0.00013840199,0.122680664,0.005214691,0.17675781,0.060455322,0.0814209,0.014587402,0.000105798244,0.046417236,0.035980225,0.0047950745,0.04257202,0.008468628,0.002565384,0.009101868,0.055419922,0.0011224747,0.0021247864,0.0024375916,0.004322052,0.08319092,0.21069336,0.00025987625,0.0009813309,0.0000026226044,7.748604e-7,0
0.0000021457672,0.008354187,0.006919861,0.28198242,0.08154297,0.078552246,0.00011378527,5.9604645e-7,4.172325e-7,0.31640625,0.48706055,0.008079529,0.04611206,0.21350098,0.20300293,0.02684021,0.026062012,0.5131836,0.27661133,0.5083008,0.3466797,0.002407074,0.0003581047,0.00015628338,0.011558533,0.77197266,0.005279541,0.005672455,0.0024204254,0.01876831,0.16003418,0.18945312,0.017028809,0.00024437904,0.024002075,0.023864746,0.000702858,0.007171631,0.1303711,0.0006008148,0.0060424805,0.0041923523,0.0036945343,0.0033950806,0.000087320805,0.00020313263,0.0006799698,0.010360718,0.0000757575,0.0001232624,0.000008523464,0.000001847744,0
0.0000030398369,0.012359619,0.0018529892,0.25439453,0.17224121,0.37060547,0.000032007694,4.172325e-7,1.7881393e-7,0.018585205,0.060150146,0.16540527,0.20471191,0.6381836,0.016082764,0.008148193,0.64404297,0.09320068,0.066101074,0.20593262,0.19873047,0.16638184,0.0079956055,0.00007492304,0.0002207756,0.004135132,0.0013818741,0.0011844635,0.0032138824,0.018844604,0.22753906,0.20959473,0.00050735474,0.000031769276,0.0006661415,0.0005455017,0.006706238,0.10852051,0.0054359436,0.0061149597,0.029571533,0.008880615,0.110961914,0.023010254,0.00025057793,0.00081300735,0.016143799,0.029159546,0.0008506775,0.0025119781,6.556511e-7,1.7881393e-7,0
0.0000013709068,0.012802124,0.004611969,0.2758789,0.23498535,0.33374023,0.0003681183,5.9604645e-7,2.3841858e-7,0.20458984,0.076416016,0.032562256,0.0418396,0.12585449,0.121154785,0.13452148,0.1295166,0.29223633,0.328125,0.41845703,0.2199707,0.017074585,0.010131836,0.0004515648,0.002922058,0.12261963,0.00037264824,0.014678955,0.0006489754,0.04586792,0.07183838,0.07788086,0.0026855469,0.000027954578,0.087890625,0.043945312,0.0014543533,0.016448975,0.00579834,0.0045776367,0.015090942,0.06414795,0.0005578995,0.0031776428,0.0003812313,0.00082731247,0.27416992,0.09075928,0.0017023087,0.0065460205,0.0000020861626,4.172325e-7,0
4.172325e-7,0.08166504,0.057556152,0.039794922,0.035003662,0.0067443848,0.000032246113,5.9604645e-8,5.9604645e-8,0.47436523,0.5800781,0.45532227,0.44189453,0.25268555,0.036956787,0.036376953,0.25830078,0.026626587,0.0131073,0.78466797,0.5888672,0.0029449463,0.00007611513,0.00019693375,0.07171631,0.27246094,0.00022113323,0.015701294,0.0010738373,0.0019378662,0.001991272,0.0021572113,0.0019350052,0.00049829483,0.0026779175,0.0034694672,0.0014514923,0.010093689,0.008117676,0.00020194054,0.004283905,0.009841919,0.0011062622,0.0016403198,0.0001232624,0.00030326843,0.0007519722,0.0056648254,0.000018060207,0.00006681681,4.172325e-7,3.5762787e-7,0
0.0000012516975,0.000062048435,0.00004851818,0.90527344,0.9433594,0.8930664,0.0005440712,0.0000013113022,0.0000014305115,0.020050049,0.109680176,0.10229492,0.28759766,0.023834229,0.7426758,0.5410156,0.0014247894,0.25463867,0.06561279,0.19104004,0.030548096,0.16674805,0.0115356445,0.0016899109,0.0018692017,0.8046875,0.055419922,0.009017944,0.06915283,0.16662598,0.0035934448,0.0024604797,0.034088135,0.000110030174,0.3659668,0.12371826,0.031219482,0.10723877,0.0019817352,0.0027122498,0.0025920868,0.00642395,0.0005517006,0.0061416626,0.39038086,0.6308594,0.032440186,0.21008301,0.0033340454,0.002998352,0.000004172325,7.1525574e-7,0
7.748604e-7,0.0005054474,0.00026369095,0.68066406,0.8183594,0.6166992,0.00068998337,0.000003516674,2.9802322e-7,0.47485352,0.5522461,0.4477539,0.7636719,0.4572754,0.09680176,0.018218994,0.21704102,0.09942627,0.011146545,0.57666016,0.24060059,0.028137207,0.0010223389,0.0019607544,0.0011768341,0.9165039,0.43920898,0.0020103455,0.030334473,0.07562256,0.0104904175,0.0055618286,0.07086182,0.000243783,0.32104492,0.2253418,0.020141602,0.07543945,0.005710602,0.0018281937,0.0037555695,0.0040893555,0.00053834915,0.007701874,0.005710602,0.008621216,0.01348114,0.011238098,0.0013780594,0.0018043518,0.000005841255,8.34465e-7,0
0.0000054240227,0.0087890625,0.00026726723,0.5883789,0.07922363,0.36132812,0.0002808571,0.0000032782555,3.5762787e-7,0.16186523,0.11706543,0.03829956,0.020370483,0.09899902,0.27368164,0.16394043,0.026275635,0.38183594,0.47827148,0.49389648,0.78759766,0.02192688,0.006652832,0.0009188652,0.026153564,0.8652344,0.00894165,0.019805908,0.0032806396,0.48120117,0.0769043,0.044708252,0.087768555,0.00007009506,0.15124512,0.07470703,0.0006260872,0.045166016,0.016647339,0.005153656,0.0032138824,0.02204895,0.0016040802,0.009567261,0.0010099411,0.0045433044,0.021316528,0.032348633,0.0008096695,0.012283325,0.0000020861626,6.556511e-7,0
1.1920929e-7,0.058929443,0.062805176,0.05279541,0.05834961,0.026672363,0.00011271238,5.9604645e-8,5.9604645e-8,0.3671875,0.60498047,0.2668457,0.31762695,0.35888672,0.017456055,0.022735596,0.38183594,0.042999268,0.021102905,0.53808594,0.2902832,0.004501343,0.00012493134,0.0010881424,0.5439453,0.6040039,0.000045239925,0.0018100739,0.0025749207,0.0022640228,0.0059318542,0.009162903,0.003408432,0.012168884,0.12866211,0.08050537,0.0007548332,0.011413574,0.0017662048,0.0000011324883,0.0001860857,0.0025539398,0.00007408857,0.0004582405,0.0008673668,0.0021648407,0.0053138733,0.12365723,0.00007432699,0.00017476082,0.0000036358833,0.0000010728836,0
0.000009596348,0.01852417,0.0039634705,0.21740723,0.32836914,0.28295898,0.00012648106,0.0000029802322,2.9802322e-7,0.03768921,0.10089111,0.045806885,0.043182373,0.58251953,0.021270752,0.010803223,0.58740234,0.32250977,0.26513672,0.2915039,0.36914062,0.08532715,0.007736206,0.00021982193,0.0010547638,0.6464844,0.00655365,0.5107422,0.001045227,0.009498596,0.5522461,0.6508789,0.008369446,0.000011622906,0.010551453,0.00605011,0.00053071976,0.011016846,0.03253174,0.014808655,0.018341064,0.016143799,0.0088272095,0.001543045,0.000020205975,0.000047683716,0.0043144226,0.09301758,0.00026750565,0.0005335808,4.7683716e-7,0.0000017285347,0
8.34465e-7,0.003501892,0.026229858,0.033721924,0.53027344,0.20239258,0.0005803108,2.3841858e-7,8.940697e-7,0.09472656,0.060668945,0.013801575,0.058685303,0.12182617,0.049346924,0.09240723,0.22021484,0.5239258,0.28271484,0.50341797,0.07659912,0.06561279,0.009063721,0.0007171631,0.07873535,0.4338379,0.001250267,0.007411957,0.01386261,0.022903442,0.0045547485,0.003145218,0.027572632,0.0016326904,0.24694824,0.41015625,0.0013723373,0.0034484863,0.09857178,0.00015509129,0.021209717,0.074035645,0.001455307,0.007587433,0.000028550625,0.00002861023,0.012428284,0.0009326935,0.0011320114,0.0057754517,0.0000033974648,3.5762787e-7,0
0.0000025629997,0.00006043911,0.000009417534,0.9477539,0.8066406,0.95214844,0.0007457733,0.0000011324883,0.0000010728836,0.058441162,0.009300232,0.018234253,0.019424438,0.09350586,0.10736084,0.10614014,0.109436035,0.41796875,0.39916992,0.3449707,0.061767578,0.057739258,0.03591919,0.0012321472,0.04296875,0.6816406,0.0012664795,0.026000977,0.053253174,0.055603027,0.003982544,0.0052223206,0.0027542114,0.007484436,0.06750488,0.060699463,0.027633667,0.08514404,0.00080776215,0.00010180473,0.0037078857,0.013687134,0.003824234,0.0044403076,0.020507812,0.011444092,0.014778137,0.021133423,0.006729126,0.005344391,0.00000423193,5.364418e-7,0
5.9604645e-8,0.00033259392,0.00042557716,0.66845703,0.66015625,0.11968994,0.0000718832,8.34465e-7,5.9604645e-8,0.17834473,0.24682617,0.21325684,0.39111328,0.2175293,0.31445312,0.044433594,0.03149414,0.06213379,0.014030457,0.43481445,0.19641113,0.008392334,0.0019760132,0.00043702126,0.00009119511,0.78466797,0.7558594,0.00054073334,0.0050621033,0.036468506,0.0024280548,0.0018424988,0.0047340393,0.0019893646,0.017333984,0.023117065,0.00041747093,0.0088272095,0.013328552,0.00022697449,0.0009899139,0.00020885468,0.00034546852,0.012031555,0.0016326904,0.0051956177,0.0019607544,0.0063323975,0.000009596348,0.00007927418,0.0000032782555,1.1920929e-7,0
1.7881393e-7,0.0024261475,0.0030994415,0.14868164,0.44140625,0.1430664,0.000112235546,1.1920929e-7,1.7881393e-7,0.20458984,0.19702148,0.16540527,0.18896484,0.17333984,0.048950195,0.04724121,0.16552734,0.07336426,0.056274414,0.42822266,0.27563477,0.005847931,0.001209259,0.00067806244,0.18005371,0.72753906,0.00021970272,0.0052757263,0.0010976791,0.037902832,0.0029239655,0.0035495758,0.0035686493,0.00031018257,0.07287598,0.046203613,0.001329422,0.111694336,0.0013475418,0.00018155575,0.00080394745,0.012298584,0.00018930435,0.00028896332,0.0010957718,0.0064086914,0.0014677048,0.089660645,0.000021338463,0.00013875961,0.0000022649765,0.0000014305115,0
0.0000028014183,0.07940674,0.04611206,0.2709961,0.025253296,0.05331421,0.0020046234,0.0000035762787,3.5762787e-7,0.077819824,0.017303467,0.60058594,0.62890625,0.00046133995,0.91503906,0.9169922,0.0018367767,0.008979797,0.0058174133,0.20422363,0.13098145,0.025802612,0.05392456,0.0027770996,0.01713562,0.4724121,0.00026869774,0.009933472,0.19873047,0.3527832,0.00010859966,0.00014770031,0.045959473,0.0013666153,0.19421387,0.26733398,0.010261536,0.06542969,0.062316895,0.0016527176,0.0027694702,0.004447937,0.001496315,0.053619385,0.58154297,0.7236328,0.0012483597,0.022979736,0.25268555,0.24523926,0.000002026558,0.0000017881393,0
5.364418e-7,0.00014948845,0.00006455183,0.8076172,0.65527344,0.51660156,0.00031638145,0.0000012516975,2.3841858e-7,0.22998047,0.27734375,0.15686035,0.18078613,0.06951904,0.122680664,0.13110352,0.06854248,0.087768555,0.062927246,0.42504883,0.35498047,0.00762558,0.00088119507,0.0016202927,0.011352539,0.5366211,0.00111866,0.006263733,0.00091314316,0.022247314,0.16479492,0.1665039,0.008872986,0.000013589859,0.043792725,0.07672119,0.0024795532,0.010475159,0.0044670105,0.002040863,0.0023097992,0.007904053,0.00018703938,0.000333786,0.0009675026,0.0014181137,0.09118652,0.3322754,0.00008159876,0.00012433529,0.0000037550926,0.0000013113022,0
5.9604645e-8,0.0004324913,0.0031414032,0.37963867,0.7763672,0.06561279,0.000031530857,5.9604645e-8,5.9604645e-8,0.37963867,0.5073242,0.123168945,0.7133789,0.5253906,0.13513184,0.00573349,0.111450195,0.18383789,0.0035953522,0.7583008,0.26782227,0.005050659,0.00029182434,0.00021004677,0.026123047,0.6220703,0.012710571,0.004886627,0.0038452148,0.0008845329,0.003162384,0.008804321,0.0016794205,0.0069503784,0.008987427,0.0076560974,0.00015747547,0.0066184998,0.025100708,0.000014603138,0.0010662079,0.001958847,0.0013952255,0.0010681152,0.000026285648,0.00010603666,0.00006997585,0.02885437,0.0000045895576,0.000019907951,0.000003695488,3.5762787e-7,0
0.0000014901161,0.00003582239,0.000001847744,0.9321289,0.92871094,0.9716797,0.00031661987,0.000001013279,0.0000019073486,0.055267334,0.0043945312,0.07751465,0.07354736,0.021194458,0.16247559,0.17333984,0.03289795,0.10644531,0.12634277,0.2770996,0.10668945,0.011138916,0.11029053,0.0003502369,0.0009841919,0.69091797,0.015625,0.0141067505,0.31103516,0.03540039,0.00005465746,0.00008678436,0.0066337585,0.03805542,0.01637268,0.01727295,0.10479736,0.024612427,0.006679535,0.000039875507,0.004070282,0.0075912476,0.0017690659,0.0036582947,0.00881958,0.0039596558,0.001364708,0.0013427734,0.0015830994,0.0003633499,0.0000020861626,8.34465e-7,0
4.7683716e-7,0.0015678406,0.00057697296,0.3330078,0.40063477,0.8051758,0.00065374374,0.0000019073486,0.000002503395,0.048034668,0.033050537,0.08746338,0.13696289,0.30029297,0.020889282,0.026748657,0.31835938,0.13293457,0.10095215,0.25952148,0.0927124,0.024307251,0.044677734,0.0007042885,0.29833984,0.7138672,0.00036263466,0.0003721714,0.107421875,0.01083374,0.04058838,0.046661377,0.003293991,0.00075006485,0.39526367,0.4038086,0.037384033,0.005355835,0.0039520264,0.00009417534,0.005962372,0.0009889603,0.0007162094,0.0124435425,0.009719849,0.0033493042,0.026428223,0.015777588,0.00042915344,0.00006747246,0.000016272068,0.000007867813,0
8.34465e-7,0.06616211,0.019592285,0.09802246,0.026550293,0.02709961,0.000082433224,2.9802322e-7,1.1920929e-7,0.2758789,0.31640625,0.070129395,0.09173584,0.30444336,0.028137207,0.0287323,0.26049805,0.14086914,0.123535156,0.4736328,0.45117188,0.0026874542,0.00042510033,0.00054836273,0.015174866,0.38842773,0.00019550323,0.07196045,0.00005286932,0.020980835,0.0075531006,0.0044059753,0.0052375793,0.000016510487,0.010650635,0.004470825,0.00087594986,0.036132812,0.008148193,0.0066490173,0.001004219,0.005508423,0.00030231476,0.00078201294,0.005016327,0.033325195,0.123168945,0.48535156,0.000057518482,0.0004746914,4.172325e-7,5.9604645e-7,0
5.9604645e-8,0.00019013882,0.0020427704,0.5209961,0.8183594,0.07873535,0.00006210804,5.9604645e-8,5.9604645e-8,0.56933594,0.72216797,0.25683594,0.77441406,0.5175781,0.22729492,0.0058670044,0.04925537,0.0758667,0.0015945435,0.7558594,0.24633789,0.0024299622,0.00007915497,0.00032949448,0.022735596,0.66503906,0.012489319,0.001996994,0.0019388199,0.0050697327,0.0018024445,0.004058838,0.005241394,0.0021953583,0.029312134,0.01651001,0.00017035007,0.019989014,0.013931274,0.00005286932,0.00044441223,0.001294136,0.0005836487,0.003063202,0.0002465248,0.0018129349,0.00021362305,0.08972168,0.000025749207,0.00018668175,0.000007033348,4.7683716e-7,0
0.0000017881393,0.08294678,0.62109375,0.001294136,0.2006836,0.00881958,0.0033359528,8.940697e-7,7.1525574e-7,0.10821533,0.23706055,0.14282227,0.6694336,0.14904785,0.034240723,0.15563965,0.44262695,0.17858887,0.012939453,0.7661133,0.16796875,0.016235352,0.006542206,0.0025081635,0.00026583672,0.031799316,0.0007596016,0.0017557144,0.03491211,0.09674072,0.0024738312,0.0029067993,0.0018119812,0.000001013279,0.35009766,0.20141602,0.03945923,0.023117065,0.00048422813,0.39746094,0.039367676,0.12902832,0.0021877289,0.008377075,0.63378906,0.6196289,0.024383545,0.026473999,0.35253906,0.60791016,0.0000029206276,0.0000023245811,0
0.0000013113022,0.0012722015,0.00057029724,0.3347168,0.7241211,0.31176758,0.0000833869,5.364418e-7,1.7881393e-7,0.034606934,0.05343628,0.043121338,0.06713867,0.47875977,0.027374268,0.011802673,0.39111328,0.31274414,0.24829102,0.3227539,0.25390625,0.0960083,0.009750366,0.00036525726,0.0062675476,0.5473633,0.01739502,0.01777649,0.020767212,0.016052246,0.0041122437,0.005756378,0.0070724487,0.0008363724,0.044128418,0.020889282,0.0053596497,0.1060791,0.0018386841,0.00006842613,0.006526947,0.008178711,0.0030651093,0.0047912598,0.00073862076,0.002565384,0.00198555,0.032806396,0.0004005432,0.0005235672,4.172325e-7,2.3841858e-7,0
5.364418e-7,0.0011425018,0.000975132,0.38623047,0.6191406,0.18884277,0.00048613548,8.34465e-7,2.3841858e-7,0.11029053,0.053955078,0.057678223,0.045074463,0.08251953,0.08581543,0.11663818,0.114990234,0.23291016,0.25854492,0.18786621,0.32714844,0.0095825195,0.008911133,0.0008864403,0.004070282,0.94628906,0.004638672,0.0026721954,0.029129028,0.03074646,0.0022716522,0.0032997131,0.032165527,0.0010185242,0.033233643,0.074157715,0.0019102097,0.0054893494,0.023132324,0.0002001524,0.00043916702,0.000688076,0.00022041798,0.0053520203,0.16992188,0.39697266,0.0052337646,0.24230957,0.0018491745,0.004497528,0.0000021457672,0.0000019073486,0
4.7683716e-7,0.00187397,0.0010881424,0.31347656,0.45117188,0.32250977,0.00028252602,6.556511e-7,4.172325e-7,0.08691406,0.15063477,0.04168701,0.14562988,0.45166016,0.026443481,0.013931274,0.34814453,0.2487793,0.08123779,0.7001953,0.15478516,0.016983032,0.0025405884,0.0012464523,0.0067253113,0.086242676,0.00016355515,0.0037765503,0.00027608871,0.0059051514,0.28564453,0.16052246,0.006477356,5.364418e-7,0.09674072,0.11065674,0.0052490234,0.013977051,0.0069503784,0.0647583,0.010559082,0.07397461,0.00027608871,0.0005683899,0.000056028366,0.00007289648,0.4099121,0.09631348,0.0005540848,0.001004219,0.000004529953,0.0000013709068,0
4.7683716e-7,0.0017824173,0.00049972534,0.3137207,0.39282227,0.84033203,0.00096940994,0.000002026558,0.0000029206276,0.04751587,0.035247803,0.091308594,0.14257812,0.25708008,0.024383545,0.031402588,0.27319336,0.13085938,0.099975586,0.2685547,0.076416016,0.028030396,0.042114258,0.00083971024,0.34594727,0.76416016,0.00028848648,0.00021982193,0.15576172,0.010108948,0.04724121,0.06112671,0.005104065,0.0018148422,0.5283203,0.5800781,0.030029297,0.0035915375,0.0051727295,0.00003671646,0.003993988,0.0010070801,0.00056886673,0.019302368,0.012886047,0.0038013458,0.0287323,0.02003479,0.0018033981,0.00023519993,0.000025868416,0.000010251999,0
3.5762787e-7,0.00008511543,0.00013172626,0.83935547,0.75683594,0.33447266,0.00055122375,0.0000022053719,5.364418e-7,0.23913574,0.17285156,0.21740723,0.16760254,0.024917603,0.35913086,0.33129883,0.014892578,0.07299805,0.09008789,0.34179688,0.4584961,0.0056381226,0.003025055,0.0033721924,0.0028839111,0.8071289,0.021209717,0.0006837845,0.008972168,0.06774902,0.028640747,0.033416748,0.017181396,0.00012201071,0.31762695,0.39282227,0.0038986206,0.028366089,0.0014677048,0.00038552284,0.0009012222,0.004459381,0.00018846989,0.0031223297,0.06744385,0.15148926,0.082092285,0.38842773,0.00071907043,0.0023555756,0.0000056624413,0.0000019073486,0
7.748604e-7,0.003622055,0.00085544586,0.5991211,0.37597656,0.5029297,0.00065755844,5.364418e-7,2.9802322e-7,0.09698486,0.030349731,0.017959595,0.074279785,0.18896484,0.093444824,0.12817383,0.21911621,0.47314453,0.34179688,0.73339844,0.3330078,0.05050659,0.047332764,0.0009832382,0.05758667,0.3864746,0.00015330315,0.014633179,0.0067634583,0.042419434,0.011131287,0.008918762,0.0026607513,0.016571045,0.23413086,0.24584961,0.0029449463,0.025161743,0.0011205673,0.000010311604,0.0059280396,0.024276733,0.0011339188,0.002210617,0.0006942749,0.0008087158,0.05493164,0.016357422,0.011161804,0.016983032,0.00000166893,2.9802322e-7,0
0.0000033974648,0.00014913082,0.00013160706,0.8847656,0.7705078,0.7060547,0.0005297661,6.556511e-7,8.940697e-7,0.038879395,0.02418518,0.046447754,0.03756714,0.054534912,0.21081543,0.20202637,0.047607422,0.22595215,0.2524414,0.15905762,0.2397461,0.055267334,0.01737976,0.0025978088,0.019241333,0.703125,0.00021576881,0.6323242,0.013893127,0.07336426,0.0037956238,0.004524231,0.001616478,0.00007498264,0.21655273,0.12902832,0.030838013,0.13720703,0.000087440014,0.0046691895,0.0042648315,0.08483887,0.0010700226,0.0018568039,0.07196045,0.07672119,0.09088135,0.109680176,0.00749588,0.024993896,5.364418e-7,7.1525574e-7,0
0.0000011324883,0.039215088,0.02355957,0.019973755,0.104003906,0.06585693,0.000113904476,5.9604645e-8,1.7881393e-7,0.32373047,0.35620117,0.13110352,0.14660645,0.12927246,0.053833008,0.056488037,0.119384766,0.10852051,0.107299805,0.76220703,0.796875,0.002084732,0.00037550926,0.00011026859,0.006828308,0.7480469,0.0010852814,0.034698486,0.00674057,0.052886963,0.00020968914,0.0003464222,0.0010547638,0.00018310547,0.005844116,0.0054244995,0.005252838,0.08856201,0.0045394897,0.0017299652,0.005256653,0.023468018,0.002368927,0.0005469322,0.00082302094,0.0031642914,0.0003054142,0.016052246,0.00011831522,0.00028824806,3.5762787e-7,5.9604645e-7,0
0.0000023245811,0.008369446,0.000080406666,0.74072266,0.0657959,0.64453125,0.00039935112,0.0000020861626,9.536743e-7,0.046173096,0.0053710938,0.030441284,0.03543091,0.0037345886,0.65966797,0.6850586,0.006690979,0.26660156,0.2956543,0.16564941,0.03982544,0.0925293,0.10076904,0.0011110306,0.19165039,0.7246094,0.0004324913,0.0052871704,0.003917694,0.16430664,0.26538086,0.2788086,0.0104522705,0.0016269684,0.2890625,0.24023438,0.00077724457,0.02760315,0.012458801,0.00019931793,0.007423401,0.03591919,0.002588272,0.0035381317,0.00013589859,0.00022661686,0.027328491,0.07714844,0.002948761,0.008590698,0.000010371208,8.940697e-7,0
7.748604e-7,0.0023078918,0.003332138,0.3149414,0.2927246,0.13244629,0.00019407272,8.940697e-7,4.7683716e-7,0.21740723,0.26123047,0.18579102,0.20178223,0.29101562,0.024673462,0.022140503,0.2836914,0.06222534,0.04724121,0.30688477,0.11590576,0.005794525,0.0010690689,0.0010204315,0.014175415,0.7758789,0.0013370514,0.0028514862,0.0037212372,0.007369995,0.0579834,0.08068848,0.022644043,0.00016009808,0.011421204,0.03817749,0.0030078888,0.0036964417,0.012145996,0.00034880638,0.00059604645,0.0014886856,0.00026655197,0.002231598,0.0048332214,0.00579834,0.04824829,0.5004883,0.00021326542,0.0004451275,0.0000071525574,0.0000026226044,0
0.0000026226044,0.057006836,0.047973633,0.13903809,0.15844727,0.13928223,0.0012693405,8.940697e-7,6.556511e-7,0.2512207,0.3544922,0.1697998,0.2401123,0.6508789,0.009101868,0.013572693,0.6303711,0.16967773,0.10736084,0.6303711,0.2824707,0.047424316,0.0017786026,0.0028095245,0.0026416779,0.54589844,0.11883545,0.0076675415,0.033935547,0.09539795,0.0025501251,0.0014667511,0.01184082,0.000018715858,0.8310547,0.55078125,0.009170532,0.08166504,0.0006661415,0.030395508,0.0014076233,0.023757935,0.00078487396,0.005001068,0.004787445,0.019729614,0.009857178,0.009689331,0.048980713,0.22631836,0.0000057816505,0.0000019669533,0
1.1920929e-7,0.00014030933,0.00023555756,0.5522461,0.8466797,0.26000977,0.0001013875,5.9604645e-8,1.1920929e-7,0.089904785,0.18688965,0.015777588,0.074157715,0.11407471,0.17358398,0.09527588,0.051605225,0.46728516,0.1928711,0.66064453,0.21582031,0.017364502,0.0018491745,0.00037169456,0.008117676,0.61035156,0.0013875961,0.037597656,0.017089844,0.0063591003,0.000053942204,0.00008302927,0.00051116943,0.0001757145,0.002248764,0.004070282,0.004890442,0.016525269,0.002281189,0.0018234253,0.00093126297,0.006324768,0.00017476082,0.00013697147,0.016281128,0.03878784,0.0043525696,0.23132324,0.0000044703484,0.000006914139,0.000001013279,1.1920929e-7,0
0.0000023841858,0.18359375,0.13879395,0.00349617,0.07287598,0.017181396,0.00020086765,2.3841858e-7,2.3841858e-7,0.2770996,0.3137207,0.051605225,0.056793213,0.421875,0.02532959,0.022262573,0.39770508,0.32714844,0.32104492,0.55810547,0.56152344,0.015045166,0.000834465,0.00080156326,0.007144928,0.5566406,0.019851685,0.024368286,0.03488159,0.20617676,0.00036358833,0.00037169456,0.009735107,0.000082850456,0.11199951,0.03152466,0.0034732819,0.19921875,0.0012779236,0.0023097992,0.0019140244,0.011421204,0.0007920265,0.004016876,0.013084412,0.13964844,0.0032444,0.099365234,0.0012550354,0.006587982,3.5762787e-7,2.9802322e-7,0
3.5762787e-7,0.00034594536,0.00041937828,0.50634766,0.69091797,0.15661621,0.00040102005,4.7683716e-7,5.364418e-7,0.1932373,0.23022461,0.0904541,0.15161133,0.06304932,0.2836914,0.22509766,0.027069092,0.17749023,0.07531738,0.41381836,0.12719727,0.011856079,0.0014371872,0.0017566681,0.003107071,0.73583984,0.019073486,0.0039711,0.003604889,0.11907959,0.008094788,0.0057868958,0.0017957687,0.0000014901161,0.050079346,0.056793213,0.0045318604,0.07293701,0.00044941902,0.06072998,0.0011978149,0.013885498,0.00016760826,0.0006427765,0.029800415,0.21911621,0.12384033,0.76171875,0.000058472157,0.0008559227,0.0000076293945,7.1525574e-7,0
0.000002026558,0.005771637,0.00031995773,0.5234375,0.1484375,0.61865234,0.00012409687,0.0000020861626,2.9802322e-7,0.06793213,0.005504608,0.02130127,0.014678955,0.6074219,0.0067825317,0.008056641,0.60302734,0.43725586,0.42749023,0.15551758,0.0657959,0.062164307,0.1071167,0.00019693375,0.008628845,0.7104492,0.01600647,0.020767212,0.00071525574,0.1763916,0.0970459,0.08026123,0.003376007,0.00007289648,0.044128418,0.01638794,0.00060224533,0.03982544,0.0060195923,0.005355835,0.00831604,0.030441284,0.008621216,0.0046806335,0.00008416176,0.00017261505,0.015060425,0.009963989,0.0005030632,0.0034675598,0.0000017881393,5.9604645e-7,0
0.0000013113022,0.00011706352,0.000092089176,0.6308594,0.76953125,0.6425781,0.00032830238,3.5762787e-7,0.0000010728836,0.08465576,0.039611816,0.18310547,0.17297363,0.007911682,0.41796875,0.4206543,0.008232117,0.06048584,0.06506348,0.31079102,0.3701172,0.008239746,0.021728516,0.0012273788,0.0011806488,0.5605469,0.0016088486,0.23474121,0.08477783,0.023422241,0.0000064373016,0.000009000301,0.004081726,0.0004632473,0.029815674,0.057281494,0.24975586,0.10473633,0.0012016296,0.001786232,0.0030879974,0.051574707,0.0002822876,0.00020825863,0.099243164,0.07293701,0.0020999908,0.0055274963,0.0018110275,0.00086021423,6.556511e-7,8.940697e-7,0
2.3841858e-7,0.21325684,0.17663574,0.0014190674,0.035949707,0.008377075,0.00018656254,5.9604645e-8,1.1920929e-7,0.31054688,0.26757812,0.017089844,0.019424438,0.23034668,0.028869629,0.05380249,0.27807617,0.43652344,0.45214844,0.59228516,0.61083984,0.0032081604,0.000705719,0.0007991791,0.14489746,0.81933594,0.0005993843,0.004234314,0.008132935,0.07775879,0.00038218498,0.00060606,0.0010662079,0.00031995773,0.22937012,0.13671875,0.0012683868,0.1496582,0.00061130524,0.0001963377,0.0010156631,0.018463135,0.00011587143,0.00018882751,0.001461029,0.011680603,0.00037026405,0.07763672,0.000010848045,0.00008267164,0.0000011324883,7.748604e-7,0
0.0000012516975,0.0005559921,0.0006275177,0.47192383,0.7060547,0.34301758,0.0005221367,0.0000014901161,6.556511e-7,0.04776001,0.02684021,0.10424805,0.09320068,0.42529297,0.01121521,0.010726929,0.41455078,0.119384766,0.121276855,0.20031738,0.15441895,0.024261475,0.024230957,0.00081014633,0.0036125183,0.87109375,0.0052986145,0.004219055,0.037872314,0.016799927,0.00027275085,0.00037932396,0.01828003,0.0004708767,0.035736084,0.07952881,0.011642456,0.023651123,0.008651733,0.0010433197,0.0005412102,0.0038967133,0.00038337708,0.0030517578,0.61816406,0.81396484,0.0030212402,0.17260742,0.0053634644,0.008201599,0.0000023245811,0.000003874302,0
0.000001013279,0.091430664,0.10168457,0.10272217,0.038482666,0.012298584,0.0008869171,5.364418e-7,2.3841858e-7,0.3684082,0.18554688,0.30004883,0.28515625,0.65185547,0.016296387,0.009567261,0.6308594,0.068725586,0.09124756,0.3017578,0.59765625,0.0068740845,0.009521484,0.0015048981,0.006465912,0.8364258,0.020645142,0.009140015,0.12176514,0.17736816,0.00015449524,0.000151515,0.023956299,0.008636475,0.15588379,0.19372559,0.010925293,0.040618896,0.002193451,0.000037014484,0.0006747246,0.0041885376,0.00016474724,0.0076026917,0.24145508,0.34375,0.0026760101,0.008644104,0.00072050095,0.0007429123,8.940697e-7,0.0000011324883,0
2.3841858e-7,0.00018751621,0.00005722046,0.7939453,0.72753906,0.7758789,0.00013148785,5.9604645e-7,4.7683716e-7,0.16845703,0.09790039,0.11437988,0.13049316,0.0030059814,0.6982422,0.69628906,0.0020198822,0.10583496,0.09967041,0.44360352,0.4169922,0.007881165,0.0074920654,0.00028657913,0.11254883,0.90527344,0.0004348755,0.0026187897,0.0025539398,0.028457642,0.006248474,0.0062561035,0.015106201,0.0011577606,0.1005249,0.052520752,0.0008955002,0.00856781,0.032226562,0.00021767616,0.0037002563,0.02255249,0.00057554245,0.0008511543,0.00011086464,0.000112593174,0.0014514923,0.0017824173,0.00022280216,0.00029158592,0.000004053116,0.0000014305115,0
4.7683716e-7,0.00028896332,0.00006574392,0.7607422,0.5761719,0.70703125,0.000035464764,7.1525574e-7,5.9604645e-7,0.07434082,0.020507812,0.14343262,0.16674805,0.09716797,0.062286377,0.05166626,0.08380127,0.074523926,0.06945801,0.34716797,0.17834473,0.014205933,0.03842163,0.000049889088,0.068237305,0.71728516,0.0004041195,0.006427765,0.0011196136,0.0013389587,0.022735596,0.031433105,0.002275467,0.001540184,0.0044822693,0.0027503967,0.0011005402,0.0030517578,0.09350586,0.00022566319,0.011054993,0.024169922,0.006690979,0.0012321472,0.0000062584877,0.000003993511,0.0012454987,0.0019817352,0.000052571297,0.000034928322,0.0000029206276,0.0000010728836,0
5.364418e-7,0.00004118681,0.000048816204,0.77001953,0.9116211,0.9003906,0.001786232,0.0000022649765,0.0000011324883,0.095336914,0.03338623,0.2265625,0.24230957,0.2397461,0.024093628,0.028701782,0.25341797,0.064208984,0.047058105,0.38354492,0.06161499,0.016418457,0.040039062,0.001288414,0.00026488304,0.7397461,0.13928223,0.002254486,0.09887695,0.03137207,0.0013570786,0.0010213852,0.020187378,0.00040912628,0.43725586,0.63183594,0.058166504,0.009338379,0.006290436,0.00037813187,0.00050735474,0.0029411316,0.0004067421,0.0050735474,0.57714844,0.2512207,0.054107666,0.0034179688,0.03540039,0.01576233,0.000007688999,0.0000042915344,0
1.7881393e-7,0.0024261475,0.0030994415,0.14819336,0.44189453,0.14355469,0.00011193752,1.1920929e-7,1.7881393e-7,0.20495605,0.19702148,0.16577148,0.18933105,0.17346191,0.04888916,0.04724121,0.16564941,0.07330322,0.05618286,0.42822266,0.27563477,0.005847931,0.0012102127,0.00067710876,0.17919922,0.72753906,0.00022101402,0.0052719116,0.0010919571,0.03765869,0.0029392242,0.0035705566,0.00356102,0.00031256676,0.0725708,0.04598999,0.0013256073,0.11151123,0.0013523102,0.00017988682,0.0008068085,0.012298584,0.00018954277,0.00028800964,0.0010890961,0.0063667297,0.0014715195,0.09020996,0.000021100044,0.00013709068,0.0000022649765,0.0000014305115,0
5.364418e-7,0.026977539,0.00072431564,0.39868164,0.14038086,0.43969727,0.0004441738,0.0000013113022,1.7881393e-7,0.1005249,0.006969452,0.09436035,0.15881348,0.10803223,0.16052246,0.19494629,0.15063477,0.13110352,0.10760498,0.6640625,0.0579834,0.034362793,0.10510254,0.00038599968,0.0051231384,0.46655273,0.0028591156,0.057006836,0.0021457672,0.60791016,0.0017814636,0.00057029724,0.027862549,0.000031411648,0.085876465,0.02267456,0.0014333725,0.029006958,0.059051514,0.06036377,0.007205963,0.036834717,0.0025100708,0.001531601,0.000064730644,0.0000910759,0.20654297,0.00091314316,0.01399231,0.043914795,8.34465e-7,1.1920929e-7,0
0.000002861023,0.00052928925,0.00020503998,0.57421875,0.6064453,0.42382812,0.00048685074,0.0000011324883,2.3841858e-7,0.51171875,0.42138672,0.62158203,0.59765625,0.0546875,0.10668945,0.10430908,0.047546387,0.012802124,0.0119018555,0.60595703,0.64453125,0.0015459061,0.00075769424,0.0004017353,0.00047683716,0.67578125,0.012321472,0.01965332,0.044525146,0.0138549805,0.000047683716,0.00006967783,0.01727295,0.0010757446,0.01020813,0.02798462,0.020736694,0.019104004,0.023620605,0.00088882446,0.0015182495,0.0079956055,0.0013198853,0.003276825,0.64501953,0.72558594,0.0006070137,0.01071167,0.037719727,0.052093506,0.000001013279,0.0000019669533,0
0.0000016093254,0.00033688545,0.00010037422,0.6923828,0.66748047,0.5126953,0.00065279007,0.0000049471855,0.0000016093254,0.17175293,0.13903809,0.48754883,0.48217773,0.06573486,0.06982422,0.08258057,0.08654785,0.018859863,0.017456055,0.32666016,0.35375977,0.008361816,0.006690979,0.002199173,0.0014438629,0.6982422,0.011054993,0.0017204285,0.02394104,0.017120361,0.003686905,0.0062408447,0.012046814,0.00030708313,0.15441895,0.25,0.013404846,0.03086853,0.004085541,0.00037622452,0.0028572083,0.004386902,0.00086307526,0.005367279,0.21459961,0.33520508,0.016860962,0.42626953,0.023254395,0.034332275,0.0000042915344,0.0000069737434,0
0.0000017285347,0.0026454926,0.0014162064,0.6640625,0.3083496,0.45117188,0.0020313263,0.000006198883,0.0000011324883,0.06793213,0.084228516,0.2722168,0.31640625,0.012283325,0.44091797,0.46850586,0.028045654,0.04925537,0.044403076,0.14428711,0.28808594,0.033233643,0.018737793,0.009963989,0.006526947,0.57177734,0.0007367134,0.0049324036,0.029815674,0.32788086,0.072387695,0.072265625,0.012802124,0.000047802925,0.67529297,0.59375,0.015701294,0.037017822,0.0017700195,0.009307861,0.005264282,0.018539429,0.0021190643,0.010467529,0.19836426,0.17932129,0.49145508,0.54589844,0.29785156,0.52441406,0.0000051259995,0.00000166893,0
4.172325e-7,0.0015850067,0.51220703,0.0011091232,0.7685547,0.00554657,0.0015993118,2.3841858e-7,0.000001013279,0.05105591,0.08258057,0.023147583,0.38208008,0.13720703,0.05493164,0.09637451,0.18408203,0.4909668,0.05923462,0.45263672,0.03074646,0.09881592,0.015144348,0.0047950745,0.0021648407,0.20349121,0.0004503727,0.002456665,0.022079468,0.34521484,0.00054073334,0.00074243546,0.017181396,0.000015676022,0.45458984,0.52441406,0.011062622,0.034088135,0.0044059753,0.02784729,0.0029354095,0.0064582825,0.00029945374,0.024963379,0.14257812,0.2788086,0.013702393,0.13964844,0.13623047,0.29760742,0.00000590086,7.1525574e-7,0
4.7683716e-7,0.00029063225,0.000082969666,0.6484375,0.76660156,0.51660156,0.0007801056,0.0000027418137,9.536743e-7,0.14367676,0.09698486,0.4506836,0.41015625,0.21838379,0.03186035,0.028121948,0.22375488,0.023452759,0.023162842,0.31054688,0.31640625,0.012062073,0.00818634,0.0055160522,0.004081726,0.5600586,0.00749588,0.00034976006,0.020568848,0.031982422,0.0022945404,0.0039634705,0.02067566,0.00015497208,0.6767578,0.7553711,0.0032863617,0.01826477,0.005065918,0.00043439865,0.0014390945,0.0030651093,0.00027036667,0.005077362,0.119628906,0.28051758,0.008987427,0.40673828,0.01625061,0.045959473,0.000007927418,0.000005364418,0
0.0000013113022,0.000005543232,0.000020802021,0.9580078,0.9946289,0.9663086,0.0010843277,0.000008881092,0.0000023245811,0.030792236,0.024032593,0.21765137,0.34985352,0.10583496,0.22644043,0.11279297,0.049835205,0.14660645,0.07458496,0.24499512,0.027175903,0.2602539,0.06774902,0.0024299622,0.0019130707,0.88378906,0.031158447,0.0032844543,0.025985718,0.0927124,0.20495605,0.1887207,0.027755737,0.000028252602,0.3503418,0.082092285,0.012313843,0.03265381,0.001953125,0.012062073,0.005344391,0.008560181,0.00092315674,0.012992859,0.02772522,0.039794922,0.12219238,0.31201172,0.010131836,0.004463196,0.0000123381615,0.0000034570694,0
0.0000012516975,0.0004014969,0.0004312992,0.72509766,0.85498047,0.8330078,0.0023002625,0.000013053417,9.536743e-7,0.047729492,0.19787598,0.67871094,0.7363281,0.45776367,0.029754639,0.02255249,0.4399414,0.045837402,0.016845703,0.21447754,0.11480713,0.18322754,0.01574707,0.0069465637,0.00089788437,0.54541016,0.075683594,0.0010757446,0.017501831,0.1928711,0.055236816,0.023101807,0.0309906,0.0000070929527,0.81347656,0.53271484,0.009460449,0.018463135,0.0020999908,0.062438965,0.0031528473,0.003358841,0.0015792847,0.033325195,0.37524414,0.6357422,0.35961914,0.19226074,0.41186523,0.7036133,0.000009119511,0.000002861023,0
0.0000013709068,0.00020587444,0.00022506714,0.8261719,0.9140625,0.83984375,0.00078344345,0.0000039339066,2.9802322e-7,0.5986328,0.56152344,0.6767578,0.67285156,0.11651611,0.12890625,0.12408447,0.1274414,0.0309906,0.020706177,0.3359375,0.31396484,0.014053345,0.0007972717,0.002822876,0.0054130554,0.8066406,0.07720947,0.0010595322,0.081848145,0.27319336,0.002128601,0.0013408661,0.15600586,0.00026583672,0.72265625,0.3671875,0.01890564,0.04196167,0.008468628,0.0026988983,0.00095653534,0.0025196075,0.0006251335,0.033050537,0.041809082,0.07727051,0.012687683,0.022140503,0.11682129,0.08312988,0.000014424324,0.0000011920929,0
4.7683716e-7,0.0003528595,0.000093340874,0.6508789,0.73828125,0.5058594,0.00077056885,0.0000030994415,0.000001013279,0.13867188,0.09326172,0.47998047,0.44482422,0.24987793,0.025146484,0.025970459,0.26171875,0.020828247,0.02067566,0.30981445,0.3564453,0.012252808,0.00869751,0.0053253174,0.0036907196,0.5761719,0.008552551,0.00035262108,0.020874023,0.03262329,0.0026988983,0.0046463013,0.021774292,0.00016951561,0.67089844,0.7553711,0.0033111572,0.017623901,0.0054244995,0.00041103363,0.0013723373,0.0028057098,0.0002834797,0.0052223206,0.1237793,0.28979492,0.009269714,0.4116211,0.016616821,0.04776001,0.000007390976,0.00000590086,0
5.9604645e-8,0.00015199184,0.000073611736,0.7089844,0.8334961,0.38549805,0.00012636185,4.172325e-7,5.9604645e-8,0.20385742,0.14086914,0.044647217,0.09033203,0.69970703,0.033355713,0.0035800934,0.48583984,0.27172852,0.122924805,0.39208984,0.2064209,0.008338928,0.0037994385,0.0007505417,0.001534462,0.8833008,0.1586914,0.0019626617,0.0035419464,0.06402588,0.0012807846,0.0013551712,0.0040740967,0.0004284382,0.11505127,0.066833496,0.0003838539,0.038970947,0.0099487305,0.0008034706,0.0013837814,0.0021591187,0.000106334686,0.0010108948,0.0005354881,0.003850937,0.00043988228,0.017913818,0.0000032186508,0.00002026558,0.0000032186508,2.9802322e-7,0
0.0000047683716,0.000114023685,0.000038683414,0.9140625,0.65527344,0.68115234,0.0012693405,0.000004351139,8.940697e-7,0.13049316,0.08477783,0.12939453,0.18249512,0.34228516,0.0368042,0.028335571,0.32226562,0.11187744,0.09259033,0.5864258,0.31591797,0.019683838,0.009895325,0.002943039,0.01600647,0.5810547,0.0008406639,0.03616333,0.0715332,0.23425293,0.0049858093,0.004371643,0.007865906,0.00011199713,0.06964111,0.099975586,0.03363037,0.10217285,0.000641346,0.0030612946,0.0055732727,0.014175415,0.0033226013,0.010231018,0.49926758,0.5449219,0.050476074,0.15820312,0.08050537,0.19567871,0.0000014901161,0.000001013279,0
0.0000016093254,0.014083862,0.006881714,0.14111328,0.13220215,0.12890625,0.0002732277,0.0000013709068,3.5762787e-7,0.055267334,0.053131104,0.034301758,0.09362793,0.80322266,0.004425049,0.0024852753,0.7573242,0.26245117,0.11621094,0.68652344,0.08538818,0.03060913,0.00680542,0.0005517006,0.022506714,0.30810547,0.0004749298,0.017578125,0.00055265427,0.008605957,0.59765625,0.44848633,0.0066337585,3.5762787e-7,0.030761719,0.052093506,0.0021152496,0.0063209534,0.037109375,0.15429688,0.009147644,0.03753662,0.0011920929,0.0006814003,0.0000123381615,0.000016391277,0.04107666,0.026245117,0.0002603531,0.00043439865,0.000004887581,0.0000046491623,0
0.000002026558,0.011161804,0.006664276,0.2775879,0.062042236,0.08099365,0.00013792515,7.748604e-7,4.172325e-7,0.30078125,0.42578125,0.013633728,0.05532837,0.20678711,0.1907959,0.029022217,0.029632568,0.43310547,0.23144531,0.4921875,0.33447266,0.0027770996,0.0005540848,0.00021660328,0.008354187,0.7988281,0.0093307495,0.0048980713,0.0028953552,0.02709961,0.17980957,0.2121582,0.018569946,0.00016665459,0.037384033,0.03869629,0.00068330765,0.007511139,0.11303711,0.0008049011,0.005355835,0.0038890839,0.002866745,0.003118515,0.00011628866,0.0002989769,0.00065231323,0.01108551,0.000081300735,0.00013172626,0.000008583069,0.0000022649765,0
0.0000020861626,0.0050315857,0.00033187866,0.5439453,0.13793945,0.55322266,0.00011044741,0.0000014901161,3.5762787e-7,0.046539307,0.0047187805,0.019104004,0.013877869,0.5913086,0.0075187683,0.009185791,0.58154297,0.45214844,0.44262695,0.16259766,0.053894043,0.074401855,0.11187744,0.00019037724,0.013305664,0.66552734,0.012802124,0.035461426,0.0008211136,0.13879395,0.051971436,0.04248047,0.0029125214,0.00005942583,0.040771484,0.015060425,0.0007123947,0.033325195,0.0056419373,0.0071792603,0.007835388,0.034332275,0.008842468,0.0036087036,0.00007814169,0.00014519691,0.01159668,0.006626129,0.00042295456,0.0028591156,0.0000016093254,5.364418e-7,0
0.0000015497208,0.00006109476,0.00017690659,0.89941406,0.96875,0.91308594,0.00066423416,0.00000423193,0.0000026226044,0.04055786,0.046661377,0.14355469,0.1739502,0.06878662,0.34375,0.28710938,0.02684021,0.17346191,0.1439209,0.27124023,0.05532837,0.20056152,0.044128418,0.0017871857,0.0061531067,0.57958984,0.022399902,0.0033416748,0.026535034,0.014411926,0.2322998,0.26953125,0.13635254,0.0020561218,0.7373047,0.21362305,0.0048065186,0.01586914,0.042388916,0.00012493134,0.004714966,0.01600647,0.0014858246,0.005836487,0.0007200241,0.0004849434,0.06311035,0.050079346,0.010482788,0.0034637451,0.000025987625,0.0000025629997,0
0.000001847744,0.015556335,0.007133484,0.11566162,0.13269043,0.13012695,0.00027441978,0.0000014305115,3.5762787e-7,0.0541687,0.047851562,0.040863037,0.0814209,0.8046875,0.004043579,0.0026664734,0.77490234,0.22973633,0.13061523,0.6738281,0.083496094,0.03253174,0.006919861,0.0006108284,0.024215698,0.28881836,0.0003068447,0.021453857,0.0004351139,0.010658264,0.5913086,0.4423828,0.0063171387,4.172325e-7,0.026351929,0.03878784,0.0023517609,0.0088272095,0.031829834,0.12609863,0.007987976,0.032409668,0.0011711121,0.0007171631,0.000018656254,0.000027298927,0.058654785,0.04699707,0.0002503395,0.0005002022,0.0000041127205,0.0000044703484,0
5.9604645e-7,0.010643005,0.011749268,0.07879639,0.42773438,0.24707031,0.00032520294,0.0000017285347,2.3841858e-7,0.11413574,0.09259033,0.049743652,0.08526611,0.67626953,0.0075263977,0.007160187,0.67333984,0.27319336,0.20397949,0.6455078,0.11755371,0.042175293,0.008422852,0.0008292198,0.00075244904,0.8828125,0.3010254,0.0017642975,0.21435547,0.035461426,0.00027632713,0.00030946732,0.11883545,0.010848999,0.18823242,0.09649658,0.010261536,0.020019531,0.02053833,0.000055909157,0.00062704086,0.00026488304,0.0001502037,0.013870239,0.025024414,0.03390503,0.0056495667,0.0079422,0.0006971359,0.00015127659,0.0000022649765,4.172325e-7,0
2.3841858e-7,0.0006804466,0.00016140938,0.62109375,0.46142578,0.6777344,0.00006991625,3.5762787e-7,4.7683716e-7,0.08502197,0.023208618,0.09197998,0.1204834,0.3540039,0.01197052,0.016067505,0.34472656,0.12731934,0.1015625,0.45141602,0.1619873,0.01235199,0.030853271,0.000071287155,0.13659668,0.8847656,0.00022053719,0.005367279,0.0038318634,0.00699234,0.00092315674,0.0011730194,0.006439209,0.0063209534,0.01335144,0.008483887,0.0010738373,0.0048294067,0.15039062,0.00013828278,0.015640259,0.049194336,0.0015773773,0.0006046295,0.000012695789,0.000009536743,0.00022149086,0.00043821335,0.000034213066,0.000022828579,0.0000013709068,6.556511e-7,0
0.0000022053719,0.00012516975,0.00008016825,0.88916016,0.9628906,0.9301758,0.0013189316,0.0000033974648,0.0000030994415,0.0047454834,0.010375977,0.087524414,0.21740723,0.53808594,0.043670654,0.010566711,0.35913086,0.3701172,0.14978027,0.1484375,0.0093688965,0.57177734,0.08319092,0.0027999878,0.0008249283,0.7734375,0.15979004,0.004512787,0.039855957,0.17333984,0.024749756,0.014930725,0.1003418,0.00008255243,0.5366211,0.17565918,0.014839172,0.053375244,0.004295349,0.006450653,0.0018148422,0.0032024384,0.00046873093,0.012420654,0.17163086,0.36791992,0.20678711,0.21704102,0.0067481995,0.011558533,0.00001013279,0.0000024437904,0
1.7881393e-7,0.00004965067,0.000105917454,0.7680664,0.9301758,0.4152832,0.00016701221,1.1920929e-7,1.1920929e-7,0.72558594,0.82421875,0.62890625,0.8598633,0.45751953,0.12420654,0.00919342,0.10321045,0.019317627,0.00083351135,0.76708984,0.35620117,0.0016527176,0.00004053116,0.0003979206,0.008552551,0.7026367,0.013015747,0.0062217712,0.0055351257,0.0053710938,0.00027751923,0.0005302429,0.0043258667,0.010299683,0.005756378,0.008102417,0.0030155182,0.058441162,0.007965088,0.000042021275,0.00088500977,0.0013103485,0.00086069107,0.0030078888,0.015319824,0.06451416,0.0017976761,0.23059082,0.000037312508,0.000073194504,0.0000033974648,4.172325e-7,0
0.0000013709068,0.009414673,0.013534546,0.09844971,0.19885254,0.04458618,0.000096321106,1.7881393e-7,1.1920929e-7,0.6689453,0.5732422,0.69384766,0.6933594,0.057434082,0.19226074,0.1652832,0.022491455,0.0054244995,0.0048103333,0.40820312,0.46069336,0.0010061264,0.00008201599,0.0002834797,0.062347412,0.31811523,0.00006532669,0.013900757,0.1159668,0.0026226044,0.000118494034,0.00022828579,0.011482239,0.033111572,0.001709938,0.005706787,0.04626465,0.020904541,0.00737381,0.000009894371,0.005634308,0.004070282,0.0061531067,0.019378662,0.01473999,0.007881165,0.00090026855,0.0026016235,0.011520386,0.006713867,7.748604e-7,6.556511e-7,0
0.0000011324883,0.00008034706,0.000054895878,0.78271484,0.79248047,0.5395508,0.00022268295,5.364418e-7,3.5762787e-7,0.13293457,0.14282227,0.38989258,0.35546875,0.056915283,0.08892822,0.099365234,0.05770874,0.032318115,0.026687622,0.4399414,0.4506836,0.0077819824,0.00497818,0.0003681183,0.00019419193,0.6923828,0.044281006,0.022232056,0.11785889,0.022155762,0.000003874302,0.00000756979,0.013389587,0.0008254051,0.0055236816,0.01272583,0.017288208,0.030807495,0.022033691,0.0017604828,0.0013065338,0.011360168,0.00051021576,0.001045227,0.26367188,0.4560547,0.00020337105,0.015098572,0.002943039,0.003036499,7.748604e-7,7.748604e-7,0
4.7683716e-7,0.000045835972,0.00008893013,0.79541016,0.86572266,0.84814453,0.00073575974,0.0000030398369,7.1525574e-7,0.1430664,0.024169922,0.07196045,0.07373047,0.18945312,0.04171753,0.055480957,0.2088623,0.15100098,0.15100098,0.3515625,0.12634277,0.008605957,0.04348755,0.0005288124,0.0007109642,0.68115234,0.083618164,0.0023727417,0.026641846,0.0064315796,0.0004506111,0.0003991127,0.013374329,0.00020897388,0.17224121,0.24926758,0.0501709,0.005722046,0.0067253113,0.0008621216,0.000426054,0.002544403,0.00039744377,0.0067443848,0.8334961,0.48364258,0.089416504,0.0063056946,0.006904602,0.0023860931,0.000005722046,0.000002682209,0
2.3841858e-7,0.29492188,0.23657227,0.00095796585,0.018356323,0.005962372,0.00018513203,5.9604645e-8,1.1920929e-7,0.33569336,0.29907227,0.01802063,0.021133423,0.14916992,0.047790527,0.07885742,0.20117188,0.4189453,0.42651367,0.6201172,0.61328125,0.0028705597,0.0006623268,0.00078964233,0.07183838,0.83740234,0.0015945435,0.004917145,0.017593384,0.09667969,0.00023198128,0.00042581558,0.00091838837,0.00030207634,0.17895508,0.12060547,0.0012969971,0.13110352,0.0007157326,0.00025558472,0.001291275,0.019729614,0.0000885725,0.00014090538,0.0011692047,0.008735657,0.00021767616,0.05670166,0.00000423193,0.00003272295,9.536743e-7,5.9604645e-7,0
3.5762787e-7,0.000013589859,0.000017166138,0.9091797,0.94677734,0.91503906,0.0010900497,0.000004351139,0.000002861023,0.078125,0.08239746,0.3293457,0.33984375,0.05895996,0.20654297,0.16003418,0.018829346,0.0690918,0.054992676,0.36401367,0.2019043,0.036193848,0.024978638,0.0036182404,0.0024795532,0.7607422,0.006526947,0.00039243698,0.044921875,0.018051147,0.13317871,0.19348145,0.0098724365,0.00058555603,0.8222656,0.8666992,0.009208679,0.004272461,0.007850647,0.00011461973,0.0021190643,0.0028591156,0.00041890144,0.0030727386,0.026290894,0.01436615,0.05380249,0.097351074,0.037841797,0.028213501,0.00002759695,0.0000060796738,0
2.3841858e-7,0.041046143,0.06536865,0.070251465,0.07537842,0.0079574585,0.00010025501,5.9604645e-8,5.9604645e-8,0.3371582,0.3269043,0.04348755,0.05316162,0.59716797,0.007949829,0.008575439,0.59814453,0.20874023,0.21887207,0.7060547,0.40844727,0.004459381,0.00037384033,0.0010080338,0.22485352,0.6298828,0.00096035004,0.0043678284,0.0019836426,0.07354736,0.00027298927,0.00029063225,0.0063056946,0.0022258759,0.11767578,0.055480957,0.0005135536,0.15979004,0.0021972656,0.000027179718,0.00030636787,0.0024433136,0.00026392937,0.001335144,0.001783371,0.025863647,0.00015115738,0.023620605,0.000043034554,0.00037908554,0.0000013113022,9.536743e-7,0
9.536743e-7,0.00018370152,0.00020933151,0.671875,0.8154297,0.453125,0.00037956238,5.364418e-7,8.34465e-7,0.058166504,0.04977417,0.20922852,0.19482422,0.0026741028,0.7988281,0.78125,0.0009121895,0.061828613,0.04510498,0.23071289,0.08294678,0.030334473,0.01210022,0.0010595322,0.0023384094,0.8339844,0.013580322,0.0074768066,0.10620117,0.01058197,0.00005632639,0.00011861324,0.017623901,0.0008945465,0.0154418945,0.04586792,0.015182495,0.019546509,0.008613586,0.0006017685,0.00048971176,0.006511688,0.00018036366,0.00078201294,0.5444336,0.7114258,0.0007276535,0.1862793,0.00071144104,0.00045585632,0.000003695488,0.00000166893,0
1.1920929e-7,0.00002783537,0.000068962574,0.6220703,0.9321289,0.56396484,0.00017547607,2.3841858e-7,3.5762787e-7,0.13757324,0.09399414,0.2055664,0.1829834,0.037750244,0.16638184,0.1607666,0.041809082,0.06359863,0.058654785,0.23486328,0.16113281,0.007904053,0.0069999695,0.0003786087,0.010368347,0.91015625,0.0054893494,0.0025672913,0.15893555,0.1038208,0.000065267086,0.0001449585,0.009963989,0.0000859499,0.045440674,0.07720947,0.0022277832,0.0071907043,0.018661499,0.012451172,0.0023956299,0.0129470825,0.000487566,0.00289917,0.00040555,0.0007147789,0.000038087368,0.0025520325,0.0003900528,0.0004684925,0.000004172325,7.1525574e-7,0
0.0000017881393,0.0031147003,0.00014102459,0.66503906,0.09814453,0.59228516,0.0003271103,0.0000020861626,1.7881393e-7,0.25561523,0.13891602,0.034820557,0.039886475,0.037200928,0.2166748,0.24804688,0.055541992,0.25854492,0.27954102,0.24499512,0.2763672,0.008956909,0.005065918,0.0007739067,0.006958008,0.29345703,0.002008438,0.017059326,0.0014657974,0.026351929,0.41333008,0.33251953,0.015808105,0.000033199787,0.11999512,0.11315918,0.00217247,0.00730896,0.013114929,0.0038890839,0.0099487305,0.08392334,0.0017824173,0.0025901794,0.000059723854,0.000039041042,0.17907715,0.013725281,0.0046310425,0.00894928,0.0000049471855,5.9604645e-7,0
3.5762787e-7,0.0019340515,0.00023794174,0.49902344,0.48486328,0.6621094,0.000041484833,1.7881393e-7,4.7683716e-7,0.030899048,0.003967285,0.02671814,0.020965576,0.0019683838,0.72753906,0.74365234,0.0014238358,0.27514648,0.31396484,0.10235596,0.068359375,0.026687622,0.08880615,0.00013196468,0.30395508,0.7626953,0.000032544136,0.010169983,0.002281189,0.008323669,0.0009531975,0.0018253326,0.016693115,0.0077819824,0.010787964,0.0074005127,0.0007572174,0.009002686,0.12915039,0.000048816204,0.0019893646,0.008171082,0.0009250641,0.00060892105,0.000058710575,0.00007879734,0.00024557114,0.004283905,0.00016510487,0.00012862682,0.000002026558,6.556511e-7,0
2.9802322e-7,0.0001398325,0.000038266182,0.8222656,0.6665039,0.7426758,0.000166893,0.000001013279,5.364418e-7,0.11566162,0.062316895,0.21447754,0.23706055,0.05529785,0.15136719,0.13378906,0.03756714,0.074035645,0.054016113,0.43823242,0.27197266,0.01234436,0.013404846,0.00035715103,0.20251465,0.91259766,0.000156641,0.0023288727,0.0018548965,0.053588867,0.031311035,0.03366089,0.011688232,0.0015392303,0.09509277,0.05142212,0.00061941147,0.012023926,0.025161743,0.000115036964,0.004962921,0.012840271,0.00091362,0.0019025803,0.00019657612,0.00033569336,0.0013303757,0.006137848,0.00022363663,0.00048828125,0.0000038146973,0.0000022649765,0
0.0000013113022,0.000074625015,0.00015723705,0.8618164,0.9291992,0.953125,0.0015516281,0.000002026558,0.000008046627,0.16870117,0.0178833,0.1282959,0.15979004,0.2932129,0.046661377,0.044158936,0.3125,0.15197754,0.16259766,0.4543457,0.026275635,0.05706787,0.04373169,0.0034828186,0.011871338,0.6381836,0.02279663,0.0016384125,0.101501465,0.046569824,0.0016202927,0.0010099411,0.07836914,0.00032925606,0.84521484,0.5961914,0.064331055,0.036193848,0.0019931793,0.002840042,0.00092983246,0.0037384033,0.0004117489,0.0104599,0.19616699,0.16333008,0.38061523,0.038208008,0.05883789,0.03265381,0.000021874905,0.0000019669533,0
7.1525574e-7,0.00039219856,0.00020265579,0.6977539,0.8300781,0.44384766,0.00091409683,0.0000031590462,5.9604645e-8,0.3154297,0.18835449,0.46972656,0.38012695,0.41430664,0.022476196,0.01864624,0.41235352,0.022064209,0.031280518,0.23095703,0.47851562,0.006198883,0.0040130615,0.0012273788,0.0029315948,0.79248047,0.03378296,0.0015087128,0.015617371,0.09790039,0.0011634827,0.0013074875,0.017791748,0.0032901764,0.13720703,0.10748291,0.0052719116,0.07043457,0.0033073425,0.000038087368,0.00063705444,0.0010385513,0.0014286041,0.00944519,0.7944336,0.95214844,0.0028305054,0.07043457,0.009628296,0.033416748,0.0000014305115,0.0000031590462,0
1.7881393e-7,0.00015306473,0.00015473366,0.8105469,0.8515625,0.6040039,0.00019860268,0.0000013709068,5.9604645e-8,0.036468506,0.0070266724,0.029129028,0.054748535,0.07324219,0.08770752,0.08898926,0.089538574,0.32714844,0.265625,0.5126953,0.047698975,0.04083252,0.0881958,0.00027894974,0.04800415,0.61035156,0.0021152496,0.0006656647,0.0030822754,0.013824463,0.06451416,0.074279785,0.0043678284,0.006046295,0.15991211,0.054138184,0.00046348572,0.041229248,0.018676758,0.0000071525574,0.009605408,0.0007004738,0.010467529,0.011764526,0.00010240078,0.00027632713,0.0009236336,0.0059661865,0.00017786026,0.0006313324,0.0000031590462,8.34465e-7,0
0.00001090765,0.08734131,0.016235352,0.003326416,0.1239624,0.5097656,0.00022017956,0.000009894371,8.940697e-7,0.012054443,0.009506226,0.37524414,0.01197052,0.00023806095,0.45922852,0.89990234,0.014434814,0.029663086,0.47070312,0.09869385,0.2401123,0.044006348,0.054748535,0.00011307001,0.031173706,0.79003906,0.0011978149,0.2208252,0.0005598068,0.06677246,0.38452148,0.101623535,0.0028858185,0.38891602,0.0022563934,0.0013923645,0.0011053085,0.0025615692,0.35986328,0.0000013709068,0.1126709,0.0034313202,0.14916992,0.030212402,0.000020325184,0.000009417534,0.05682373,0.0001244545,0.000049710274,0.00008529425,4.172325e-7,0.0000011324883,0
0.00000166893,0.00017595291,0.000068843365,0.9121094,0.87646484,0.9550781,0.0032691956,0.0000025629997,0.0000023841858,0.12792969,0.18432617,0.18066406,0.16918945,0.023330688,0.4111328,0.44970703,0.036712646,0.07952881,0.1081543,0.35302734,0.3955078,0.03729248,0.010475159,0.010009766,0.057128906,0.5751953,0.0005674362,0.002494812,0.1730957,0.06604004,0.016448975,0.017181396,0.011238098,0.00078487396,0.69921875,0.6982422,0.10858154,0.041778564,0.001739502,0.0014467239,0.0027542114,0.012718201,0.0030841827,0.005065918,0.28076172,0.1763916,0.4333496,0.27270508,0.19799805,0.25610352,0.000021755695,0.0000015497208,0
8.34465e-7,0.19165039,0.09295654,0.052642822,0.018157959,0.0044784546,0.00019180775,3.5762787e-7,5.9604645e-8,0.12237549,0.023712158,0.09423828,0.07672119,0.48242188,0.014419556,0.00774765,0.4663086,0.092041016,0.14074707,0.1875,0.40283203,0.005466461,0.032104492,0.0005078316,0.0018405914,0.5541992,0.003862381,0.01109314,0.018585205,0.049224854,0.00012850761,0.00013697147,0.0022850037,0.00016343594,0.01158905,0.012992859,0.0040016174,0.026275635,0.0018539429,0.0009460449,0.0009784698,0.0062446594,0.00030827522,0.0015258789,0.39135742,0.75146484,0.0012140274,0.024490356,0.00043678284,0.0023651123,2.3841858e-7,0.0000013709068,0
4.172325e-7,0.0015764236,0.0006737709,0.21166992,0.51220703,0.22363281,0.000027298927,2.3841858e-7,1.1920929e-7,0.05218506,0.028045654,0.07354736,0.10876465,0.17285156,0.034057617,0.050598145,0.16870117,0.115722656,0.107788086,0.40283203,0.12261963,0.03062439,0.010848999,0.00007772446,0.031707764,0.3239746,0.000300169,0.0074272156,0.0022201538,0.00004953146,0.035461426,0.08343506,0.0007376671,0.0019216537,0.0034561157,0.00340271,0.0032367706,0.0039787292,0.008964539,0.000024497509,0.008331299,0.008140564,0.0071029663,0.004020691,0.000018000603,0.000012934208,0.001707077,0.018508911,0.000112593174,0.00007045269,0.0000017881393,8.940697e-7,0
8.34465e-7,0.0020122528,0.0027236938,0.21716309,0.3798828,0.1616211,0.00015580654,7.1525574e-7,5.364418e-7,0.15515137,0.21459961,0.16125488,0.19104004,0.2121582,0.039855957,0.030792236,0.19445801,0.07324219,0.050842285,0.40625,0.15197754,0.008300781,0.0013465881,0.00079250336,0.00844574,0.6870117,0.0019187927,0.005016327,0.00258255,0.0056495667,0.07562256,0.10412598,0.0073394775,0.0000615716,0.010902405,0.02633667,0.00415802,0.0057640076,0.0055351257,0.00079250336,0.0011720657,0.0035800934,0.00031805038,0.0008921623,0.0013666153,0.0015993118,0.052581787,0.39892578,0.0000705719,0.00014615059,0.0000062584877,0.0000022649765,0
6.556511e-7,0.11376953,0.00047183037,0.33422852,0.009597778,0.41577148,0.0012722015,8.940697e-7,1.1920929e-7,0.092041016,0.03955078,0.26513672,0.3112793,0.031204224,0.40454102,0.44873047,0.016204834,0.060028076,0.053131104,0.1640625,0.2006836,0.038635254,0.06628418,0.0014772415,0.18408203,0.8535156,0.00034475327,0.0059280396,0.17932129,0.27929688,0.021652222,0.014251709,0.012634277,0.030685425,0.33813477,0.2175293,0.006832123,0.015411377,0.0031394958,0.00000834465,0.0018196106,0.0109939575,0.0034294128,0.023971558,0.030151367,0.017807007,0.05545044,0.0032234192,0.2614746,0.21032715,0.0000013709068,4.172325e-7,0
0.0000029802322,0.00048089027,0.00024318695,0.70703125,0.8222656,0.9243164,0.0029621124,0.0000041127205,9.536743e-7,0.12384033,0.04309082,0.056549072,0.04324341,0.058654785,0.17138672,0.21411133,0.08453369,0.16845703,0.24572754,0.17614746,0.19714355,0.022064209,0.032073975,0.0051879883,0.024154663,0.5683594,0.00064992905,0.0063095093,0.21313477,0.051696777,0.03253174,0.051727295,0.008644104,0.00042963028,0.48583984,0.3701172,0.08984375,0.02748108,0.0021858215,0.0030136108,0.0020637512,0.0047302246,0.007457733,0.009536743,0.57470703,0.2631836,0.21276855,0.23181152,0.3088379,0.1977539,0.000012397766,0.0000027418137,0
2.9802322e-7,0.049041748,0.1184082,0.0059547424,0.14013672,0.008422852,0.000054955482,5.9604645e-8,5.9604645e-8,0.32006836,0.34375,0.020462036,0.027450562,0.58935547,0.007575989,0.009567261,0.5517578,0.34765625,0.35791016,0.7270508,0.4489746,0.0031204224,0.000323534,0.0002465248,0.064819336,0.56103516,0.0013408661,0.019882202,0.0009880066,0.09991455,0.000096321106,0.00008493662,0.002117157,0.00021469593,0.01576233,0.006427765,0.0006904602,0.28125,0.004261017,0.0012407303,0.0007081032,0.0050354004,0.00046658516,0.0006427765,0.0014123917,0.029647827,0.00018155575,0.024475098,0.0000030398369,0.000054121017,4.7683716e-7,2.9802322e-7,0
5.9604645e-7,0.004108429,0.002374649,0.5234375,0.42626953,0.18896484,0.00026774406,0.0000011920929,2.3841858e-7,0.034118652,0.014770508,0.02268982,0.03213501,0.6489258,0.018005371,0.016983032,0.6147461,0.47314453,0.51220703,0.2084961,0.2006836,0.09448242,0.09564209,0.0006766319,0.004676819,0.45336914,0.003200531,0.029342651,0.00085544586,0.15588379,0.0027160645,0.0020484924,0.008598328,0.00024330616,0.034210205,0.018356323,0.0007753372,0.034057617,0.003566742,0.0012722015,0.00074625015,0.0022850037,0.00030517578,0.0045661926,0.017593384,0.061950684,0.08111572,0.12683105,0.00051116943,0.0006046295,9.536743e-7,4.172325e-7,0
2.3841858e-7,0.000039875507,0.00003582239,0.8618164,0.92529297,0.88916016,0.000910759,0.0000017285347,0.0000022649765,0.021759033,0.01889038,0.18640137,0.21374512,0.03717041,0.18481445,0.18457031,0.025939941,0.08972168,0.080566406,0.22106934,0.093933105,0.07244873,0.07196045,0.0013875961,0.005996704,0.8808594,0.005332947,0.00040531158,0.031951904,0.018066406,0.04638672,0.05999756,0.012634277,0.0037727356,0.78515625,0.78808594,0.0038280487,0.0025501251,0.017623901,0.000037550926,0.0027885437,0.0058059692,0.0003106594,0.004272461,0.004337311,0.002407074,0.010688782,0.0101623535,0.009292603,0.0049209595,0.00001859665,0.0000046491623,0
1.1920929e-7,0.0016145706,0.0010633469,0.61035156,0.37451172,0.1743164,0.00017940998,8.940697e-7,1.7881393e-7,0.080444336,0.07562256,0.014770508,0.028244019,0.34814453,0.022094727,0.022583008,0.35253906,0.4501953,0.3425293,0.5126953,0.07116699,0.01576233,0.011222839,0.00051927567,0.0006971359,0.9135742,0.21264648,0.00032162666,0.017456055,0.014083862,0.0008573532,0.0010881424,0.017150879,0.0003938675,0.12200928,0.28930664,0.00032234192,0.0014066696,0.115234375,0.0018882751,0.0015211105,0.0013780594,0.00006186962,0.004436493,0.00013923645,0.0002977848,0.00028395653,0.004508972,0.000013709068,0.00003916025,0.000010073185,4.172325e-7,0
2.3841858e-7,0.06439209,0.13720703,0.0054779053,0.107666016,0.008155823,0.000056624413,5.9604645e-8,5.9604645e-8,0.3544922,0.39672852,0.023376465,0.03567505,0.55810547,0.007865906,0.011833191,0.5307617,0.31152344,0.30493164,0.7651367,0.40795898,0.002855301,0.00025200844,0.00026249886,0.15905762,0.5756836,0.00047969818,0.0158844,0.00054454803,0.12756348,0.0001231432,0.000105023384,0.0028419495,0.00031399727,0.022232056,0.007675171,0.0004093647,0.29052734,0.0047340393,0.0006928444,0.00052928925,0.0056648254,0.00041770935,0.0006599426,0.000875473,0.020690918,0.000119030476,0.022354126,0.000004529953,0.00008273125,5.364418e-7,3.5762787e-7,0
2.3841858e-7,0.000018000603,0.000023305416,0.91259766,0.9448242,0.9111328,0.00087594986,0.0000021457672,0.0000035762787,0.023117065,0.023803711,0.3864746,0.37768555,0.05230713,0.19836426,0.18371582,0.022232056,0.053100586,0.050079346,0.14233398,0.09527588,0.099609375,0.079589844,0.00349617,0.003540039,0.7949219,0.0075798035,0.000603199,0.04562378,0.049713135,0.047180176,0.08905029,0.012008667,0.0008225441,0.8959961,0.88134766,0.004180908,0.0072021484,0.0093688965,0.00009775162,0.003004074,0.007709503,0.00027823448,0.0013599396,0.011726379,0.011833191,0.009384155,0.08502197,0.010910034,0.009979248,0.000017166138,0.0000052452087,0
0.0000011324883,0.00007104874,0.00004273653,0.78808594,0.78515625,0.7026367,0.0006084442,0.0000017285347,8.34465e-7,0.1673584,0.09875488,0.43237305,0.41015625,0.12194824,0.040618896,0.05105591,0.11907959,0.027679443,0.020309448,0.42358398,0.3400879,0.0059509277,0.010299683,0.00079631805,0.00034952164,0.78808594,0.039794922,0.00674057,0.19787598,0.048736572,0.0002503395,0.0003516674,0.012283325,0.0014705658,0.047210693,0.09753418,0.060699463,0.043640137,0.0038757324,0.00020420551,0.0016183853,0.0053482056,0.00078487396,0.003042221,0.21228027,0.1965332,0.0042037964,0.012413025,0.011726379,0.0093307495,0.0000020861626,0.000002503395,0
5.9604645e-8,0.00015211105,0.000073850155,0.70947266,0.8334961,0.3840332,0.0001270771,4.172325e-7,5.9604645e-8,0.20349121,0.14099121,0.044525146,0.09020996,0.69970703,0.033477783,0.0035858154,0.48510742,0.2722168,0.123168945,0.39208984,0.2064209,0.008338928,0.0038089752,0.00075626373,0.0015258789,0.88378906,0.1595459,0.0019388199,0.0035934448,0.06451416,0.0012559891,0.001326561,0.0040893555,0.0004272461,0.1159668,0.067871094,0.00038647652,0.038757324,0.009918213,0.0008096695,0.0013790131,0.0021572113,0.00010418892,0.0010070801,0.0005450249,0.0039024353,0.0004415512,0.017837524,0.0000031590462,0.00002014637,0.0000032186508,2.9802322e-7,0
0.0000019669533,0.13110352,0.0053901672,0.19677734,0.056732178,0.19580078,0.0011701584,0.0000051259995,2.3841858e-7,0.16357422,0.125,0.4008789,0.4543457,0.06970215,0.24951172,0.21618652,0.040618896,0.026504517,0.03164673,0.16345215,0.5131836,0.00995636,0.021469116,0.003917694,0.0046844482,0.63720703,0.002494812,0.0067329407,0.03286743,0.3408203,0.029144287,0.01876831,0.022491455,0.00022089481,0.6176758,0.4411621,0.013298035,0.043548584,0.0050735474,0.0033493042,0.0023097992,0.004798889,0.0032730103,0.030456543,0.4477539,0.49438477,0.16333008,0.07122803,0.3449707,0.6357422,0.0000022053719,0.0000013113022,0
1.7881393e-7,0.000055372715,0.000033140182,0.8574219,0.87353516,0.93066406,0.001531601,0.0000015497208,0.0000062584877,0.23303223,0.05529785,0.44140625,0.3972168,0.02684021,0.20471191,0.24633789,0.03970337,0.03277588,0.02998352,0.2939453,0.14343262,0.008155823,0.027389526,0.0062942505,0.0019626617,0.54248047,0.034454346,0.00036263466,0.09240723,0.011161804,0.0037937164,0.0036144257,0.01146698,0.0060653687,0.9375,0.95458984,0.03729248,0.009109497,0.0045814514,0.000009655952,0.0011415482,0.006893158,0.00011384487,0.0019779205,0.16674805,0.06762695,0.5913086,0.113098145,0.009086609,0.0069351196,0.000015735626,0.0000031590462,0
2.9802322e-7,0.00031280518,0.00035858154,0.39208984,0.80078125,0.671875,0.0004646778,0.0000010728836,0.0000019669533,0.06311035,0.044036865,0.28881836,0.31591797,0.025665283,0.20153809,0.20336914,0.03149414,0.067871094,0.06112671,0.23400879,0.111328125,0.036865234,0.035217285,0.0013828278,0.0069007874,0.8286133,0.008522034,0.00072288513,0.10015869,0.123046875,0.002904892,0.006454468,0.033111572,0.00030207634,0.7583008,0.77490234,0.0037269592,0.015464783,0.018295288,0.0005431175,0.0061454773,0.0071029663,0.0007581711,0.0028266907,0.0024528503,0.003862381,0.00032043457,0.009223938,0.0028839111,0.0037231445,0.000008165836,0.0000064969063,0
0.0000028014183,0.0012111664,0.00060606,0.31567383,0.8305664,0.56152344,0.00009429455,0.0000014901161,1.1920929e-7,0.4716797,0.4958496,0.3474121,0.4958496,0.29638672,0.21350098,0.043701172,0.06512451,0.062164307,0.015098572,0.5522461,0.47387695,0.010444641,0.0005450249,0.0003170967,0.0029239655,0.39135742,0.006134033,0.14221191,0.0007157326,0.005241394,0.23034668,0.33544922,0.012626648,0.00006330013,0.016708374,0.005756378,0.000562191,0.028305054,0.023513794,0.0016202927,0.015838623,0.030471802,0.0076408386,0.0031032562,0.000033795834,0.00008136034,0.0030174255,0.16467285,0.00080919266,0.00075006485,8.940697e-7,7.1525574e-7,0
5.9604645e-7,0.0017871857,0.0065078735,0.031433105,0.8676758,0.19824219,0.000351429,5.9604645e-7,5.364418e-7,0.043273926,0.25024414,0.023452759,0.25708008,0.6347656,0.014205933,0.011383057,0.4777832,0.5214844,0.13879395,0.40966797,0.17810059,0.1274414,0.0028324127,0.00063705444,0.0005502701,0.85058594,0.17687988,0.014015198,0.018753052,0.03677368,0.0015993118,0.0009908676,0.04788208,0.00015163422,0.08178711,0.05444336,0.01247406,0.05368042,0.010917664,0.0037117004,0.0019350052,0.0027217865,0.00029349327,0.0037078857,0.01210022,0.029373169,0.0154800415,0.026687622,0.0002541542,0.00015079975,0.0000022053719,5.9604645e-7,0
0.0000078082085,0.11553955,0.01625061,0.28442383,0.041381836,0.16235352,0.0009646416,0.0000022649765,7.1525574e-7,0.19116211,0.015350342,0.18334961,0.10546875,0.16772461,0.15991211,0.06390381,0.07507324,0.07208252,0.15710449,0.18811035,0.2944336,0.010658264,0.0680542,0.0031661987,0.030578613,0.8203125,0.0011224747,0.023025513,0.21801758,0.29370117,0.0072784424,0.009346008,0.005634308,0.0010957718,0.41235352,0.21105957,0.043273926,0.10864258,0.0005350113,0.0006213188,0.0045776367,0.01626587,0.006450653,0.01449585,0.15856934,0.14672852,0.01701355,0.04046631,0.13134766,0.20910645,0.0000019669533,0.000002503395,0
4.7683716e-7,0.00018703938,0.0003259182,0.7192383,0.6503906,0.4663086,0.0008430481,0.0000025629997,0.0000017285347,0.04647827,0.11987305,0.121276855,0.15478516,0.034301758,0.25952148,0.25,0.014404297,0.13476562,0.11627197,0.21325684,0.14953613,0.033233643,0.016052246,0.002040863,0.0014657974,0.8208008,0.02571106,0.00037837029,0.022155762,0.0803833,0.08105469,0.12646484,0.0107040405,0.000106453896,0.9277344,0.8618164,0.0044555664,0.0154800415,0.00573349,0.00087594986,0.004650116,0.014183044,0.00059986115,0.0032691956,0.0064849854,0.010154724,0.0073928833,0.052124023,0.010261536,0.015602112,0.00003027916,0.000005722046,0
0.000001013279,0.11254883,0.13793945,0.036468506,0.04324341,0.0065574646,0.00025844574,2.9802322e-7,1.1920929e-7,0.054626465,0.020263672,0.066711426,0.08190918,0.5683594,0.0079422,0.0074539185,0.54345703,0.09954834,0.11987305,0.27807617,0.056152344,0.011917114,0.034179688,0.00028967857,0.0065345764,0.45629883,0.0013008118,0.006580353,0.017364502,0.0138549805,0.00010120869,0.00011640787,0.0024299622,0.00076007843,0.013259888,0.010948181,0.018325806,0.09136963,0.0010938644,0.00019681454,0.003540039,0.008476257,0.0007915497,0.006389618,0.40649414,0.63964844,0.0032024384,0.021865845,0.00078344345,0.0022563934,3.5762787e-7,0.0000013113022,0
0.0000012516975,0.00008016825,0.0000032186508,0.8901367,0.88427734,0.9604492,0.00030350685,7.1525574e-7,0.0000017285347,0.05117798,0.005168915,0.10229492,0.10437012,0.022598267,0.15881348,0.1673584,0.033233643,0.07904053,0.08850098,0.2614746,0.09118652,0.012313843,0.09716797,0.00034928322,0.0011148453,0.70458984,0.012512207,0.01209259,0.28466797,0.03491211,0.000050783157,0.000079631805,0.0066490173,0.05215454,0.017227173,0.017150879,0.090148926,0.025482178,0.005958557,0.000026106834,0.0038089752,0.008018494,0.0013427734,0.0031051636,0.008651733,0.0043563843,0.0013084412,0.0014772415,0.0013465881,0.00034618378,0.000002026558,8.34465e-7,0
0.000002682209,0.10449219,0.09765625,0.020080566,0.13464355,0.2467041,0.0027046204,0.0000014305115,0.0000015497208,0.09692383,0.15625,0.28735352,0.39794922,0.016418457,0.44091797,0.47973633,0.031585693,0.11590576,0.0692749,0.4716797,0.10064697,0.050689697,0.016525269,0.0044517517,0.014671326,0.8803711,0.011009216,0.0018835068,0.03656006,0.18688965,0.067871094,0.047180176,0.017623901,0.00010699034,0.67285156,0.31323242,0.015701294,0.022384644,0.00071907043,0.0019435883,0.002313614,0.011329651,0.0004892349,0.012649536,0.07891846,0.12927246,0.17333984,0.13134766,0.021347046,0.038024902,0.000009775162,0.000004529953,0
1.7881393e-7,0.0020866394,0.0034866333,0.21276855,0.57177734,0.08129883,0.00014781952,4.172325e-7,5.9604645e-8,0.3708496,0.6123047,0.1586914,0.6010742,0.57177734,0.007457733,0.008300781,0.53271484,0.109069824,0.0053596497,0.6894531,0.15063477,0.0053749084,0.00014686584,0.00081014633,0.05831909,0.55566406,0.0061912537,0.0009908676,0.0014514923,0.0032196045,0.06652832,0.103759766,0.0042419434,0.003686905,0.070251465,0.0736084,0.00051164627,0.015472412,0.009399414,0.000007688999,0.0013694763,0.00087976456,0.0012779236,0.010269165,0.00043559074,0.0016145706,0.0012655258,0.08532715,0.00006133318,0.00032520294,0.000010251999,0.0000022649765,0
5.9604645e-8,0.000063836575,0.000022232533,0.92626953,0.8666992,0.43408203,0.00004053116,1.7881393e-7,5.9604645e-8,0.25317383,0.117004395,0.10498047,0.11816406,0.8154297,0.1706543,0.002216339,0.16125488,0.13903809,0.07861328,0.2878418,0.23449707,0.0067825317,0.007041931,0.0002975464,0.007881165,0.83984375,0.09161377,0.0035514832,0.0032634735,0.037963867,0.00068092346,0.0004453659,0.006252289,0.08416748,0.07525635,0.013587952,0.00017976761,0.02432251,0.08746338,0.000013291836,0.004924774,0.005886078,0.0005083084,0.0009484291,0.000019073486,0.00007355213,0.00040769577,0.0003027916,0.0000025629997,0.000014483929,0.0000010728836,5.9604645e-8,0
0.0000029802322,0.035858154,0.027694702,0.036590576,0.13354492,0.08557129,0.00056409836,0.0000014901161,0.000001013279,0.65527344,0.58251953,0.62597656,0.62353516,0.034362793,0.31982422,0.24707031,0.005760193,0.011520386,0.008049011,0.51171875,0.48632812,0.0008740425,0.00033664703,0.0009675026,0.0024089813,0.60058594,0.0028133392,0.004749298,0.013801575,0.008132935,0.02017212,0.019958496,0.02116394,0.0036678314,0.091552734,0.15148926,0.013671875,0.016052246,0.0063171387,0.0000121593475,0.0031528473,0.0024261475,0.0013418198,0.008796692,0.60791016,0.59228516,0.10046387,0.13830566,0.18481445,0.18054199,0.0000015497208,0.0000038146973,0
0.0000013113022,0.0024986267,0.00029945374,0.8354492,0.18029785,0.46826172,0.00121212,0.0000041127205,4.172325e-7,0.06341553,0.031311035,0.020599365,0.021224976,0.06518555,0.17407227,0.18164062,0.039398193,0.53125,0.47070312,0.15637207,0.18859863,0.05529785,0.039001465,0.0030136108,0.012619019,0.6386719,0.0013237,0.0040512085,0.0047340393,0.25927734,0.42797852,0.421875,0.0067100525,0.00034689903,0.5908203,0.55566406,0.0013589859,0.017532349,0.0027656555,0.00042963028,0.0030956268,0.020889282,0.00242424,0.008018494,0.0019626617,0.0018596649,0.11706543,0.15222168,0.10205078,0.25634766,0.000007033348,7.748604e-7,0
0.0000016093254,0.00031614304,0.000110805035,0.5708008,0.7089844,0.6933594,0.00028705597,0.000001013279,8.940697e-7,0.5307617,0.37939453,0.47924805,0.4831543,0.10369873,0.09039307,0.06359863,0.06311035,0.018417358,0.021194458,0.69433594,0.7314453,0.001074791,0.0007147789,0.00028514862,0.0047302246,0.84521484,0.004634857,0.007583618,0.05105591,0.041168213,0.0017223358,0.0034484863,0.0035324097,0.0013561249,0.018295288,0.03994751,0.03366089,0.11053467,0.002998352,0.00026726723,0.011383057,0.012672424,0.0036067963,0.0023975372,0.004055023,0.0067977905,0.00065231323,0.022994995,0.0003900528,0.0003504753,0.0000021457672,0.0000024437904,0
3.5762787e-7,0.00032925606,0.00014710426,0.6479492,0.6694336,0.8256836,0.0010061264,7.748604e-7,9.536743e-7,0.40283203,0.34545898,0.43969727,0.4267578,0.11242676,0.0925293,0.06762695,0.06036377,0.033721924,0.032073975,0.67285156,0.56591797,0.0030670166,0.00166893,0.0011510849,0.033416748,0.87939453,0.0015010834,0.0013971329,0.041534424,0.07067871,0.0036964417,0.0077781677,0.005214691,0.0042419434,0.73583984,0.7607422,0.004798889,0.023895264,0.010307312,0.000041007996,0.0063934326,0.016036987,0.00078964233,0.001865387,0.0014972687,0.0023975372,0.0004312992,0.01638794,0.0025081635,0.001786232,0.0000073313713,0.0000032782555,0
4.7683716e-7,0.000017046928,0.000026166439,0.9243164,0.9277344,0.90478516,0.0014600754,0.00000166893,0.0000027418137,0.019699097,0.019592285,0.05596924,0.067871094,0.026733398,0.32299805,0.31811523,0.0074691772,0.23913574,0.2220459,0.19726562,0.068847656,0.09161377,0.05557251,0.002576828,0.010772705,0.7475586,0.0039367676,0.0011720657,0.027709961,0.038970947,0.1550293,0.19140625,0.011528015,0.0046081543,0.86083984,0.7363281,0.00356102,0.0066566467,0.008605957,0.000011920929,0.0016765594,0.0055656433,0.00041627884,0.0027256012,0.016113281,0.016235352,0.032318115,0.05734253,0.010688782,0.0064086914,0.000021100044,0.0000042915344,0
6.556511e-7,0.00013399124,0.000030338764,0.64404297,0.78759766,0.85302734,0.000082850456,4.172325e-7,3.5762787e-7,0.5571289,0.39868164,0.6430664,0.6582031,0.08178711,0.18591309,0.1027832,0.018844604,0.007575989,0.0064048767,0.63916016,0.66503906,0.00088882446,0.0005393028,0.000114142895,0.011932373,0.6796875,0.0011100769,0.054901123,0.0048713684,0.011482239,0.00024533272,0.00033450127,0.0033512115,0.0047035217,0.004398346,0.0049438477,0.010177612,0.03414917,0.024307251,0.0002720356,0.008369446,0.014091492,0.004634857,0.001121521,0.00036358833,0.00042390823,0.00043010712,0.0024375916,0.00020265579,0.00013720989,0.0000010728836,4.172325e-7,0
4.7683716e-7,0.00048589706,0.00021958351,0.6796875,0.6376953,0.62353516,0.000084102154,4.7683716e-7,5.364418e-7,0.025299072,0.0074653625,0.012199402,0.010292053,0.0047569275,0.5151367,0.53271484,0.0075798035,0.5209961,0.5209961,0.125,0.08728027,0.03100586,0.057647705,0.00034499168,0.14440918,0.74902344,0.00012022257,0.008262634,0.0007414818,0.022491455,0.017944336,0.02319336,0.015274048,0.0008254051,0.027038574,0.020065308,0.0006918907,0.02017212,0.036987305,0.00015640259,0.0016670227,0.0050086975,0.000790596,0.0006260872,0.00014400482,0.00035858154,0.0019292831,0.0345459,0.00008070469,0.00016021729,0.0000025629997,0.0000012516975,0
0.0000013113022,0.00009948015,0.00007086992,0.76171875,0.7739258,0.51708984,0.00024330616,5.364418e-7,4.172325e-7,0.12298584,0.15966797,0.43286133,0.39624023,0.05718994,0.08502197,0.09832764,0.06347656,0.028778076,0.021240234,0.4477539,0.43774414,0.008758545,0.004196167,0.0003607273,0.00027608871,0.70458984,0.03527832,0.022018433,0.12475586,0.02128601,0.0000044107437,0.000009059906,0.0121154785,0.0010147095,0.004600525,0.011444092,0.017364502,0.033569336,0.019104004,0.0015096664,0.0015258789,0.012893677,0.00064849854,0.001247406,0.24609375,0.4638672,0.00016140938,0.019348145,0.003025055,0.0032424927,8.34465e-7,8.940697e-7,0
2.3841858e-7,0.00091171265,0.0003976822,0.359375,0.5839844,0.21960449,0.0000295043,2.3841858e-7,1.7881393e-7,0.031341553,0.008163452,0.08050537,0.093566895,0.11810303,0.076660156,0.06149292,0.1026001,0.12384033,0.1418457,0.25756836,0.087646484,0.045196533,0.040527344,0.0001386404,0.072021484,0.46411133,0.00043916702,0.0024089813,0.0034370422,0.00007605553,0.0362854,0.08843994,0.0010175705,0.0069236755,0.0102005005,0.01084137,0.001871109,0.0039520264,0.009002686,0.0000041127205,0.004962921,0.007911682,0.004009247,0.0032577515,0.000016152859,0.000012457371,0.0012407303,0.01701355,0.0001232624,0.000084519386,0.000002682209,8.34465e-7,0
4.172325e-7,0.00007236004,0.0013933182,0.31762695,0.9316406,0.43310547,0.00019085407,8.940697e-7,6.556511e-7,0.0045051575,0.0076446533,0.033172607,0.053741455,0.06726074,0.19812012,0.16809082,0.04977417,0.47094727,0.39819336,0.11468506,0.024047852,0.3947754,0.076660156,0.000395298,0.0007829666,0.9248047,0.07385254,0.007019043,0.027160645,0.06719971,0.0030345917,0.0030994415,0.06137085,0.00028181076,0.0848999,0.02015686,0.0060043335,0.0657959,0.012870789,0.0029067993,0.0053977966,0.00447464,0.0009946823,0.0067367554,0.0037708282,0.010940552,0.0061302185,0.023635864,0.00024139881,0.00021445751,9.536743e-7,1.7881393e-7,0
1.7881393e-7,0.00040125847,0.00029158592,0.72753906,0.58447266,0.2529297,0.00023186207,9.536743e-7,2.3841858e-7,0.06036377,0.04660034,0.08013916,0.08947754,0.11053467,0.12927246,0.08154297,0.06274414,0.1673584,0.12036133,0.24157715,0.022003174,0.030700684,0.01360321,0.0011835098,0.0005302429,0.80322266,0.08154297,0.0005736351,0.0069351196,0.009468079,0.015563965,0.024780273,0.014030457,0.00020992756,0.10803223,0.24951172,0.001458168,0.005340576,0.014190674,0.00065612793,0.0008611679,0.00076818466,0.000108242035,0.0030822754,0.0028266907,0.005344391,0.0059814453,0.099365234,0.000048577785,0.0000846982,0.000012516975,9.536743e-7,0
4.7683716e-7,0.000016331673,0.000022232533,0.9272461,0.9301758,0.91259766,0.0013771057,0.00000166893,0.0000028014183,0.019927979,0.018081665,0.06072998,0.07165527,0.026168823,0.3461914,0.3371582,0.006134033,0.22766113,0.20996094,0.1850586,0.07104492,0.09283447,0.06060791,0.0027694702,0.00630188,0.71777344,0.0063285828,0.001244545,0.032318115,0.035217285,0.13977051,0.17993164,0.011619568,0.0064315796,0.8647461,0.74121094,0.0038471222,0.0072898865,0.008132935,0.000007867813,0.0015735626,0.005519867,0.0003902912,0.0024433136,0.017944336,0.018081665,0.03479004,0.06677246,0.010322571,0.0059394836,0.000019550323,0.0000039339066,0
0.0000012516975,0.05368042,0.0031528473,0.43701172,0.009307861,0.18249512,0.00057792664,0.0000034570694,1.1920929e-7,0.17468262,0.09210205,0.4025879,0.4248047,0.8105469,0.005683899,0.004611969,0.7836914,0.036743164,0.030944824,0.4777832,0.20251465,0.018737793,0.025482178,0.0006251335,0.0043296814,0.64501953,0.0016098022,0.011749268,0.013900757,0.19641113,0.0013933182,0.0012874603,0.02507019,0.0011873245,0.055389404,0.05847168,0.0027427673,0.03265381,0.014190674,0.0007286072,0.0005865097,0.00087213516,0.0006284714,0.06561279,0.21484375,0.5517578,0.020187378,0.07299805,0.039215088,0.067993164,0.000001013279,7.748604e-7,0
0.0000022649765,0.023971558,0.022338867,0.023895264,0.1352539,0.08306885,0.0003399849,4.7683716e-7,0.0000023841858,0.3322754,0.3671875,0.38842773,0.39404297,0.009681702,0.48046875,0.50927734,0.0031986237,0.028884888,0.025787354,0.56689453,0.52197266,0.0020771027,0.0011701584,0.0007314682,0.0019073486,0.55029297,0.0007724762,0.019927979,0.044128418,0.005859375,0.01448822,0.014846802,0.001247406,0.006511688,0.00856781,0.031799316,0.058044434,0.020828247,0.00063323975,0.0000030994415,0.006336212,0.006462097,0.001953125,0.0010290146,0.37402344,0.18310547,0.4567871,0.35839844,0.016693115,0.010620117,4.7683716e-7,0.0000014901161,0
6.556511e-7,0.000041365623,0.000008821487,0.83203125,0.96728516,0.7651367,0.00002926588,8.34465e-7,5.9604645e-8,0.101501465,0.04168701,0.15661621,0.3161621,0.58154297,0.056365967,0.009674072,0.36523438,0.114990234,0.025558472,0.3605957,0.15795898,0.077819824,0.009811401,0.0003068447,0.0007677078,0.0211792,0.0034389496,0.0021648407,0.0010566711,0.003528595,0.039794922,0.037261963,0.022201538,0.00065898895,0.0095825195,0.0065689087,0.0012216568,0.022644043,0.089416504,0.0002977848,0.014144897,0.009086609,0.01033783,0.02027893,0.000042378902,0.00007557869,0.004081726,0.009529114,0.0013933182,0.0016908646,0.0000011920929,1.1920929e-7,0
0.0000029802322,0.00013613701,0.00006490946,0.6796875,0.7558594,0.62109375,0.000497818,0.000005066395,0.0000011324883,0.31054688,0.21264648,0.4987793,0.48632812,0.38305664,0.008651733,0.010292053,0.37231445,0.017929077,0.013832092,0.32666016,0.33496094,0.0033912659,0.0035095215,0.00085020065,0.00026226044,0.5834961,0.021102905,0.005203247,0.03918457,0.015945435,0.004673004,0.0073928833,0.0057144165,0.00021517277,0.04522705,0.093566895,0.037231445,0.050964355,0.002790451,0.0007343292,0.0057373047,0.004096985,0.0037879944,0.010818481,0.16552734,0.26171875,0.009666443,0.17053223,0.10272217,0.14343262,0.0000025629997,0.0000045895576,0
5.9604645e-8,0.0006556511,0.0050964355,0.28686523,0.75,0.042816162,0.000035226345,5.9604645e-8,5.9604645e-8,0.4267578,0.5385742,0.11517334,0.74365234,0.5493164,0.12109375,0.0050621033,0.13354492,0.19604492,0.003019333,0.77441406,0.2524414,0.0040359497,0.0002257824,0.00019848347,0.016616821,0.61083984,0.019882202,0.005695343,0.0036830902,0.0011320114,0.0030384064,0.007648468,0.0015993118,0.0078086853,0.0074386597,0.0060272217,0.00019311905,0.008361816,0.024383545,0.000014841557,0.0012025833,0.0016641617,0.0015277863,0.0011386871,0.000038921833,0.00016117096,0.00007802248,0.020141602,0.000003695488,0.000015437603,0.0000030994415,2.9802322e-7,0
0.0000011920929,0.23010254,0.00011563301,0.42407227,0.0025863647,0.59472656,0.0003631115,0.0000022649765,5.9604645e-8,0.2866211,0.14233398,0.35839844,0.24353027,0.09277344,0.23278809,0.16027832,0.046081543,0.043701172,0.10333252,0.2578125,0.67578125,0.011581421,0.015304565,0.00035953522,0.021209717,0.89746094,0.02067566,0.0037994385,0.011169434,0.22106934,0.020904541,0.010543823,0.008712769,0.00092983246,0.29467773,0.11694336,0.0026378632,0.03302002,0.0057411194,0.00077295303,0.009086609,0.08569336,0.009010315,0.024993896,0.00028014183,0.00040578842,0.0071525574,0.0011072159,0.017623901,0.080566406,0.0000012516975,3.5762787e-7,0
0.0000012516975,0.000089883804,0.0000038146973,0.8857422,0.8339844,0.9238281,0.00035572052,8.34465e-7,8.940697e-7,0.08569336,0.035491943,0.20080566,0.21655273,0.017593384,0.20812988,0.21228027,0.023757935,0.046081543,0.04067993,0.4013672,0.27563477,0.007320404,0.022888184,0.0004954338,0.0005059242,0.71191406,0.018096924,0.021026611,0.3684082,0.099243164,0.000015318394,0.000025689602,0.011306763,0.008834839,0.01876831,0.019104004,0.083618164,0.059265137,0.007255554,0.000095009804,0.0020961761,0.0067710876,0.0007033348,0.0015974045,0.0692749,0.057281494,0.0011377335,0.0032482147,0.0014457703,0.000620842,0.0000013113022,8.34465e-7,0
3.5762787e-7,0.0007343292,0.0013990402,0.36914062,0.6464844,0.068359375,0.000070631504,5.9604645e-8,5.9604645e-8,0.26391602,0.37573242,0.10119629,0.31640625,0.08465576,0.65234375,0.16442871,0.0022411346,0.1307373,0.023330688,0.43896484,0.43676758,0.0045814514,0.0005259514,0.00022768974,0.0013608932,0.51904297,0.022079468,0.018737793,0.028457642,0.027877808,0.000020086765,0.000020205975,0.0058021545,0.0023880005,0.0022239685,0.0034313202,0.007888794,0.054718018,0.009292603,0.00031614304,0.00076293945,0.0015830994,0.0006785393,0.0029201508,0.2088623,0.54833984,0.00035524368,0.009635925,0.000027775764,0.0000936389,5.9604645e-7,1.7881393e-7,0
2.9802322e-7,0.00053691864,0.00019431114,0.54541016,0.6010742,0.7392578,0.0006752014,4.7683716e-7,8.34465e-7,0.4897461,0.41015625,0.45532227,0.45898438,0.17810059,0.085632324,0.03869629,0.076171875,0.027053833,0.025985718,0.6904297,0.61376953,0.0019664764,0.00091409683,0.001203537,0.018310547,0.8754883,0.0018482208,0.0019874573,0.03479004,0.08343506,0.0014543533,0.0023174286,0.0082092285,0.002204895,0.58154297,0.63623047,0.00705719,0.03366089,0.00699234,0.000092089176,0.0048942566,0.020431519,0.00031089783,0.00078201294,0.0028438568,0.0044784546,0.0007343292,0.011451721,0.0008158684,0.00076675415,0.000004351139,0.0000020861626,0
4.172325e-7,0.00017535686,0.0002863407,0.71777344,0.6582031,0.5004883,0.00071144104,0.0000022053719,0.00000166893,0.042053223,0.1027832,0.12756348,0.16540527,0.04159546,0.23986816,0.2199707,0.0154800415,0.12561035,0.10510254,0.22167969,0.13256836,0.037597656,0.017715454,0.0016384125,0.0023536682,0.82714844,0.01576233,0.0003900528,0.018081665,0.07104492,0.078063965,0.120666504,0.010696411,0.000117480755,0.89941406,0.8144531,0.0035190582,0.014007568,0.0061149597,0.0008125305,0.004573822,0.013473511,0.0006375313,0.0035705566,0.004875183,0.00793457,0.0062446594,0.043701172,0.008903503,0.013999939,0.000027060509,0.0000052452087,0
4.172325e-7,0.0004746914,0.0002515316,0.59375,0.6694336,0.6591797,0.00018548965,4.7683716e-7,8.940697e-7,0.053222656,0.009544373,0.020080566,0.017074585,0.003660202,0.6176758,0.62939453,0.005065918,0.40795898,0.4267578,0.24023438,0.10089111,0.019058228,0.045806885,0.0007815361,0.22192383,0.7036133,0.00006568432,0.006175995,0.0026111603,0.026855469,0.0107803345,0.016464233,0.006729126,0.00010317564,0.074401855,0.078063965,0.0019817352,0.021560669,0.007507324,0.0008339882,0.0012378693,0.004207611,0.00040650368,0.00038218498,0.000702858,0.0013523102,0.0037670135,0.07598877,0.00022435188,0.00043654442,0.0000047683716,0.0000019073486,0
2.9802322e-7,0.000017523766,0.000021755695,0.91845703,0.9506836,0.9243164,0.0010442734,0.0000028014183,0.0000039339066,0.01977539,0.018066406,0.3713379,0.36694336,0.050354004,0.19335938,0.18127441,0.023391724,0.055786133,0.0519104,0.122802734,0.068725586,0.11645508,0.10089111,0.0038070679,0.0033302307,0.7729492,0.008628845,0.00053215027,0.045806885,0.052612305,0.08251953,0.140625,0.011909485,0.0005030632,0.90283203,0.88916016,0.0053863525,0.007083893,0.008300781,0.0001500845,0.0028457642,0.0062675476,0.0003464222,0.0019130707,0.015617371,0.014457703,0.01499176,0.09100342,0.015991211,0.014450073,0.000021994114,0.0000064373016,0
1.1920929e-7,0.0033683777,0.0062828064,0.3623047,0.32128906,0.10058594,0.0002206564,5.9604645e-8,2.3841858e-7,0.064331055,0.07885742,0.013259888,0.020141602,0.034698486,0.21411133,0.25,0.05645752,0.5161133,0.46289062,0.37109375,0.15222168,0.022384644,0.005508423,0.0015630722,0.008125305,0.82128906,0.0022850037,0.009048462,0.002576828,0.04348755,0.00020492077,0.00027370453,0.0013923645,0.000051617622,0.0635376,0.068359375,0.0010375977,0.02494812,0.0014190674,0.002412796,0.00044059753,0.02885437,0.000012814999,0.000026226044,0.005569458,0.034423828,0.0056266785,0.6855469,0.0000023245811,0.000010251999,0.000002026558,3.5762787e-7,0
0.0000013709068,0.00021576881,0.0004222393,0.56347656,0.90478516,0.6972656,0.00034308434,0.0000012516975,4.7683716e-7,0.032196045,0.00920105,0.06695557,0.07171631,0.031555176,0.53125,0.48413086,0.007827759,0.26342773,0.20397949,0.16833496,0.026535034,0.25683594,0.054473877,0.00094127655,0.012664795,0.65234375,0.008506775,0.0078048706,0.004047394,0.06976318,0.4404297,0.4255371,0.007381439,0.0003311634,0.2277832,0.037353516,0.0031147003,0.12658691,0.0006351471,0.00013649464,0.006072998,0.015914917,0.005874634,0.006996155,0.0011138916,0.0029239655,0.03060913,0.06488037,0.0024719238,0.0027999878,0.0000027418137,7.748604e-7,0
0.0000014901161,0.000050842762,0.00007325411,0.95458984,0.9790039,0.921875,0.00027561188,0.00000333786,4.172325e-7,0.09399414,0.07751465,0.21081543,0.31396484,0.057159424,0.15161133,0.19604492,0.08917236,0.15270996,0.09088135,0.32983398,0.09234619,0.10467529,0.03656006,0.0011110306,0.014129639,0.46972656,0.0010480881,0.008628845,0.0017242432,0.0039749146,0.109802246,0.093566895,0.022720337,0.0025367737,0.05078125,0.04827881,0.008850098,0.011314392,0.002632141,0.00008267164,0.004047394,0.0061454773,0.004863739,0.031311035,0.0009975433,0.001036644,0.015914917,0.056640625,0.0637207,0.03527832,0.0000035762787,0.0000023245811,0
7.748604e-7,0.0014677048,0.005432129,0.16772461,0.59277344,0.037078857,0.00008165836,1.1920929e-7,5.9604645e-8,0.09173584,0.18920898,0.021972656,0.049102783,0.014160156,0.67626953,0.57177734,0.0016365051,0.36157227,0.20922852,0.38989258,0.30200195,0.014823914,0.0020046234,0.00022530556,0.0015611649,0.4428711,0.0067863464,0.06689453,0.005973816,0.025741577,0.00001937151,0.000014483929,0.00630188,0.00046014786,0.003452301,0.002336502,0.006996155,0.074645996,0.010269165,0.004337311,0.0009756088,0.0051078796,0.0008854866,0.0026435852,0.2902832,0.76171875,0.00047898293,0.0077934265,0.000045835972,0.00028705597,4.7683716e-7,1.7881393e-7,0
0.0000014901161,0.007850647,0.005756378,0.23730469,0.25927734,0.21081543,0.00026917458,0.0000010728836,0.0000015497208,0.0949707,0.07476807,0.05996704,0.06573486,0.002494812,0.6923828,0.6953125,0.0018529892,0.17834473,0.18920898,0.3083496,0.2154541,0.010620117,0.0078125,0.0012216568,0.0062294006,0.76220703,0.0012931824,0.002773285,0.014305115,0.009223938,0.013137817,0.021377563,0.039001465,0.00022315979,0.058776855,0.10626221,0.0046157837,0.005493164,0.007255554,0.00024032593,0.00065231323,0.0015144348,0.0002462864,0.0031375885,0.05303955,0.07543945,0.028060913,0.23864746,0.015213013,0.019134521,0.0000054240227,0.0000052452087,0
2.9802322e-7,0.0005350113,0.00019025803,0.5493164,0.6015625,0.7416992,0.00067567825,4.7683716e-7,8.34465e-7,0.49169922,0.4104004,0.45629883,0.46044922,0.17919922,0.08538818,0.03829956,0.07672119,0.02696228,0.025787354,0.6904297,0.6118164,0.001953125,0.000916481,0.0012073517,0.018173218,0.8754883,0.001871109,0.0020217896,0.035064697,0.08319092,0.0014343262,0.0022850037,0.008377075,0.002231598,0.5776367,0.6347656,0.007083893,0.03338623,0.0071372986,0.00009173155,0.004878998,0.02015686,0.00030827522,0.0007762909,0.0028495789,0.004463196,0.0007305145,0.0113220215,0.0008034706,0.000746727,0.000004351139,0.0000020861626,0
4.172325e-7,0.00046777725,0.00024580956,0.5957031,0.67041016,0.6660156,0.00018954277,4.172325e-7,8.940697e-7,0.05230713,0.009613037,0.019821167,0.017044067,0.0037345886,0.6152344,0.6269531,0.005104065,0.41064453,0.42871094,0.2442627,0.10015869,0.019424438,0.045532227,0.00078964233,0.22875977,0.70214844,0.00006389618,0.006134033,0.002614975,0.026992798,0.010955811,0.016799927,0.006401062,0.00010573864,0.07598877,0.07891846,0.0020008087,0.02218628,0.0069885254,0.0007891655,0.0012397766,0.0043144226,0.00040841103,0.00038194656,0.00071907043,0.0013923645,0.0037784576,0.07800293,0.0002259016,0.00044107437,0.000004827976,0.0000019669533,0
0.000002026558,0.0024433136,0.0019292831,0.37426758,0.51123047,0.26879883,0.0011854172,0.0000019073486,0.0000014305115,0.43310547,0.42919922,0.40039062,0.37963867,0.006916046,0.4013672,0.3996582,0.015533447,0.041809082,0.045013428,0.32470703,0.5722656,0.0025634766,0.00096035004,0.0028572083,0.004547119,0.7260742,0.007965088,0.0015640259,0.03640747,0.103881836,0.11871338,0.13574219,0.005947113,0.000095009804,0.375,0.5126953,0.017715454,0.037017822,0.00043201447,0.00034189224,0.0037269592,0.0093307495,0.00082445145,0.0034427643,0.11602783,0.13562012,0.036956787,0.07598877,0.0103302,0.014320374,0.000005722046,0.00001335144,0
0.0000014305115,0.005252838,0.007232666,0.14831543,0.30664062,0.22485352,0.0016126633,0.0000017285347,0.0000013709068,0.042022705,0.036895752,0.06866455,0.075927734,0.04559326,0.0927124,0.097595215,0.05734253,0.1842041,0.15698242,0.32348633,0.1616211,0.023590088,0.019805908,0.0013303757,0.00037765503,0.8154297,0.05038452,0.00064373016,0.10656738,0.05831909,0.01953125,0.024002075,0.012924194,0.00044059753,0.5024414,0.59033203,0.009490967,0.009681702,0.004032135,0.0001335144,0.0011835098,0.0021762848,0.0006918907,0.015960693,0.24023438,0.2939453,0.018493652,0.02986145,0.07098389,0.07684326,0.000006914139,0.0000094771385,0
0.000001013279,0.0004374981,0.00054216385,0.5961914,0.49316406,0.3083496,0.0008382797,9.536743e-7,0.0000020861626,0.4489746,0.5048828,0.111694336,0.11743164,0.032043457,0.19104004,0.19152832,0.019638062,0.14038086,0.14526367,0.38989258,0.4892578,0.002538681,0.0004618168,0.0036334991,0.018692017,0.46289062,0.0008611679,0.0017232895,0.017166138,0.027832031,0.087890625,0.10668945,0.0016555786,0.0010910034,0.72509766,0.6254883,0.021911621,0.047454834,0.00063705444,0.00001859665,0.00868988,0.024642944,0.0006427765,0.00066137314,0.025024414,0.021820068,0.19348145,0.2980957,0.0030899048,0.0045547485,0.0000094771385,0.0000027418137,0
0.0000023245811,0.006416321,0.0009589195,0.5942383,0.11212158,0.3232422,0.0009908676,8.34465e-7,5.9604645e-7,0.4819336,0.30419922,0.20739746,0.18688965,0.23046875,0.13745117,0.0413208,0.07861328,0.07965088,0.09954834,0.5776367,0.59521484,0.0030822754,0.0022411346,0.0032634735,0.11340332,0.7783203,0.0003528595,0.015914917,0.119506836,0.33691406,0.008148193,0.0066986084,0.008384705,0.0026245117,0.2692871,0.29467773,0.016464233,0.13244629,0.0006160736,0.000058174133,0.004699707,0.018859863,0.0010538101,0.0045776367,0.06994629,0.089904785,0.022781372,0.044158936,0.0093688965,0.017532349,0.0000014901161,9.536743e-7,0
2.9802322e-7,0.00028967857,0.0002772808,0.4326172,0.8173828,0.74072266,0.00055360794,8.34465e-7,0.0000017881393,0.062408447,0.042938232,0.28564453,0.31933594,0.03515625,0.14990234,0.15612793,0.04525757,0.06939697,0.062347412,0.26611328,0.11456299,0.03967285,0.033599854,0.0015611649,0.015419006,0.79785156,0.0036144257,0.00076913834,0.11230469,0.13708496,0.0024490356,0.004676819,0.02758789,0.00059986115,0.80029297,0.80371094,0.0051345825,0.016616821,0.015731812,0.00023257732,0.005332947,0.006778717,0.0007843971,0.0022335052,0.0028152466,0.003704071,0.0004479885,0.0056991577,0.003501892,0.00447464,0.000007033348,0.0000060796738,0
0.0000029206276,0.00015544891,0.000035464764,0.9238281,0.93408203,0.97314453,0.00049877167,0.0000019669533,0.00000166893,0.21057129,0.095581055,0.12365723,0.17895508,0.048797607,0.32226562,0.30859375,0.02444458,0.15588379,0.15917969,0.31762695,0.12286377,0.034576416,0.010345459,0.0017366409,0.011421204,0.6748047,0.02911377,0.008224487,0.12902832,0.08746338,0.002023697,0.0020980835,0.13330078,0.003074646,0.41308594,0.09765625,0.048675537,0.11798096,0.0031719208,0.00013840199,0.0037288666,0.024383545,0.000705719,0.0051078796,0.014221191,0.0135269165,0.014549255,0.016296387,0.0050582886,0.0009675026,0.0000066161156,0.0000013113022,0
1.1920929e-7,0.00041246414,0.00037670135,0.5258789,0.72998047,0.2286377,0.00015199184,4.172325e-7,1.7881393e-7,0.03640747,0.0075912476,0.13647461,0.13012695,0.17260742,0.062286377,0.056854248,0.16381836,0.07159424,0.07312012,0.22570801,0.027130127,0.029388428,0.04711914,0.00082445145,0.056915283,0.7080078,0.0012350082,0.00066518784,0.009719849,0.0033550262,0.0048561096,0.008155823,0.006515503,0.04550171,0.050201416,0.059509277,0.0019388199,0.028579712,0.00315094,9.536743e-7,0.0005865097,0.00041365623,0.00048089027,0.011238098,0.019897461,0.05126953,0.0062065125,0.12182617,0.00028204918,0.00048708916,0.0000035762787,9.536743e-7,0
7.1525574e-7,0.027618408,0.023712158,0.12805176,0.28955078,0.092041016,0.0012931824,0.000001847744,8.34465e-7,0.6225586,0.5986328,0.5439453,0.5214844,0.0056533813,0.5595703,0.5600586,0.005542755,0.01737976,0.023529053,0.30126953,0.4140625,0.000998497,0.0007405281,0.003408432,0.005367279,0.8510742,0.012107849,0.00029587746,0.28051758,0.5161133,0.013420105,0.02748108,0.109313965,0.00030469894,0.91259766,0.88378906,0.0044136047,0.019332886,0.016708374,0.00015604496,0.0021686554,0.0022029877,0.0006313324,0.013244629,0.13659668,0.22619629,0.0034828186,0.04559326,0.1270752,0.11907959,0.000009834766,0.000011146069,0
7.748604e-7,0.00038838387,0.00028324127,0.58447266,0.5722656,0.46289062,0.0012073517,0.0000010728836,0.0000019073486,0.3305664,0.28955078,0.39990234,0.3864746,0.078063965,0.08148193,0.0927124,0.09259033,0.043823242,0.04534912,0.38916016,0.3803711,0.004535675,0.0025539398,0.0034942627,0.033599854,0.8017578,0.0006766319,0.0015001297,0.099731445,0.12438965,0.042419434,0.06561279,0.0038433075,0.001581192,0.58251953,0.5698242,0.018707275,0.05618286,0.00072050095,0.000026106834,0.0067977905,0.018356323,0.00054883957,0.001206398,0.053955078,0.06866455,0.01576233,0.105773926,0.0027389526,0.004180908,0.000005543232,0.00000756979,0
0.000001013279,0.00008314848,0.000072956085,0.8671875,0.82177734,0.7348633,0.0002667904,5.9604645e-7,2.3841858e-7,0.43115234,0.25,0.1932373,0.17126465,0.13134766,0.10290527,0.08453369,0.10211182,0.07080078,0.08013916,0.66308594,0.63964844,0.0051879883,0.0023384094,0.00072431564,0.15307617,0.7915039,0.00014579296,0.28320312,0.0037822723,0.07397461,0.004085541,0.003704071,0.0028972626,0.0023784637,0.049468994,0.04510498,0.0029697418,0.08068848,0.0026893616,0.00024604797,0.0042915344,0.036895752,0.002861023,0.0043525696,0.0014190674,0.0021762848,0.007659912,0.013420105,0.0020561218,0.0043144226,7.1525574e-7,3.5762787e-7,0
4.7683716e-7,0.002565384,0.001077652,0.30029297,0.3708496,0.2565918,0.0012588501,5.9604645e-7,0.0000012516975,0.4248047,0.4248047,0.35083008,0.3461914,0.19421387,0.040100098,0.034118652,0.1850586,0.0446167,0.051818848,0.49365234,0.47973633,0.0027389526,0.0008792877,0.0049934387,0.2006836,0.77441406,0.00017082691,0.0009274483,0.070373535,0.08001709,0.0060157776,0.008682251,0.015548706,0.007080078,0.73291016,0.7392578,0.0049743652,0.020812988,0.00655365,0.000005722046,0.001461029,0.0036697388,0.00020217896,0.0020179749,0.2607422,0.390625,0.019714355,0.18481445,0.0069007874,0.011116028,0.000005185604,0.0000053048134,0
1.7881393e-7,0.00025081635,0.00018310547,0.75390625,0.6899414,0.28686523,0.0001887083,8.34465e-7,1.7881393e-7,0.16784668,0.17700195,0.0357666,0.052978516,0.27416992,0.02798462,0.027389526,0.25732422,0.29125977,0.18737793,0.48901367,0.07940674,0.008293152,0.003982544,0.00057315826,0.00045967102,0.8339844,0.16833496,0.0013446808,0.024749756,0.010108948,0.002040863,0.002664566,0.012313843,0.00013625622,0.0435791,0.15783691,0.002008438,0.0023670197,0.04559326,0.003238678,0.0034542084,0.0024738312,0.00013554096,0.0015621185,0.00038003922,0.00048661232,0.00082206726,0.0066566467,0.00000590086,0.000008404255,0.0000060796738,4.172325e-7,0
7.1525574e-7,0.0055618286,0.0025043488,0.25439453,0.35327148,0.28173828,0.00042390823,0.0000015497208,5.364418e-7,0.16320801,0.03555298,0.47631836,0.46704102,0.1315918,0.036071777,0.037994385,0.14074707,0.016677856,0.020309448,0.23547363,0.24328613,0.0065345764,0.022766113,0.00095653534,0.0046043396,0.7236328,0.0037651062,0.0008802414,0.24829102,0.2298584,0.00022041798,0.00041007996,0.23925781,0.001452446,0.24365234,0.19226074,0.003545761,0.012046814,0.08013916,0.00024938583,0.00069093704,0.00095033646,0.00063180923,0.026733398,0.0904541,0.17053223,0.0006837845,0.0049209595,0.08129883,0.13427734,0.0000027418137,0.000004827976,0
4.7683716e-7,0.00091695786,0.0016155243,0.1743164,0.86035156,0.44213867,0.00009572506,4.7683716e-7,3.5762787e-7,0.011489868,0.02168274,0.10168457,0.10644531,0.04373169,0.17871094,0.19921875,0.055755615,0.17236328,0.15600586,0.12445068,0.12646484,0.17053223,0.043670654,0.00034189224,0.010284424,0.64941406,0.013839722,0.0030536652,0.018432617,0.00712204,0.019607544,0.023742676,0.019805908,0.0003707409,0.24914551,0.109802246,0.0026340485,0.022155762,0.011390686,0.0001488924,0.011741638,0.018753052,0.004722595,0.0064849854,0.00002503395,0.000038206577,0.0020961761,0.0049362183,0.0012874603,0.0018644333,8.34465e-7,2.3841858e-7,0
0.00000333786,0.00092315674,0.0007033348,0.59521484,0.82373047,0.5019531,0.00042438507,0.000009953976,4.172325e-7,0.6196289,0.32763672,0.6791992,0.66308594,0.02923584,0.11352539,0.15515137,0.06585693,0.016433716,0.015007019,0.24621582,0.28051758,0.0030269623,0.0052757263,0.00037765503,0.0014371872,0.7758789,0.078063965,0.0018129349,0.14709473,0.27954102,0.0061302185,0.0068893433,0.19116211,0.00014901161,0.048034668,0.07501221,0.015182495,0.019454956,0.022354126,0.0026550293,0.011528015,0.0022335052,0.041381836,0.26000977,0.034301758,0.045043945,0.00044083595,0.0007557869,0.12207031,0.17944336,0.000001847744,0.000012040138,0
1.1920929e-7,0.00019454956,0.00024461746,0.5917969,0.73583984,0.35083008,0.00004351139,1.1920929e-7,2.9802322e-7,0.02470398,0.019683838,0.057922363,0.07312012,0.06088257,0.17883301,0.13684082,0.03237915,0.19848633,0.15539551,0.21044922,0.04119873,0.054779053,0.018753052,0.0002002716,0.0071105957,0.72265625,0.0042915344,0.003929138,0.0107421875,0.0014677048,0.0018091202,0.0050582886,0.0016775131,0.00080633163,0.00881958,0.014762878,0.0018806458,0.00983429,0.006549835,0.00017440319,0.001449585,0.003446579,0.00054597855,0.0005245209,0.00021016598,0.00045585632,0.00053453445,0.05807495,0.000012278557,0.000017762184,0.0000032782555,3.5762787e-7,0
9.536743e-7,0.0000860095,0.000026464462,0.78808594,0.93408203,0.68603516,0.000116586685,0.0000022649765,1.1920929e-7,0.2841797,0.22387695,0.49414062,0.5024414,0.34594727,0.0413208,0.034210205,0.32006836,0.03805542,0.018066406,0.35791016,0.40698242,0.03753662,0.0015573502,0.0012245178,0.027496338,0.44360352,0.006793976,0.004470825,0.007873535,0.0047950745,0.029647827,0.040130615,0.046325684,0.0012607574,0.1652832,0.09875488,0.002702713,0.03765869,0.0127334595,0.00004005432,0.013885498,0.012763977,0.0035972595,0.012763977,0.000105917454,0.00021767616,0.0027828217,0.019210815,0.0059547424,0.0041923523,0.0000014901161,4.172325e-7,0
0.0000022649765,0.0063667297,0.002658844,0.38891602,0.1361084,0.1194458,0.0006790161,4.7683716e-7,5.9604645e-7,0.3984375,0.24328613,0.38085938,0.34204102,0.109069824,0.05545044,0.05657959,0.10595703,0.033691406,0.036987305,0.56689453,0.55078125,0.0016469955,0.0023155212,0.0008292198,0.03894043,0.7319336,0.00024676323,0.020187378,0.076660156,0.04711914,0.00022685528,0.00024271011,0.0034217834,0.006038666,0.022979736,0.040008545,0.048095703,0.08270264,0.0014867783,0.000027000904,0.0047836304,0.04937744,0.0011348724,0.0007996559,0.6713867,0.6977539,0.002986908,0.010467529,0.0057792664,0.0056152344,4.172325e-7,0.000003874302,0
0.000002026558,0.002319336,0.0017375946,0.3708496,0.5415039,0.2685547,0.0010356903,0.0000019669533,0.0000011324883,0.43408203,0.43164062,0.40356445,0.3815918,0.006023407,0.44311523,0.43945312,0.013389587,0.042938232,0.04660034,0.33398438,0.59033203,0.0026073456,0.0010213852,0.0023956299,0.0050086975,0.7495117,0.008491516,0.0013446808,0.044067383,0.10308838,0.11364746,0.14575195,0.0073890686,0.00022518635,0.3239746,0.48754883,0.014335632,0.03604126,0.0006299019,0.00014197826,0.003873825,0.0070495605,0.00111866,0.0048675537,0.07531738,0.08880615,0.016433716,0.055847168,0.010429382,0.012573242,0.000005841255,0.000013589859,0
1.7881393e-7,0.0011463165,0.0005402565,0.27246094,0.58935547,0.31274414,0.00004273653,1.1920929e-7,1.7881393e-7,0.040161133,0.013839722,0.063964844,0.081848145,0.05847168,0.11853027,0.11541748,0.056610107,0.14233398,0.13793945,0.31420898,0.06756592,0.029678345,0.02609253,0.00012141466,0.22338867,0.60253906,0.00026106834,0.002368927,0.0035877228,0.00078344345,0.005332947,0.01007843,0.0019292831,0.0018596649,0.03289795,0.026947021,0.001121521,0.008903503,0.01612854,0.000033080578,0.004096985,0.010856628,0.0021648407,0.0013160706,0.00000846386,0.000010967255,0.0002169609,0.0033893585,0.000052034855,0.00006496906,0.000002861023,7.1525574e-7,0
0.0000029206276,0.0020961761,0.0012073517,0.4597168,0.49658203,0.19616699,0.00003618002,8.34465e-7,1.1920929e-7,0.70214844,0.44189453,0.61328125,0.6142578,0.02671814,0.117004395,0.16137695,0.05380249,0.011528015,0.010017395,0.41308594,0.37646484,0.0010690689,0.00096940994,0.000035107136,0.0010499954,0.087646484,0.0008020401,0.0390625,0.0016622543,0.0049934387,0.00015819073,0.00022602081,0.008979797,0.00097084045,0.0011844635,0.0005598068,0.0070114136,0.020126343,0.05444336,0.0033988953,0.032165527,0.028808594,0.06500244,0.14245605,0.0005354881,0.000910759,0.00011867285,0.0006079674,0.04232788,0.052368164,4.7683716e-7,8.34465e-7,0
0.0000013113022,0.00017750263,0.00018453598,0.8378906,0.921875,0.85302734,0.00073719025,0.000004172325,2.9802322e-7,0.59765625,0.5415039,0.6801758,0.67578125,0.11999512,0.12512207,0.120910645,0.13122559,0.030349731,0.020370483,0.33569336,0.31469727,0.014335632,0.00088977814,0.0026359558,0.005317688,0.8027344,0.080444336,0.0010356903,0.06903076,0.25561523,0.0023422241,0.0013847351,0.16491699,0.00027537346,0.69970703,0.3491211,0.018920898,0.03881836,0.008857727,0.0026187897,0.0010929108,0.0027046204,0.00075006485,0.033081055,0.032165527,0.056549072,0.012512207,0.016418457,0.119140625,0.08459473,0.000012993813,0.0000010728836,0
0.000002026558,0.004180908,0.001950264,0.34301758,0.47070312,0.20910645,0.000026106834,5.364418e-7,5.9604645e-8,0.7167969,0.47045898,0.6513672,0.66503906,0.025802612,0.09710693,0.18579102,0.06964111,0.01007843,0.008323669,0.4477539,0.39013672,0.00121212,0.0009660721,0.000025212765,0.0019130707,0.07684326,0.00040483475,0.05041504,0.0016441345,0.0041618347,0.000050246716,0.00007688999,0.012435913,0.0028648376,0.00081157684,0.00032138824,0.0029315948,0.010421753,0.19836426,0.0017461777,0.02180481,0.022109985,0.05734253,0.11907959,0.00022244453,0.00037026405,0.00005042553,0.00028800964,0.031982422,0.03967285,3.5762787e-7,5.9604645e-7,0
4.7683716e-7,0.000834465,0.0005245209,0.47338867,0.6201172,0.6044922,0.0000987649,2.3841858e-7,6.556511e-7,0.07910156,0.018600464,0.02986145,0.026229858,0.0043754578,0.5888672,0.5913086,0.005130768,0.30200195,0.3334961,0.26342773,0.13415527,0.012886047,0.021255493,0.0003039837,0.109069824,0.6723633,0.00014126301,0.008560181,0.002872467,0.013969421,0.0035476685,0.0070533752,0.0030899048,0.00019443035,0.021408081,0.02394104,0.00223732,0.032073975,0.0056495667,0.0005660057,0.0020523071,0.004676819,0.0009112358,0.00044679642,0.00036478043,0.0008583069,0.000854969,0.046966553,0.00011587143,0.00023663044,0.0000029206276,0.0000013709068,0
5.364418e-7,0.0020389557,0.0011119843,0.32299805,0.43017578,0.31713867,0.0002644062,7.1525574e-7,3.5762787e-7,0.091918945,0.15014648,0.05142212,0.12878418,0.41748047,0.031799316,0.015945435,0.32348633,0.21655273,0.09124756,0.6694336,0.17321777,0.016845703,0.0025253296,0.0012311935,0.005302429,0.08673096,0.0002039671,0.0043640137,0.00025773048,0.007358551,0.28808594,0.16577148,0.006122589,3.5762787e-7,0.07543945,0.08227539,0.0047950745,0.015151978,0.007293701,0.08319092,0.009422302,0.06390381,0.00026226044,0.00049495697,0.00005686283,0.00008112192,0.4140625,0.122924805,0.00036287308,0.00068569183,0.000004172325,0.0000012516975,0
2.3841858e-7,0.00025701523,0.00027680397,0.43554688,0.82714844,0.71777344,0.00041365623,0.0000010728836,0.0000019073486,0.048583984,0.03527832,0.33081055,0.35620117,0.036865234,0.14465332,0.14233398,0.04724121,0.0574646,0.04714966,0.18823242,0.07928467,0.046875,0.044921875,0.0011863708,0.00667572,0.8510742,0.008636475,0.0007534027,0.09832764,0.12805176,0.0017414093,0.0039711,0.052093506,0.0003399849,0.72558594,0.7402344,0.0030899048,0.014533997,0.030319214,0.0006928444,0.0062675476,0.006580353,0.0007209778,0.0032176971,0.002023697,0.0033226013,0.00021624565,0.0069999695,0.003162384,0.003993988,0.0000074505806,0.0000059604645,0
8.34465e-7,0.00026583672,0.0002501011,0.71191406,0.890625,0.78027344,0.00014746189,0.0000013709068,4.7683716e-7,0.030960083,0.02067566,0.08294678,0.13256836,0.14733887,0.14477539,0.09210205,0.109375,0.24365234,0.1628418,0.2626953,0.066833496,0.1817627,0.036834717,0.00041031837,0.03274536,0.6230469,0.007118225,0.004875183,0.004650116,0.00982666,0.075927734,0.058380127,0.07287598,0.00053834915,0.118774414,0.028015137,0.0016241074,0.010925293,0.03012085,0.00024020672,0.0058898926,0.0309906,0.0041160583,0.014305115,0.000032424927,0.00003129244,0.030563354,0.0064201355,0.004081726,0.0018701553,0.0000032782555,4.7683716e-7,0
0.0000029802322,0.0129776,0.0006427765,0.53808594,0.07244873,0.4128418,0.0010719299,0.0000039339066,7.748604e-7,0.06173706,0.072021484,0.06298828,0.07574463,0.027526855,0.3774414,0.39379883,0.029251099,0.20080566,0.20825195,0.123413086,0.24719238,0.056549072,0.014701843,0.003967285,0.016357422,0.68603516,0.0013160706,0.0073509216,0.00856781,0.28588867,0.18383789,0.22521973,0.012702942,0.00004464388,0.49951172,0.2709961,0.0022201538,0.018676758,0.0023708344,0.0078125,0.002708435,0.021987915,0.0011491776,0.0103302,0.018493652,0.023971558,0.28881836,0.52197266,0.0423584,0.16516113,0.000008165836,0.0000014901161,0
0.0000014901161,0.0009584427,0.0002465248,0.28637695,0.8925781,0.87841797,0.00018787384,0.000009298325,5.364418e-7,0.018569946,0.022476196,0.17382812,0.24951172,0.21838379,0.047973633,0.04827881,0.2331543,0.1060791,0.06573486,0.2824707,0.0137786865,0.22143555,0.064941406,0.0004222393,0.00014746189,0.77978516,0.24328613,0.0028190613,0.0016288757,0.031402588,0.35375977,0.2364502,0.047912598,0.0000295043,0.035858154,0.029647827,0.0033092499,0.01171875,0.030441284,0.012916565,0.005191803,0.00048804283,0.003358841,0.017440796,0.00072956085,0.0016794205,0.037322998,0.05633545,0.0006108284,0.0014820099,0.0000041127205,7.1525574e-7,0
3.5762787e-7,0.00070667267,0.0013513565,0.37231445,0.65185547,0.06976318,0.00007247925,5.9604645e-8,5.9604645e-8,0.25927734,0.37304688,0.10046387,0.31225586,0.08618164,0.6425781,0.16003418,0.0023784637,0.13134766,0.023925781,0.43725586,0.43920898,0.0047035217,0.0005373955,0.00022923946,0.001326561,0.51953125,0.022644043,0.018478394,0.029220581,0.02809143,0.000020325184,0.000020444393,0.005672455,0.0023670197,0.002254486,0.0034885406,0.007980347,0.05441284,0.009117126,0.00031733513,0.00077962875,0.0016183853,0.0006799698,0.0029010773,0.21362305,0.5522461,0.00035524368,0.009414673,0.000028133392,0.00009405613,5.9604645e-7,1.7881393e-7,0
0.0000017285347,0.000014543533,0.0000042915344,0.9863281,0.96728516,0.97509766,0.0003874302,0.0000017881393,0.000004172325,0.008506775,0.0095825195,0.36669922,0.5258789,0.026351929,0.56933594,0.46923828,0.0072250366,0.07757568,0.022628784,0.055908203,0.008094788,0.5151367,0.13098145,0.0031909943,0.0039520264,0.04034424,0.000259161,0.00077438354,0.05090332,0.0056648254,0.14099121,0.19836426,0.00843811,0.003982544,0.08685303,0.0914917,0.08148193,0.10205078,0.0014791489,0.00003516674,0.04156494,0.0791626,0.010131836,0.048553467,0.004749298,0.0034389496,0.03451538,0.21520996,0.2536621,0.05706787,0.000008404255,0.000001013279,0
3.5762787e-7,0.0013389587,0.0006594658,0.26757812,0.5410156,0.22106934,0.00003796816,2.9802322e-7,2.3841858e-7,0.030838013,0.0072250366,0.054504395,0.06500244,0.1850586,0.043060303,0.03704834,0.1739502,0.16516113,0.18835449,0.26538086,0.07397461,0.041290283,0.043395996,0.00014936924,0.08917236,0.44995117,0.00025439262,0.0024738312,0.003025055,0.0000577569,0.064819336,0.14697266,0.00116539,0.004180908,0.010108948,0.01335907,0.0027008057,0.0033493042,0.00894165,0.0000056624413,0.0057258606,0.008407593,0.0038070679,0.0034923553,0.000019967556,0.000012218952,0.002506256,0.026351929,0.0001693964,0.000093221664,0.0000029802322,0.0000011920929,0
1.1920929e-7,0.00010621548,0.00007456541,0.7504883,0.84521484,0.43798828,0.00043964386,0.0000010728836,1.7881393e-7,0.13647461,0.13903809,0.07122803,0.06890869,0.5151367,0.016021729,0.011146545,0.4885254,0.1928711,0.18408203,0.3046875,0.13317871,0.011299133,0.0042152405,0.003435135,0.005077362,0.75683594,0.020446777,0.00041913986,0.005001068,0.059020996,0.0049362183,0.006752014,0.02822876,0.0001090765,0.5888672,0.6386719,0.00054216385,0.014251709,0.013320923,0.0007095337,0.0003941059,0.0008788109,0.000087976456,0.0028095245,0.009048462,0.04071045,0.0025959015,0.14770508,0.00035834312,0.001332283,0.000012218952,0.0000015497208,0
0.000004887581,0.01499176,0.00016462803,0.64746094,0.07507324,0.46679688,0.0018882751,0.0000027418137,0.0000011920929,0.4284668,0.34350586,0.14257812,0.15112305,0.06774902,0.5283203,0.29467773,0.0087509155,0.10266113,0.13354492,0.4724121,0.4987793,0.004432678,0.0052604675,0.0046081543,0.06933594,0.8540039,0.00093078613,0.016204834,0.19152832,0.7192383,0.019165039,0.021011353,0.017471313,0.000081539154,0.6357422,0.57470703,0.012306213,0.06744385,0.0024299622,0.0074882507,0.005794525,0.026565552,0.0008893013,0.010284424,0.11694336,0.23486328,0.029678345,0.28051758,0.020431519,0.08135986,0.00000667572,0.0000013709068,0
0.0,0.006790161,0.12670898,0.07800293,0.30615234,0.0049591064,0.00020432472,5.9604645e-8,1.7881393e-7,0.050231934,0.21252441,0.001750946,0.27612305,0.15148926,0.040283203,0.07849121,0.24523926,0.79248047,0.10583496,0.609375,0.06573486,0.022399902,0.0028629303,0.0013227463,0.025909424,0.7661133,0.0022697449,0.0013141632,0.0010385513,0.059173584,0.0025138855,0.0020179749,0.0018730164,0.00012803078,0.19226074,0.27612305,0.00036287308,0.019226074,0.0025157928,0.0005378723,0.00032544136,0.0027942657,0.00005465746,0.00036549568,0.000644207,0.003326416,0.0019330978,0.032592773,0.000031530857,0.00024151802,0.0000061392784,5.9604645e-7,0
8.940697e-7,0.0046081543,0.0077438354,0.14001465,0.29956055,0.105651855,0.00095653534,0.000001847744,0.0000011324883,0.16589355,0.22790527,0.18725586,0.20178223,0.011764526,0.36157227,0.3618164,0.008811951,0.074279785,0.06695557,0.26000977,0.2607422,0.006362915,0.0045776367,0.0023174286,0.0068626404,0.7363281,0.0037994385,0.0013818741,0.030090332,0.052856445,0.024307251,0.025466919,0.045532227,0.0005903244,0.5136719,0.56689453,0.0050811768,0.0118255615,0.017608643,0.00006747246,0.0016746521,0.0015716553,0.00046348572,0.0076179504,0.5415039,0.6147461,0.04711914,0.06677246,0.019989014,0.035491943,0.000004887581,0.0000070929527,0
5.364418e-7,0.0014343262,0.0020217896,0.2290039,0.6015625,0.2355957,0.00083971024,0.0000017881393,8.940697e-7,0.20373535,0.32373047,0.16931152,0.1628418,0.021133423,0.34155273,0.32373047,0.011184692,0.1373291,0.16674805,0.63183594,0.76660156,0.0054016113,0.0019016266,0.002588272,0.0056152344,0.8330078,0.0021743774,0.00045323372,0.025375366,0.04953003,0.019317627,0.025650024,0.031799316,0.0008368492,0.6308594,0.63671875,0.0033874512,0.008743286,0.010215759,0.000056684017,0.0007443428,0.0017385483,0.00020682812,0.004928589,0.22546387,0.28027344,0.0770874,0.26245117,0.046203613,0.08807373,0.000006377697,0.000004172325,0
2.3841858e-7,0.0003244877,0.00009095669,0.7324219,0.6743164,0.6230469,0.0001129508,3.5762787e-7,2.9802322e-7,0.15600586,0.08428955,0.47998047,0.45507812,0.083984375,0.08654785,0.06512451,0.0770874,0.020904541,0.016204834,0.23083496,0.19494629,0.008575439,0.009376526,0.0005097389,0.013793945,0.8544922,0.0031375885,0.0046577454,0.56396484,0.6279297,0.0000051259995,0.000013053417,0.39648438,0.0037212372,0.042144775,0.032806396,0.001373291,0.010658264,0.3696289,0.00045084953,0.0017299652,0.0037231445,0.0003168583,0.0030593872,0.0014238358,0.004047394,0.000015318394,0.0006599426,0.00062322617,0.0014238358,0.0000013113022,5.9604645e-7,0
8.940697e-7,0.00046300888,0.00012099743,0.5263672,0.64404297,0.53515625,0.0000705719,4.172325e-7,2.3841858e-7,0.07537842,0.027297974,0.30322266,0.28125,0.050872803,0.08294678,0.07775879,0.044525146,0.025146484,0.022918701,0.30493164,0.14074707,0.010482788,0.015052795,0.000082850456,0.0028648376,0.6064453,0.0019044876,0.04663086,0.008155823,0.039398193,0.00004172325,0.00006824732,0.010948181,0.000813961,0.0037727356,0.0020771027,0.006164551,0.049621582,0.029159546,0.0022182465,0.0038547516,0.0057411194,0.0056610107,0.00592041,0.0010156631,0.0023498535,0.00018715858,0.0010986328,0.001420021,0.002105713,7.748604e-7,4.7683716e-7,0
0.0000026226044,0.00051498413,0.00079345703,0.3474121,0.5541992,0.35546875,0.00046753883,0.0000023841858,0.0000014305115,0.09234619,0.06964111,0.0385437,0.03717041,0.091796875,0.05795288,0.043640137,0.07501221,0.27124023,0.26220703,0.51708984,0.5678711,0.0075187683,0.010383606,0.0006737709,0.0013036728,0.73583984,0.0050735474,0.001868248,0.2680664,0.009918213,0.004310608,0.007701874,0.015701294,0.014526367,0.070007324,0.13964844,0.038330078,0.023208618,0.0018968582,0.000005841255,0.0017538071,0.0016059875,0.0017843246,0.0206604,0.062683105,0.046691895,0.009475708,0.0385437,0.08831787,0.036895752,0.0000035762787,0.00000500679,0
1.1920929e-7,0.00008660555,0.000063061714,0.70654297,0.8466797,0.5810547,0.0002104044,3.5762787e-7,1.7881393e-7,0.23669434,0.25024414,0.15820312,0.16711426,0.23034668,0.05987549,0.032958984,0.18347168,0.11401367,0.0826416,0.3881836,0.2565918,0.007949829,0.0015983582,0.0015077591,0.005428314,0.8173828,0.02418518,0.0007572174,0.017807007,0.016799927,0.0012893677,0.003414154,0.012786865,0.00031137466,0.3425293,0.37158203,0.0005545616,0.01209259,0.010803223,0.00026512146,0.00064468384,0.002500534,0.00009185076,0.00093507767,0.0008778572,0.003047943,0.00029921532,0.096069336,0.00006598234,0.00013399124,0.000009000301,0.000001013279,0
0.0000059604645,0.0027599335,0.00081539154,0.37182617,0.6513672,0.54785156,0.00058460236,0.000008761883,0.0000019073486,0.6435547,0.38378906,0.58154297,0.58447266,0.014640808,0.2644043,0.2626953,0.021057129,0.019592285,0.022537231,0.2775879,0.45458984,0.002298355,0.0033893585,0.0014429092,0.010429382,0.6274414,0.0028266907,0.0010910034,0.037872314,0.036834717,0.057434082,0.115234375,0.057006836,0.00009894371,0.18237305,0.27490234,0.027832031,0.042297363,0.0023899078,0.00085926056,0.0063934326,0.0037727356,0.0061569214,0.06124878,0.16955566,0.21472168,0.0048332214,0.09429932,0.23876953,0.23364258,0.000005841255,0.000033676624,0
1.7881393e-7,0.0005493164,0.0010175705,0.70996094,0.52197266,0.24255371,0.00006657839,2.9802322e-7,5.9604645e-7,0.008087158,0.002981186,0.013290405,0.011108398,0.006362915,0.6064453,0.60839844,0.0041160583,0.4765625,0.4411621,0.06048584,0.009223938,0.08538818,0.13977051,0.00031375885,0.010055542,0.9145508,0.006565094,0.0012960434,0.008476257,0.014137268,0.0027580261,0.0071487427,0.012565613,0.0009937286,0.049621582,0.0657959,0.0003786087,0.0102005005,0.036132812,0.0002808571,0.0011081696,0.0028800964,0.0003142357,0.0025539398,0.00012910366,0.0006747246,0.00017178059,0.121154785,0.000029623508,0.00012564659,0.000006020069,4.172325e-7,0
6.556511e-7,0.015296936,0.03277588,0.034454346,0.2397461,0.078125,0.0008382797,0.0000011324883,0.00000166893,0.2619629,0.3474121,0.2607422,0.25854492,0.0052986145,0.58447266,0.5722656,0.0029296875,0.05630493,0.056243896,0.36791992,0.40576172,0.0038642883,0.0019989014,0.0030536652,0.0033454895,0.7211914,0.004257202,0.00055122375,0.034423828,0.038269043,0.022445679,0.021743774,0.026733398,0.0013628006,0.5551758,0.7265625,0.0074157715,0.010047913,0.008224487,0.000017881393,0.0015554428,0.0021839142,0.00020623207,0.0038375854,0.5234375,0.5053711,0.14440918,0.17297363,0.031951904,0.034240723,0.0000042915344,0.0000046491623,0
0.0000019669533,0.000579834,0.0012102127,0.15429688,0.4794922,0.3708496,0.0006842613,0.0000013709068,0.0000011324883,0.37963867,0.5336914,0.34179688,0.37158203,0.0982666,0.06842041,0.053619385,0.071899414,0.040222168,0.029083252,0.64746094,0.5888672,0.001906395,0.0004646778,0.00064754486,0.005432129,0.7578125,0.0025997162,0.0015182495,0.13085938,0.009552002,0.068847656,0.0982666,0.0078125,0.015670776,0.062286377,0.16064453,0.024780273,0.016937256,0.0013494492,0.0000022649765,0.0041923523,0.0025424957,0.0020122528,0.020080566,0.036621094,0.024398804,0.017868042,0.04437256,0.009925842,0.005569458,0.000004172325,0.000006020069,0
1.1920929e-7,0.00042366982,0.00042152405,0.5600586,0.6269531,0.28320312,0.00003606081,1.1920929e-7,2.9802322e-7,0.027862549,0.0126571655,0.053833008,0.06756592,0.09472656,0.13830566,0.08850098,0.049835205,0.2154541,0.17077637,0.22302246,0.03326416,0.044799805,0.033996582,0.00012624264,0.003206253,0.82470703,0.019119263,0.0023002625,0.024032593,0.00086021423,0.001086235,0.00299263,0.002937317,0.0035152435,0.008613586,0.017684937,0.0009899139,0.0032043457,0.03515625,0.0000936389,0.002298355,0.0022735596,0.0006289482,0.0010242462,0.000056028366,0.0000923872,0.000182271,0.008682251,0.000009000301,0.000010430813,0.0000032186508,2.3841858e-7,0
5.9604645e-8,0.000151515,0.00010341406,0.578125,0.8208008,0.5629883,0.00024938583,2.9802322e-7,2.3841858e-7,0.1850586,0.15002441,0.120788574,0.12854004,0.22741699,0.059661865,0.033416748,0.18591309,0.13366699,0.109558105,0.37719727,0.19555664,0.009002686,0.0031661987,0.0016736984,0.005367279,0.8300781,0.023025513,0.00052690506,0.031097412,0.018234253,0.0007472038,0.0021381378,0.011352539,0.00031590462,0.4572754,0.48510742,0.0005302429,0.009529114,0.010231018,0.00026988983,0.0004887581,0.0022068024,0.00007086992,0.0011339188,0.0012798309,0.0043525696,0.00027394295,0.11956787,0.00011408329,0.00022220612,0.000011265278,0.0000011920929,0
0.0000024437904,0.0014533997,0.0029392242,0.20861816,0.41845703,0.19482422,0.00046801567,0.0000015497208,0.0000013113022,0.14929199,0.10461426,0.050598145,0.044952393,0.069885254,0.070617676,0.056915283,0.064208984,0.2220459,0.234375,0.5185547,0.64941406,0.004119873,0.0058135986,0.0006451607,0.0016593933,0.7373047,0.003643036,0.0018529892,0.2244873,0.009506226,0.0050849915,0.008636475,0.012428284,0.024658203,0.0657959,0.13061523,0.034240723,0.025756836,0.001115799,0.0000022053719,0.0017538071,0.0021419525,0.0014076233,0.018066406,0.084350586,0.06842041,0.013923645,0.045410156,0.06549072,0.033935547,0.0000023841858,0.000004827976,0
4.172325e-7,0.07098389,0.025314331,0.054107666,0.1171875,0.20922852,0.00050878525,0.0000013113022,2.3841858e-7,0.13391113,0.045043945,0.3400879,0.6225586,0.24206543,0.0063056946,0.12225342,0.6972656,0.031982422,0.0050315857,0.43969727,0.07476807,0.017929077,0.01701355,0.00049448013,0.056243896,0.56347656,0.00018191338,0.016784668,0.018234253,0.42163086,0.0016260147,0.0016374588,0.0090789795,0.000025212765,0.14892578,0.047729492,0.013763428,0.14672852,0.0011987686,0.022354126,0.006198883,0.024261475,0.0018892288,0.008346558,0.0040893555,0.006778717,0.029968262,0.004425049,0.034576416,0.055725098,0.0000015497208,0.0000013113022,0
5.9604645e-8,0.0015192032,0.12963867,0.090270996,0.6142578,0.001083374,0.00021398067,0.0,5.9604645e-8,0.19592285,0.42163086,0.06933594,0.62353516,0.7036133,0.7421875,0.006511688,0.0059318542,0.16845703,0.005970001,0.7402344,0.26635742,0.0107803345,0.00043678284,0.0014772415,0.0079574585,0.5917969,0.032714844,0.001947403,0.025527954,0.015167236,0.0014019012,0.0013360977,0.0011377335,0.017547607,0.08129883,0.08111572,0.0020122528,0.031234741,0.00028824806,0.000002026558,0.0005760193,0.004146576,0.00042366982,0.003616333,0.0102005005,0.033325195,0.0019273758,0.010055542,0.0005440712,0.0032978058,0.0000028014183,2.3841858e-7,0
7.1525574e-7,0.0005569458,0.000005364418,0.87646484,0.515625,0.7446289,0.00013077259,0.0000028014183,5.9604645e-8,0.8027344,0.57910156,0.5307617,0.51953125,0.46484375,0.014915466,0.009750366,0.46264648,0.011390686,0.010604858,0.36645508,0.37475586,0.0010023117,0.00029206276,0.000685215,0.11230469,0.6459961,0.0003771782,0.007171631,0.00022804737,0.040527344,0.07672119,0.08392334,0.030838013,0.0002901554,0.02029419,0.009277344,0.00042390823,0.03439331,0.08935547,0.00037503242,0.000957489,0.0008659363,0.0014066696,0.005130768,0.0011615753,0.0064888,0.0054016113,0.33618164,0.00010210276,0.0003156662,0.0000035762787,0.0000012516975,0
1.7881393e-7,0.002090454,0.0035266876,0.21203613,0.5722656,0.08099365,0.00014936924,4.172325e-7,5.9604645e-8,0.36938477,0.61279297,0.15979004,0.6020508,0.5708008,0.0074501038,0.008361816,0.5332031,0.1081543,0.0053100586,0.6899414,0.14990234,0.005378723,0.00014650822,0.00082063675,0.058502197,0.55566406,0.006122589,0.00097465515,0.0014657974,0.0032348633,0.06506348,0.101379395,0.004295349,0.003704071,0.07116699,0.07470703,0.00051546097,0.015396118,0.009353638,0.000007688999,0.0013532639,0.00086164474,0.0012540817,0.010398865,0.00045681,0.0016870499,0.0012989044,0.086364746,0.0000628829,0.00033211708,0.000010311604,0.0000022649765,0
7.1525574e-7,0.005744934,0.0026283264,0.24377441,0.35424805,0.27661133,0.00042152405,0.0000015497208,5.364418e-7,0.1619873,0.03567505,0.47583008,0.46679688,0.12915039,0.03668213,0.038513184,0.13830566,0.016708374,0.02027893,0.23608398,0.24609375,0.006565094,0.022628784,0.00094747543,0.004512787,0.7246094,0.0037879944,0.0008826256,0.25073242,0.22924805,0.0002155304,0.0004014969,0.23742676,0.0014791489,0.24169922,0.19104004,0.003583908,0.012107849,0.08026123,0.00024414062,0.00068950653,0.00094747543,0.0006322861,0.026641846,0.090270996,0.1694336,0.00067710876,0.004875183,0.082336426,0.13476562,0.0000027418137,0.000004827976,0
0.0000022053719,0.017059326,0.003753662,0.40966797,0.14465332,0.21252441,0.0016441345,0.000009000301,6.556511e-7,0.12109375,0.1026001,0.24365234,0.28222656,0.07733154,0.20666504,0.2055664,0.05178833,0.0680542,0.06549072,0.24414062,0.52441406,0.018096924,0.020309448,0.0064048767,0.01651001,0.61621094,0.00084257126,0.005176544,0.01939392,0.3503418,0.13256836,0.10498047,0.027450562,0.0001783371,0.58740234,0.53222656,0.0061531067,0.034851074,0.0033683777,0.0017471313,0.003074646,0.0044937134,0.0030517578,0.035888672,0.3010254,0.38989258,0.33935547,0.35424805,0.32617188,0.5917969,0.000002682209,0.0000017285347,0
5.9604645e-7,0.08288574,0.00007742643,0.82128906,0.009811401,0.6542969,0.00086069107,0.0000032782555,1.1920929e-7,0.14050293,0.058563232,0.7885742,0.7246094,0.10632324,0.3010254,0.13916016,0.02949524,0.005870819,0.010559082,0.19238281,0.5058594,0.023162842,0.044036865,0.000644207,0.016326904,0.9042969,0.00680542,0.0022087097,0.023345947,0.36938477,0.019073486,0.0060691833,0.0034217834,0.0002887249,0.5913086,0.45996094,0.008323669,0.033477783,0.0028820038,0.005596161,0.015640259,0.105651855,0.006893158,0.027130127,0.0004849434,0.00046277046,0.0209198,0.0010175705,0.088134766,0.21447754,0.0000023245811,3.5762787e-7,0
0.0000027418137,0.04788208,0.00024962425,0.64697266,0.005596161,0.5644531,0.00007891655,0.0000022053719,1.7881393e-7,0.45703125,0.02166748,0.6035156,0.07788086,0.0066947937,0.68066406,0.6665039,0.0020370483,0.0115737915,0.29223633,0.09118652,0.56152344,0.0014762878,0.04019165,0.00018191338,0.010421753,0.5126953,0.002653122,0.0103302,0.010482788,0.050689697,0.0019035339,0.0020427704,0.0040283203,0.0009484291,0.08093262,0.039733887,0.018310547,0.04498291,0.0051460266,0.00029110909,0.009437561,0.005756378,0.0058631897,0.0044937134,0.001578331,0.0023269653,0.0008907318,0.008171082,0.0040779114,0.006374359,9.536743e-7,2.9802322e-7,0
7.748604e-7,0.005355835,0.01020813,0.11273193,0.40673828,0.11816406,0.0014533997,8.940697e-7,7.1525574e-7,0.5053711,0.5649414,0.38061523,0.3618164,0.08947754,0.12408447,0.09197998,0.051971436,0.059020996,0.059020996,0.6508789,0.64697266,0.0024337769,0.0004901886,0.0030078888,0.019302368,0.80859375,0.001709938,0.0010986328,0.103515625,0.090270996,0.0036525726,0.0060272217,0.06890869,0.0023498535,0.64941406,0.7675781,0.0043411255,0.00793457,0.03302002,0.000019431114,0.0010147095,0.0015745163,0.00021255016,0.0024547577,0.5957031,0.66308594,0.007472992,0.05218506,0.03250122,0.03604126,0.0000042915344,0.0000064969063,0
5.364418e-7,0.00010329485,0.0001540184,0.7011719,0.82958984,0.76660156,0.001115799,9.536743e-7,0.0000019073486,0.6347656,0.5131836,0.47338867,0.44458008,0.036743164,0.24816895,0.23388672,0.013442993,0.03074646,0.035369873,0.33398438,0.46777344,0.0018081665,0.0007901192,0.004501343,0.005630493,0.6098633,0.005027771,0.00091934204,0.1517334,0.04727173,0.009628296,0.015525818,0.012138367,0.0061836243,0.82128906,0.8696289,0.024902344,0.019378662,0.0020008087,0.000008404255,0.003440857,0.009086609,0.00029063225,0.0013170242,0.07861328,0.05053711,0.013389587,0.033111572,0.019378662,0.009025574,0.000008761883,0.0000044107437,0
4.7683716e-7,0.0026798248,0.0010385513,0.3623047,0.33496094,0.22814941,0.0012207031,5.9604645e-7,0.0000010728836,0.34936523,0.39990234,0.28979492,0.30541992,0.13549805,0.053771973,0.050750732,0.1340332,0.053527832,0.059783936,0.44799805,0.45336914,0.0034122467,0.001039505,0.005126953,0.21008301,0.71191406,0.00016713142,0.0008611679,0.04989624,0.10913086,0.0077056885,0.010070801,0.011383057,0.0019626617,0.7861328,0.7705078,0.006298065,0.027709961,0.004283905,0.00001847744,0.0016307831,0.0039711,0.0002603531,0.0020828247,0.1772461,0.30639648,0.019760132,0.15930176,0.0060806274,0.012451172,0.0000062584877,0.0000051259995,0
0.000021874905,0.033172607,0.0028038025,0.26464844,0.47729492,0.5415039,0.00012552738,0.000013113022,0.000001847744,0.016906738,0.007888794,0.5161133,0.60253906,0.053375244,0.20947266,0.23022461,0.050079346,0.016021729,0.013587952,0.048217773,0.010185242,0.09863281,0.3251953,0.0010490417,0.00086021423,0.09039307,0.029937744,0.0020561218,0.1340332,0.29833984,0.00021636486,0.0005788803,0.53222656,0.0002593994,0.090148926,0.08898926,0.0049591064,0.04147339,0.29345703,0.032592773,0.029632568,0.007858276,0.051757812,0.4284668,0.034973145,0.16442871,0.000031650066,0.035736084,0.4675293,0.8208008,0.000004708767,0.0000014305115,0
7.1525574e-7,0.0056419373,0.011756897,0.12670898,0.3798828,0.111206055,0.0014877319,9.536743e-7,7.748604e-7,0.50878906,0.5678711,0.38916016,0.36450195,0.101379395,0.10571289,0.07562256,0.06451416,0.05731201,0.058258057,0.6303711,0.6274414,0.0023593903,0.0005092621,0.0031604767,0.019866943,0.80322266,0.0015277863,0.00083065033,0.08679199,0.091552734,0.004306793,0.0067634583,0.083740234,0.0025196075,0.69921875,0.80126953,0.0040664673,0.0077934265,0.038604736,0.000019848347,0.00092220306,0.0015115738,0.00020468235,0.0027332306,0.6225586,0.68847656,0.00945282,0.0519104,0.046203613,0.052368164,0.0000046491623,0.00000667572,0
0.0000010728836,0.03805542,0.047912598,0.033416748,0.11016846,0.04638672,0.00085783005,6.556511e-7,5.364418e-7,0.43408203,0.30517578,0.22644043,0.22949219,0.27124023,0.026489258,0.025604248,0.27319336,0.080444336,0.09991455,0.73583984,0.7324219,0.0018606186,0.0013933182,0.0011892319,0.16931152,0.8901367,0.000066161156,0.0034980774,0.021331787,0.032287598,0.001206398,0.0012807846,0.02822876,0.0019369125,0.095336914,0.1541748,0.0049324036,0.010749817,0.013900757,0.000054001808,0.00058317184,0.0034828186,0.00021576881,0.0017051697,0.70166016,0.75097656,0.008506775,0.054718018,0.023635864,0.024414062,0.0000011324883,0.0000073313713,0
8.34465e-7,0.0020008087,0.002708435,0.21716309,0.38061523,0.1619873,0.0001552105,7.1525574e-7,5.364418e-7,0.15441895,0.2142334,0.16064453,0.19055176,0.20996094,0.040405273,0.031188965,0.1920166,0.0736084,0.05090332,0.40649414,0.15136719,0.008361816,0.0013465881,0.0007901192,0.008605957,0.68652344,0.0018835068,0.00504303,0.0025596619,0.0056610107,0.07647705,0.10522461,0.0072631836,0.00006210804,0.010910034,0.026184082,0.004135132,0.0058174133,0.005508423,0.0007815361,0.0011758804,0.0036258698,0.000320673,0.00088357925,0.001329422,0.0015592575,0.052093506,0.39746094,0.00007009506,0.00014603138,0.0000062584877,0.0000022649765,0
5.364418e-7,0.0013685226,0.0008239746,0.18322754,0.8256836,0.52685547,0.00039815903,0.0000025629997,2.9802322e-7,0.059326172,0.09674072,0.060913086,0.14575195,0.40698242,0.03567505,0.020248413,0.31958008,0.3059082,0.15026855,0.484375,0.08685303,0.11090088,0.009635925,0.0008301735,0.0004441738,0.86279297,0.4033203,0.0013284683,0.037109375,0.057403564,0.007167816,0.0042648315,0.08703613,0.00006908178,0.29492188,0.15307617,0.015007019,0.037231445,0.014923096,0.0053100586,0.0034046173,0.0009899139,0.0005903244,0.012619019,0.0037784576,0.006340027,0.01977539,0.0067825317,0.0007133484,0.00044322014,0.0000037550926,4.172325e-7,0
0.000002026558,0.00010508299,0.00000500679,0.8886719,0.9448242,0.95947266,0.000341177,0.0000028014183,0.000001013279,0.12261963,0.1348877,0.28564453,0.36645508,0.63964844,0.017562866,0.009925842,0.60253906,0.042907715,0.050079346,0.19458008,0.23999023,0.029968262,0.023712158,0.0011034012,0.039794922,0.47924805,0.0061912537,0.024276733,0.021713257,0.06982422,0.00491333,0.0054740906,0.005832672,0.0009126663,0.08679199,0.12298584,0.008796692,0.038970947,0.0023384094,0.0007967949,0.0025348663,0.012008667,0.0017728806,0.021652222,0.0053482056,0.008453369,0.010345459,0.014854431,0.008758545,0.027801514,0.000009894371,0.0000012516975,0
0.0000011920929,0.00075244904,0.00014102459,0.37182617,0.9038086,0.89404297,0.00015795231,0.0000074505806,4.172325e-7,0.023101807,0.017730713,0.17138672,0.23828125,0.21728516,0.051483154,0.047821045,0.22424316,0.10040283,0.06591797,0.31103516,0.014060974,0.1887207,0.072631836,0.00043559074,0.00018918514,0.7446289,0.22839355,0.0032634735,0.0016736984,0.027893066,0.30004883,0.20727539,0.049682617,0.000049114227,0.042144775,0.028518677,0.0026130676,0.014450073,0.022827148,0.0048713684,0.003921509,0.0005993843,0.003107071,0.014503479,0.0005326271,0.0012664795,0.032104492,0.05026245,0.00068473816,0.0014953613,0.0000031590462,5.9604645e-7,0
4.172325e-7,0.0014848709,0.0007328987,0.7055664,0.3232422,0.24645996,0.000019848347,3.5762787e-7,2.9802322e-7,0.05038452,0.048736572,0.05569458,0.06640625,0.103271484,0.062805176,0.041625977,0.09887695,0.19299316,0.14916992,0.24230957,0.16955566,0.01852417,0.017288208,0.00007611513,0.024154663,0.6455078,0.00047636032,0.017944336,0.0063095093,0.0061798096,0.00029301643,0.0006504059,0.041534424,0.0008916855,0.001332283,0.0029506683,0.00018918514,0.0008158684,0.7944336,0.0011701584,0.006164551,0.008743286,0.0031051636,0.0013341904,0.000004827976,0.000008583069,0.000014364719,0.0017910004,0.000024557114,0.000018715858,0.000001013279,3.5762787e-7,0
1.7881393e-7,0.00026512146,0.0002732277,0.61621094,0.8183594,0.8378906,0.00003296137,2.3841858e-7,5.364418e-7,0.017242432,0.0552063,0.06060791,0.3010254,0.46313477,0.0066223145,0.019470215,0.6201172,0.19714355,0.031707764,0.28759766,0.049743652,0.20959473,0.011192322,0.00039982796,0.0003876686,0.00032305717,0.00020682812,0.0000150203705,0.018585205,0.0040016174,0.0041542053,0.0016031265,0.011886597,0.0006451607,0.009902954,0.04660034,0.034851074,0.010238647,0.24304199,0.0018234253,0.0044670105,0.0012969971,0.00995636,0.04888916,0.00045132637,0.00019288063,0.08355713,0.0010061264,0.0078086853,0.0046653748,0.0000121593475,5.9604645e-8,0
0.000002026558,0.00005298853,0.000009894371,0.9033203,0.96777344,0.95654297,0.0003950596,0.000003516674,0.0000010728836,0.09643555,0.15698242,0.31201172,0.38061523,0.67041016,0.01272583,0.011100769,0.63378906,0.044158936,0.048095703,0.21472168,0.30004883,0.036468506,0.020446777,0.0012178421,0.034210205,0.4951172,0.0060195923,0.027923584,0.016784668,0.0970459,0.008964539,0.009651184,0.004760742,0.0005888939,0.07897949,0.10107422,0.010765076,0.058624268,0.0012426376,0.0012083054,0.0026359558,0.01448822,0.001909256,0.019210815,0.008300781,0.015266418,0.017120361,0.023757935,0.0065345764,0.021560669,0.000009596348,0.0000017881393,0
3.5762787e-7,0.0000039339066,0.0000019073486,0.98046875,0.9863281,0.98339844,0.00030732155,0.0000023841858,8.34465e-7,0.035461426,0.02519226,0.36279297,0.4333496,0.79345703,0.0026226044,0.003643036,0.7841797,0.050598145,0.021865845,0.23791504,0.048950195,0.088256836,0.04107666,0.00076913834,0.27172852,0.57421875,0.00014448166,0.0047950745,0.0068855286,0.0035552979,0.054260254,0.07196045,0.007041931,0.005821228,0.036621094,0.046203613,0.008796692,0.043884277,0.0032596588,0.000011980534,0.00749588,0.0038452148,0.0029907227,0.0029258728,0.0021591187,0.001953125,0.007381439,0.01914978,0.0008716583,0.0006017685,0.0000024437904,0.000003695488,0
0.00000166893,0.0056991577,0.009765625,0.1126709,0.2631836,0.082092285,0.0010004044,0.0000024437904,8.34465e-7,0.20678711,0.23132324,0.23291016,0.23840332,0.011245728,0.3371582,0.3305664,0.010566711,0.05532837,0.04650879,0.24084473,0.23535156,0.005104065,0.0040740967,0.0016908646,0.0017051697,0.6777344,0.013641357,0.002664566,0.017105103,0.040802002,0.02835083,0.025161743,0.036193848,0.00039196014,0.38989258,0.43066406,0.0071907043,0.016204834,0.011703491,0.00011485815,0.002943039,0.0027313232,0.001036644,0.010559082,0.63916016,0.70703125,0.04360962,0.031433105,0.02999878,0.058380127,0.000002861023,0.000007688999,0
2.3841858e-7,0.0046157837,0.011398315,0.039154053,0.61816406,0.032104492,0.00023794174,2.3841858e-7,5.9604645e-8,0.47729492,0.7163086,0.3359375,0.68115234,0.57128906,0.013999939,0.0077781677,0.41333008,0.047302246,0.0025997162,0.7260742,0.20397949,0.002954483,0.00006777048,0.0006971359,0.009536743,0.7216797,0.016830444,0.00090026855,0.003627777,0.0047569275,0.0075569153,0.010139465,0.004196167,0.0020008087,0.021820068,0.05810547,0.0013198853,0.009605408,0.0049819946,0.000035583973,0.00070667267,0.0005455017,0.00031399727,0.010292053,0.00819397,0.026504517,0.0042762756,0.14538574,0.000066936016,0.00030255318,0.000007987022,0.0000013709068,0
0.0000019073486,0.0006299019,0.0000035762787,0.6972656,0.5776367,0.94433594,0.00039982796,7.1525574e-7,5.9604645e-7,0.21679688,0.10803223,0.36376953,0.35888672,0.06842041,0.08013916,0.09265137,0.07489014,0.02470398,0.025115967,0.41259766,0.328125,0.0028953552,0.008392334,0.00035715103,0.004890442,0.6904297,0.0013093948,0.029129028,0.15637207,0.01889038,0.00002515316,0.00003749132,0.011520386,0.18273926,0.008659363,0.008995056,0.032684326,0.03036499,0.011695862,0.0000044703484,0.0024471283,0.014053345,0.00070667267,0.0016899109,0.6489258,0.52441406,0.0013856888,0.0072021484,0.004085541,0.0015802383,7.748604e-7,0.0000017285347,0
2.9802322e-7,0.00038957596,0.00093460083,0.39819336,0.85302734,0.5551758,0.0019426346,0.0000032782555,0.0000011324883,0.077697754,0.12042236,0.18249512,0.15197754,0.029663086,0.1772461,0.19335938,0.036895752,0.12719727,0.1550293,0.2878418,0.60009766,0.014328003,0.014770508,0.0046691895,0.0014944077,0.77783203,0.03225708,0.00019669533,0.043182373,0.10455322,0.010360718,0.010139465,0.066223145,0.00042295456,0.94384766,0.95654297,0.004245758,0.008308411,0.015304565,0.0001335144,0.00065135956,0.001821518,0.00022351742,0.006286621,0.32592773,0.38891602,0.036621094,0.031311035,0.13098145,0.18200684,0.000009000301,0.000007212162,0
3.5762787e-7,0.003129959,0.0036067963,0.35888672,0.38500977,0.15405273,0.00068330765,4.7683716e-7,3.5762787e-7,0.5703125,0.48706055,0.47705078,0.45922852,0.03930664,0.20898438,0.18713379,0.027053833,0.026550293,0.029541016,0.64160156,0.59814453,0.0010175705,0.00067186356,0.0009636879,0.012046814,0.90722656,0.006454468,0.0008068085,0.2331543,0.45825195,0.00028657913,0.0004684925,0.021347046,0.0013504028,0.5571289,0.55566406,0.0051002502,0.020065308,0.00856781,0.0001667738,0.0032444,0.012771606,0.00055217743,0.0058937073,0.0052757263,0.0087509155,0.00025963783,0.0022335052,0.008331299,0.011543274,0.000003695488,0.0000022053719,0
7.748604e-7,0.0004041195,0.00041604042,0.5234375,0.5722656,0.43237305,0.0005159378,0.000001013279,0.0000024437904,0.4104004,0.51708984,0.34765625,0.36865234,0.04119873,0.11010742,0.117004395,0.048309326,0.043518066,0.032043457,0.4560547,0.39575195,0.0034542084,0.00047945976,0.0039253235,0.03326416,0.41992188,0.00026750565,0.0025043488,0.008338928,0.008857727,0.062316895,0.07556152,0.0032539368,0.0010995865,0.4321289,0.39282227,0.018371582,0.02279663,0.00086021423,0.000018954277,0.0058135986,0.022918701,0.00034737587,0.0005745888,0.013000488,0.008369446,0.36010742,0.53515625,0.0036582947,0.0032806396,0.000006914139,0.0000035762787,0
4.172325e-7,0.00065755844,0.0004887581,0.49121094,0.6621094,0.5991211,0.00010251999,2.9802322e-7,5.364418e-7,0.068115234,0.017654419,0.025894165,0.020446777,0.00573349,0.55322266,0.56103516,0.0054779053,0.34545898,0.38232422,0.26757812,0.1619873,0.014091492,0.02267456,0.00037240982,0.14978027,0.67089844,0.00009274483,0.007843018,0.0017738342,0.02670288,0.0053749084,0.009414673,0.004486084,0.00023198128,0.029266357,0.023605347,0.0014762878,0.048339844,0.0057258606,0.0003941059,0.0013685226,0.0030441284,0.0007581711,0.0005660057,0.00069999695,0.0023269653,0.0013389587,0.06500244,0.00015044212,0.00043034554,0.000002861023,0.0000014901161,0
5.364418e-7,0.000057935715,0.000059366226,0.8544922,0.8808594,0.83251953,0.0012645721,0.0000023245811,0.0000046491623,0.019851685,0.020309448,0.24328613,0.27734375,0.01826477,0.32617188,0.32617188,0.01222229,0.0637207,0.053588867,0.18664551,0.09576416,0.08178711,0.058258057,0.0028572083,0.0053367615,0.87158203,0.0036640167,0.00058174133,0.053863525,0.032165527,0.052459717,0.07434082,0.025939941,0.0038032532,0.6972656,0.70458984,0.009292603,0.010536194,0.00642395,0.000030636787,0.001490593,0.0046195984,0.00020766258,0.0062408447,0.078063965,0.07836914,0.052001953,0.13195801,0.018157959,0.01965332,0.000015735626,0.0000075101852,0
4.172325e-7,0.000030219555,0.000045120716,0.77978516,0.98876953,0.9116211,0.00026774406,7.748604e-7,3.5762787e-7,0.057525635,0.3371582,0.1628418,0.7133789,0.2685547,0.19506836,0.029754639,0.04498291,0.24353027,0.010536194,0.48779297,0.19006348,0.12634277,0.0019130707,0.00064468384,0.001162529,0.81689453,0.06500244,0.008453369,0.018981934,0.18457031,0.002090454,0.0012159348,0.043945312,0.000056684017,0.09259033,0.030395508,0.010009766,0.1763916,0.0024967194,0.0059165955,0.0024814606,0.004306793,0.00055885315,0.0055160522,0.026321411,0.09637451,0.013969421,0.09265137,0.0019445419,0.0013618469,0.000001847744,6.556511e-7,0
0.0000016093254,0.0000654459,0.000015676022,0.86035156,0.83154297,0.8208008,0.0005021095,4.7683716e-7,5.9604645e-7,0.09484863,0.16455078,0.20117188,0.23828125,0.026794434,0.11767578,0.13964844,0.047424316,0.048217773,0.030303955,0.46777344,0.30859375,0.006374359,0.0042533875,0.00046014786,0.0006685257,0.60498047,0.00894928,0.029083252,0.40185547,0.03881836,0.000011205673,0.000014603138,0.005241394,0.017150879,0.009719849,0.012275696,0.1081543,0.045928955,0.003709793,0.0000436306,0.0019340515,0.022247314,0.00081825256,0.0016288757,0.31152344,0.17602539,0.0020275116,0.002439499,0.0042648315,0.0017490387,0.0000010728836,8.940697e-7,0
0.0000030398369,0.00029110909,0.0010585785,0.57421875,0.85302734,0.4453125,0.0025100708,0.00000333786,0.000001013279,0.097839355,0.074035645,0.046447754,0.058135986,0.75927734,0.00969696,0.008865356,0.73291016,0.33935547,0.3330078,0.46875,0.2902832,0.04525757,0.018997192,0.003332138,0.010818481,0.38452148,0.00053834915,0.01348114,0.011634827,0.12237549,0.015960693,0.019439697,0.0020942688,0.00028061867,0.1352539,0.15905762,0.0068511963,0.016403198,0.00065755844,0.0011854172,0.004196167,0.026473999,0.0008678436,0.0154953,0.080566406,0.08306885,0.21105957,0.5253906,0.11669922,0.12890625,0.000004708767,0.0000021457672,0
0.0000026226044,0.000037372112,0.00000756979,0.97314453,0.97802734,0.9863281,0.0008096695,0.000003993511,0.0000046491623,0.18701172,0.055389404,0.16149902,0.18688965,0.0602417,0.27563477,0.24829102,0.034576416,0.14990234,0.15368652,0.2220459,0.0703125,0.060180664,0.018325806,0.0034770966,0.015686035,0.6635742,0.014556885,0.0077209473,0.08178711,0.06939697,0.028671265,0.025024414,0.08831787,0.0010623932,0.61279297,0.16906738,0.02482605,0.06933594,0.0014305115,0.00022912025,0.002325058,0.014533997,0.0006542206,0.008857727,0.061157227,0.06921387,0.3400879,0.16894531,0.016342163,0.006958008,0.000012636185,0.0000021457672,0
2.3841858e-7,0.00067043304,0.0010643005,0.6430664,0.5102539,0.24035645,0.000050842762,2.3841858e-7,5.364418e-7,0.008430481,0.0039749146,0.011436462,0.010955811,0.006008148,0.6015625,0.6098633,0.004184723,0.4741211,0.43701172,0.06689453,0.009727478,0.08227539,0.09246826,0.00026464462,0.025726318,0.8535156,0.0032520294,0.0017137527,0.0064582825,0.0054016113,0.0038433075,0.009346008,0.012435913,0.001616478,0.02758789,0.04373169,0.00038719177,0.006801605,0.0463562,0.00012862682,0.0010738373,0.0031967163,0.00043058395,0.0022792816,0.00006598234,0.0002539158,0.00017011166,0.074523926,0.000020384789,0.000057578087,0.000006198883,4.172325e-7,0
0.0000030994415,0.002084732,0.0030841827,0.22692871,0.50097656,0.28466797,0.00059080124,0.0000064969063,3.5762787e-7,0.1796875,0.19787598,0.12731934,0.16223145,0.09509277,0.05206299,0.052612305,0.09320068,0.15625,0.12298584,0.66015625,0.4831543,0.0071525574,0.0057792664,0.00045990944,0.00020325184,0.5620117,0.020492554,0.0013904572,0.11895752,0.064086914,0.00447464,0.00843811,0.14831543,0.000026643276,0.11590576,0.2130127,0.010467529,0.0104599,0.029724121,0.007827759,0.002948761,0.00066041946,0.0036125183,0.06085205,0.109558105,0.13000488,0.0018072128,0.0119018555,0.42260742,0.43774414,0.000002861023,0.000007927418,0
0.0000011920929,0.00013542175,0.000025868416,0.8798828,0.796875,0.89453125,0.00033688545,9.536743e-7,5.9604645e-7,0.18310547,0.113098145,0.24206543,0.24206543,0.40307617,0.03137207,0.026779175,0.35253906,0.07525635,0.070373535,0.47021484,0.29589844,0.031677246,0.012237549,0.0004274845,0.120788574,0.5546875,0.0013637543,0.0345459,0.0025959015,0.015113831,0.1340332,0.12756348,0.0013055801,0.0017194748,0.020828247,0.04208374,0.0019950867,0.01461792,0.0035171509,0.00008893013,0.012756348,0.12915039,0.006137848,0.0034866333,0.0000359416,0.000029027462,0.039611816,0.013259888,0.0007328987,0.0022888184,0.0000032782555,5.9604645e-7,0
0.000001013279,0.00010198355,0.000038325787,0.91064453,0.78808594,0.84375,0.0001591444,4.7683716e-7,5.364418e-7,0.14233398,0.06286621,0.11584473,0.09283447,0.40112305,0.04559326,0.016326904,0.30200195,0.15991211,0.17114258,0.4794922,0.30297852,0.05230713,0.015205383,0.00031924248,0.08483887,0.6035156,0.0024356842,0.044525146,0.0013856888,0.011253357,0.04348755,0.032470703,0.00233078,0.0022087097,0.013999939,0.018478394,0.0006837845,0.009841919,0.015022278,0.00014746189,0.008460999,0.16796875,0.0042266846,0.0025787354,0.000012993813,0.000013530254,0.019348145,0.0043945312,0.0001680851,0.0008673668,0.0000017881393,2.3841858e-7,0
4.7683716e-7,0.00045847893,0.00047302246,0.5732422,0.5683594,0.5258789,0.00004631281,5.364418e-7,5.9604645e-7,0.03552246,0.043945312,0.18896484,0.22473145,0.0033054352,0.6567383,0.66064453,0.0019416809,0.06262207,0.03048706,0.45166016,0.20983887,0.026062012,0.016098022,0.00009483099,0.0008535385,0.61865234,0.070739746,0.008682251,0.011764526,0.002166748,0.0009417534,0.0015525818,0.014526367,0.0008096695,0.005012512,0.008476257,0.0015258789,0.00046873093,0.33691406,0.0005979538,0.0039100647,0.010940552,0.0017662048,0.0011053085,0.000010073185,0.0000054240227,0.00013554096,0.0009069443,0.00006479025,0.00002002716,0.000003993511,7.748604e-7,0
0.0000044107437,0.0023422241,0.0016546249,0.60791016,0.3125,0.2208252,0.0010385513,0.00000166893,6.556511e-7,0.42333984,0.14221191,0.13647461,0.1361084,0.38305664,0.031402588,0.026672363,0.35205078,0.10620117,0.117492676,0.5727539,0.6376953,0.0032615662,0.0044784546,0.0029678345,0.08178711,0.6616211,0.000089883804,0.08465576,0.092041016,0.2890625,0.001364708,0.0013313293,0.004787445,0.00050115585,0.06964111,0.0793457,0.029541016,0.12988281,0.00038003922,0.00062417984,0.0069465637,0.04550171,0.0020694733,0.0036258698,0.55078125,0.5732422,0.039489746,0.21948242,0.036315918,0.043884277,5.364418e-7,0.0000015497208,0
0.0000010728836,0.008979797,0.0035705566,0.4580078,0.14489746,0.11669922,0.000018298626,4.172325e-7,2.3841858e-7,0.06762695,0.057525635,0.023132324,0.02670288,0.075683594,0.07147217,0.05218506,0.07220459,0.3256836,0.28833008,0.28442383,0.24304199,0.009963989,0.010772705,0.000072062016,0.021408081,0.48364258,0.00040745735,0.04321289,0.008956909,0.0015573502,0.0004901886,0.00093507767,0.033111572,0.0015125275,0.0011701584,0.0037174225,0.0007109642,0.0005931854,0.7841797,0.0005030632,0.010009766,0.013046265,0.007637024,0.0019226074,0.0000041127205,0.00000333786,0.000029027462,0.00075769424,0.00004094839,0.00001758337,7.748604e-7,4.172325e-7,0
1.1920929e-7,0.00007599592,0.000032424927,0.7290039,0.72216797,0.63378906,0.00004386902,2.3841858e-7,1.7881393e-7,0.24890137,0.20202637,0.33447266,0.3425293,0.10595703,0.09320068,0.06317139,0.061431885,0.045532227,0.02746582,0.49316406,0.38916016,0.0050239563,0.0031280518,0.00014257431,0.064208984,0.62060547,0.0009188652,0.012191772,0.004085541,0.011238098,0.00029540062,0.00034689903,0.0075569153,0.0018634796,0.009811401,0.009849548,0.0014190674,0.006996155,0.13623047,0.00030064583,0.0074386597,0.020721436,0.0014724731,0.00034475327,0.000014126301,0.0000121593475,0.00014698505,0.00035715103,0.000009894371,0.000010430813,0.0000014901161,2.3841858e-7,0
6.556511e-7,0.00012564659,0.0005569458,0.8774414,0.73339844,0.4033203,0.0010643005,0.0000023841858,8.34465e-7,0.009529114,0.06817627,0.11199951,0.20727539,0.11254883,0.21618652,0.11224365,0.05432129,0.28393555,0.15588379,0.074157715,0.042999268,0.41625977,0.024307251,0.0025730133,0.00043344498,0.9355469,0.3461914,0.0012979507,0.043029785,0.24084473,0.0008378029,0.00034880638,0.0657959,0.00016224384,0.79003906,0.4963379,0.024398804,0.037719727,0.0034828186,0.009536743,0.00093889236,0.0017576218,0.00033140182,0.022842407,0.3918457,0.6010742,0.03591919,0.012016296,0.04058838,0.122680664,0.0000059604645,4.7683716e-7,0
5.9604645e-8,0.00021874905,0.000050842762,0.7026367,0.78515625,0.7993164,0.00011616945,2.3841858e-7,2.3841858e-7,0.08746338,0.06149292,0.27368164,0.3474121,0.49780273,0.0072517395,0.017913818,0.5083008,0.04650879,0.029174805,0.4885254,0.24841309,0.021575928,0.011482239,0.0003259182,0.8876953,0.48657227,0.00000333786,0.006462097,0.001461029,0.0010566711,0.0074920654,0.006641388,0.0065460205,0.0031814575,0.04751587,0.051513672,0.002155304,0.00655365,0.043304443,0.000019848347,0.0069465637,0.032714844,0.0007209778,0.00024223328,0.000012993813,0.000006198883,0.0055389404,0.0022029877,0.0001642704,0.00007945299,0.0000014901161,0.0000010728836,0
5.364418e-7,0.00048542023,0.00037574768,0.5961914,0.6118164,0.6035156,0.000055849552,5.364418e-7,5.364418e-7,0.042419434,0.055358887,0.19824219,0.2388916,0.002664566,0.65283203,0.6542969,0.002325058,0.0546875,0.026779175,0.42504883,0.19763184,0.021438599,0.012298584,0.00009018183,0.0007042885,0.58740234,0.0519104,0.008544922,0.0056152344,0.0011768341,0.0037899017,0.0055274963,0.0053215027,0.0009975433,0.0044174194,0.0069465637,0.0025291443,0.0007405281,0.15148926,0.00030732155,0.004989624,0.0104522705,0.0027313232,0.0011911392,0.000013113022,0.0000062584877,0.00040578842,0.0015010834,0.00007349253,0.000021159649,0.000003874302,8.940697e-7,0
0.00000166893,0.00023698807,0.00006610155,0.8925781,0.86035156,0.95410156,0.003025055,0.0000022053719,0.0000023841858,0.12261963,0.16503906,0.17907715,0.16015625,0.026687622,0.4284668,0.45263672,0.032714844,0.08074951,0.11773682,0.32861328,0.36376953,0.041259766,0.013877869,0.010070801,0.09136963,0.5961914,0.00044178963,0.0029850006,0.18469238,0.078186035,0.011444092,0.011978149,0.011314392,0.00094509125,0.6904297,0.65625,0.10827637,0.04537964,0.0017566681,0.0014619827,0.0022830963,0.011360168,0.0023212433,0.0043258667,0.37329102,0.25732422,0.38012695,0.25561523,0.13757324,0.16784668,0.000021576881,0.0000016093254,0
9.536743e-7,0.0017309189,0.001707077,0.24536133,0.40966797,0.1850586,0.00062704086,3.5762787e-7,0.0000014305115,0.51904297,0.5239258,0.43237305,0.42626953,0.11425781,0.09490967,0.062164307,0.064208984,0.030059814,0.029907227,0.5341797,0.65966797,0.0014791489,0.00033855438,0.0023593903,0.09509277,0.64697266,0.00013017654,0.0042304993,0.02709961,0.051452637,0.0040397644,0.0043296814,0.002407074,0.0027217865,0.1932373,0.22961426,0.026504517,0.11126709,0.00045132637,0.000014364719,0.00333786,0.016418457,0.0004618168,0.0006995201,0.14648438,0.19592285,0.042663574,0.19250488,0.0028209686,0.0057640076,0.0000022053719,0.000002861023,0
8.940697e-7,0.000415802,0.000106334686,0.5517578,0.65234375,0.57177734,0.00007325411,4.172325e-7,2.9802322e-7,0.06994629,0.02218628,0.29467773,0.27148438,0.06744385,0.061584473,0.05911255,0.06036377,0.02583313,0.024261475,0.28759766,0.12585449,0.011260986,0.018218994,0.00008016825,0.0030727386,0.60498047,0.001871109,0.043121338,0.009635925,0.036590576,0.000036478043,0.00006133318,0.011489868,0.00096178055,0.0037345886,0.0021362305,0.0070648193,0.048980713,0.029510498,0.0019683838,0.0040016174,0.0060424805,0.0057907104,0.006095886,0.0010213852,0.0022087097,0.00017857552,0.0010080338,0.0015268326,0.0020713806,7.748604e-7,4.7683716e-7,0
7.1525574e-7,0.0010652542,0.0009946823,0.4272461,0.4880371,0.37451172,0.00018036366,5.9604645e-7,0.0000013113022,0.08685303,0.078430176,0.13146973,0.16223145,0.011077881,0.41845703,0.4567871,0.004524231,0.09692383,0.08673096,0.39135742,0.22180176,0.01586914,0.008369446,0.0009493828,0.016143799,0.6772461,0.00030255318,0.0035381317,0.012069702,0.0028591156,0.027389526,0.03970337,0.0059432983,0.00062179565,0.04611206,0.0914917,0.015686035,0.0059661865,0.0012187958,0.000052392483,0.0010881424,0.0038909912,0.00032758713,0.0009160042,0.010673523,0.0064315796,0.04055786,0.095336914,0.006248474,0.0045547485,0.00000500679,0.0000029802322,0
1.7881393e-7,0.001127243,0.0005326271,0.27514648,0.5908203,0.31396484,0.000042557716,1.1920929e-7,1.7881393e-7,0.039886475,0.013793945,0.064331055,0.082214355,0.058654785,0.1182251,0.11468506,0.05670166,0.14147949,0.13720703,0.31201172,0.06719971,0.029846191,0.02607727,0.00012218952,0.22265625,0.6020508,0.00026082993,0.0023555756,0.0035076141,0.0007944107,0.0054130554,0.0101623535,0.001964569,0.0018777847,0.033050537,0.026916504,0.0011253357,0.009094238,0.01600647,0.000032663345,0.0040664673,0.01071167,0.002166748,0.0013427734,0.0000086426735,0.0000113248825,0.00022137165,0.003419876,0.00005275011,0.00006651878,0.000002861023,7.1525574e-7,0
0.000006556511,0.00030374527,0.0002939701,0.8208008,0.7373047,0.40234375,0.0020961761,0.000007927418,0.00000166893,0.06021118,0.013847351,0.13464355,0.12805176,0.25219727,0.07366943,0.07220459,0.23254395,0.12670898,0.1640625,0.25610352,0.15014648,0.06970215,0.06161499,0.0010108948,0.07879639,0.8198242,0.0004246235,0.010643005,0.07098389,0.10559082,0.009033203,0.015731812,0.044189453,0.004798889,0.052459717,0.083862305,0.0036315918,0.011940002,0.013420105,0.0002065897,0.0015850067,0.0030975342,0.0036144257,0.15734863,0.51171875,0.6201172,0.0052948,0.17736816,0.082092285,0.09667969,0.00000423193,0.000004529953,0
6.556511e-7,0.00020110607,0.00006598234,0.7988281,0.84228516,0.8310547,0.00020503998,0.0000017881393,2.9802322e-7,0.14440918,0.05908203,0.14611816,0.19726562,0.6699219,0.011383057,0.016494751,0.62158203,0.11621094,0.10632324,0.5058594,0.18151855,0.033477783,0.02482605,0.00028848648,0.024658203,0.37231445,0.0017433167,0.016830444,0.001584053,0.0070762634,0.047821045,0.036010742,0.00737381,0.00043416023,0.023376465,0.041931152,0.0022525787,0.0047187805,0.019439697,0.00060129166,0.00447464,0.014770508,0.003622055,0.009407043,0.00009286404,0.00007599592,0.09649658,0.0065727234,0.0048942566,0.011260986,0.000004708767,4.7683716e-7,0
0.0000011920929,0.00013291836,0.000039577484,0.93066406,0.9472656,0.9428711,0.00032377243,0.000011622906,8.940697e-7,0.044128418,0.041778564,0.5058594,0.57666016,0.16967773,0.14831543,0.06237793,0.123413086,0.048736572,0.019607544,0.20141602,0.039733887,0.1953125,0.041900635,0.0012969971,0.0068740845,0.5234375,0.018127441,0.0009889603,0.01007843,0.013153076,0.41577148,0.26293945,0.27392578,0.00034976006,0.2854004,0.1381836,0.0038814545,0.005332947,0.09350586,0.0005841255,0.00730896,0.005214691,0.0048942566,0.05368042,0.00034713745,0.00021445751,0.13562012,0.007987976,0.076293945,0.03857422,0.000010788441,0.0000012516975,0
9.536743e-7,0.027175903,0.03579712,0.038848877,0.24243164,0.097839355,0.0012750626,0.0000020861626,0.0000013709068,0.20666504,0.18310547,0.31347656,0.28295898,0.012969971,0.25634766,0.27490234,0.026321411,0.05596924,0.055114746,0.26611328,0.3400879,0.006706238,0.007419586,0.0029850006,0.0026855469,0.73779297,0.012771606,0.0004119873,0.03982544,0.04220581,0.019607544,0.025665283,0.087646484,0.00079631805,0.7519531,0.81152344,0.004245758,0.010536194,0.026626587,0.00004607439,0.0015201569,0.0022888184,0.00044751167,0.006664276,0.6640625,0.77197266,0.025177002,0.08129883,0.0826416,0.111206055,0.0000036358833,0.000011384487,0
0.0000011920929,0.075683594,0.1842041,0.021026611,0.11987305,0.005317688,0.00025749207,2.9802322e-7,1.7881393e-7,0.40234375,0.45703125,0.3100586,0.5644531,0.51904297,0.0715332,0.020141602,0.3022461,0.11578369,0.030853271,0.55908203,0.51464844,0.029205322,0.00077962875,0.0019989014,0.011436462,0.61572266,0.024169922,0.024154663,0.006095886,0.048797607,0.0033187866,0.0036010742,0.02168274,0.00031089783,0.2607422,0.063964844,0.001950264,0.19714355,0.0031089783,0.0005378723,0.0010328293,0.020507812,0.00079488754,0.0025920868,0.0014572144,0.009048462,0.002298355,0.057678223,0.0037059784,0.012374878,0.0000013113022,8.940697e-7,0
5.9604645e-8,0.00007146597,0.000043213367,0.7495117,0.86035156,0.6455078,0.0002219677,3.5762787e-7,1.7881393e-7,0.20812988,0.21862793,0.1159668,0.12988281,0.29467773,0.050476074,0.022018433,0.23156738,0.15161133,0.10345459,0.4074707,0.22143555,0.009361267,0.0020198822,0.0015745163,0.007232666,0.82470703,0.018676758,0.0006017685,0.013847351,0.01675415,0.0015411377,0.0040779114,0.011688232,0.00038266182,0.41625977,0.39941406,0.00036668777,0.011390686,0.01374054,0.0002092123,0.00058555603,0.0021438599,0.000098228455,0.0011739731,0.0006866455,0.0027942657,0.00026845932,0.11791992,0.000077962875,0.00018823147,0.000010550022,9.536743e-7,0
0.0000038146973,0.0496521,0.022735596,0.16296387,0.2529297,0.18981934,0.0039100647,0.0000049471855,2.9802322e-7,0.115112305,0.10437012,0.19519043,0.29638672,0.24719238,0.053710938,0.061431885,0.29101562,0.103027344,0.08673096,0.3852539,0.52246094,0.021118164,0.0335083,0.0030879974,0.0021762848,0.75634766,0.0049324036,0.0066337585,0.13842773,0.54052734,0.0082092285,0.006916046,0.04888916,0.000003695488,0.5727539,0.41674805,0.013153076,0.01878357,0.0061416626,0.23742676,0.0018796921,0.013000488,0.0009403229,0.019515991,0.74316406,0.8305664,0.026367188,0.05368042,0.20251465,0.5571289,0.00000333786,0.0000044703484,0
4.7683716e-7,0.000007867813,0.0000033974648,0.9628906,0.9794922,0.9633789,0.00042152405,0.0000032782555,8.940697e-7,0.03363037,0.029647827,0.36816406,0.43432617,0.7416992,0.0036411285,0.0047035217,0.7290039,0.055267334,0.025848389,0.20812988,0.04309082,0.10864258,0.042144775,0.0014104843,0.26708984,0.5805664,0.00013506413,0.0029296875,0.0105896,0.006160736,0.15234375,0.19921875,0.009918213,0.006275177,0.06161499,0.08514404,0.008979797,0.045928955,0.0021915436,0.000006020069,0.007820129,0.0025539398,0.0032291412,0.0050735474,0.0050849915,0.004711151,0.011711121,0.03366089,0.0020122528,0.0015249252,0.00000333786,0.000005841255,0
2.3841858e-7,0.0000988245,0.000039458275,0.6870117,0.6870117,0.61621094,0.000048935413,3.5762787e-7,3.5762787e-7,0.23474121,0.15002441,0.29785156,0.31152344,0.1508789,0.097717285,0.04071045,0.064208984,0.05026245,0.030960083,0.54296875,0.39111328,0.0055999756,0.0046043396,0.00015723705,0.08459473,0.66796875,0.0006175041,0.008911133,0.0059928894,0.0063972473,0.0009174347,0.0013790131,0.005962372,0.0010461807,0.009223938,0.010536194,0.0020942688,0.006954193,0.055847168,0.00033450127,0.0077781677,0.022537231,0.0017938614,0.0005197525,0.000023961067,0.000019133091,0.0001912117,0.001001358,0.00002104044,0.000016152859,0.0000020861626,5.9604645e-7,0
0.0000013709068,0.0007390976,0.000037670135,0.88964844,0.48120117,0.8828125,0.00094890594,0.000003516674,5.364418e-7,0.045562744,0.021377563,0.09063721,0.10656738,0.07495117,0.18334961,0.15881348,0.054748535,0.14672852,0.1463623,0.09307861,0.068603516,0.076416016,0.052246094,0.0015935898,0.056030273,0.6870117,0.00021457672,0.005935669,0.012527466,0.14172363,0.37036133,0.37524414,0.008300781,0.0007610321,0.25097656,0.20617676,0.0025672913,0.012573242,0.010269165,0.0006752014,0.0024700165,0.015960693,0.0028705597,0.017211914,0.0018415451,0.0011205673,0.22729492,0.13586426,0.095336914,0.17529297,0.000012695789,6.556511e-7,0
1.7881393e-7,0.00006967783,0.000027656555,0.7441406,0.73339844,0.6411133,0.000051677227,3.5762787e-7,3.5762787e-7,0.20568848,0.14562988,0.26171875,0.2854004,0.15551758,0.11785889,0.04019165,0.052337646,0.05722046,0.034301758,0.50439453,0.3671875,0.0065231323,0.0050315857,0.00017511845,0.07733154,0.6772461,0.0007519722,0.008346558,0.00466156,0.008918762,0.00088596344,0.0012559891,0.0061149597,0.0007710457,0.012435913,0.013465881,0.0017871857,0.008308411,0.055633545,0.00047564507,0.0070648193,0.020446777,0.0017080307,0.0005507469,0.000025331974,0.00002336502,0.00017738342,0.0010242462,0.000022888184,0.000021278858,0.0000023245811,5.364418e-7,0
4.172325e-7,0.000070512295,0.000017106533,0.8955078,0.84765625,0.87597656,0.00011175871,0.0000019669533,5.364418e-7,0.05014038,0.04019165,0.30419922,0.31958008,0.13452148,0.096069336,0.04046631,0.05328369,0.04562378,0.029525757,0.24108887,0.19543457,0.028778076,0.02722168,0.0003733635,0.012168884,0.64501953,0.002620697,0.002336502,0.004585266,0.0021362305,0.013618469,0.024047852,0.021209717,0.002008438,0.04434204,0.06427002,0.0017166138,0.0024356842,0.11010742,0.00006735325,0.004322052,0.0024108887,0.0012302399,0.002456665,0.00017786026,0.00010699034,0.0010919571,0.0054244995,0.0004823208,0.00028562546,0.000005722046,0.0000019073486,0
1.7881393e-7,0.00016999245,0.00006097555,0.76464844,0.66796875,0.61621094,0.00002527237,3.5762787e-7,2.9802322e-7,0.17260742,0.109436035,0.49169922,0.5058594,0.031219482,0.3137207,0.2668457,0.0062789917,0.016281128,0.010627747,0.35131836,0.38012695,0.0061073303,0.0076408386,0.00013113022,0.008026123,0.59277344,0.002632141,0.013137817,0.015640259,0.0015115738,0.00035381317,0.00095415115,0.0138168335,0.004207611,0.0030784607,0.0067977905,0.0012741089,0.0008816719,0.28051758,0.00012505054,0.0025577545,0.0075569153,0.0010356903,0.00052404404,0.00002938509,0.000017762184,0.00009137392,0.0021476746,0.000056505203,0.00002104044,0.0000024437904,4.172325e-7,0
2.9802322e-7,0.00046014786,0.00033569336,0.59277344,0.6435547,0.2902832,0.000051617622,1.7881393e-7,1.1920929e-7,0.04208374,0.016921997,0.018661499,0.017791748,0.058441162,0.109558105,0.12792969,0.0736084,0.41015625,0.39697266,0.21154785,0.06878662,0.022338867,0.017791748,0.00020432472,0.010093689,0.80322266,0.002046585,0.005428314,0.004169464,0.01033783,0.0012435913,0.0030879974,0.008659363,0.0018119812,0.0063972473,0.00806427,0.0002861023,0.008018494,0.054351807,0.00010764599,0.0005207062,0.000910759,0.00059986115,0.0023918152,0.0005502701,0.0033626556,0.00028896332,0.20983887,0.000028848648,0.00014829636,0.000002026558,4.172325e-7,0
0.00000423193,0.00019228458,0.00006771088,0.8574219,0.5571289,0.77441406,0.0008559227,0.000002026558,0.000001013279,0.21777344,0.02784729,0.060821533,0.06286621,0.10168457,0.11999512,0.10900879,0.10083008,0.1459961,0.16577148,0.40722656,0.15100098,0.0053749084,0.013473511,0.0013437271,0.033569336,0.55029297,0.0003077984,0.13012695,0.08282471,0.057281494,0.00062561035,0.0009589195,0.009811401,0.004070282,0.046813965,0.04650879,0.026763916,0.08074951,0.0011339188,0.00014615059,0.0037975311,0.011779785,0.0043296814,0.0052452087,0.66064453,0.50341797,0.014427185,0.06640625,0.05343628,0.024490356,0.0000012516975,0.000001013279,0
2.3841858e-7,0.00014901161,0.00006580353,0.80810547,0.6508789,0.6098633,0.000036358833,6.556511e-7,2.9802322e-7,0.08312988,0.07678223,0.36328125,0.35986328,0.07757568,0.12890625,0.084228516,0.033111572,0.03591919,0.02192688,0.3100586,0.27661133,0.016082764,0.011734009,0.00016152859,0.0124053955,0.61328125,0.0017671585,0.0052757263,0.0030231476,0.0014400482,0.005382538,0.013343811,0.00756073,0.001080513,0.0073890686,0.012252808,0.0007634163,0.0020484924,0.10772705,0.00017356873,0.00381279,0.004501343,0.0016355515,0.0009822845,0.000028192997,0.000027060509,0.00023341179,0.0077323914,0.000078856945,0.000053822994,0.0000030398369,8.940697e-7,0
1.7881393e-7,0.00034689903,0.00033950806,0.41967773,0.63378906,0.19311523,0.00003886223,2.3841858e-7,5.9604645e-8,0.46166992,0.44384766,0.6044922,0.5883789,0.04156494,0.2064209,0.19055176,0.025421143,0.0110321045,0.007507324,0.30688477,0.3347168,0.0033817291,0.00022423267,0.00021064281,0.124694824,0.32958984,0.00034618378,0.0016231537,0.0007972717,0.0007195473,0.0055656433,0.0060043335,0.0057144165,0.0043678284,0.059661865,0.032928467,0.0019054413,0.021362305,0.016296387,0.000019848347,0.008407593,0.014564514,0.006023407,0.017684937,0.000015676022,0.000024318695,0.0007762909,0.0018005371,0.0011615753,0.003276825,0.000002682209,4.172325e-7,0
5.9604645e-8,0.00023412704,0.000054895878,0.6958008,0.77001953,0.77490234,0.000117361546,2.3841858e-7,2.3841858e-7,0.1015625,0.0793457,0.28710938,0.36132812,0.4819336,0.007865906,0.019012451,0.48754883,0.043792725,0.027252197,0.50390625,0.2890625,0.017074585,0.008369446,0.00032615662,0.8935547,0.50146484,0.0000029206276,0.006690979,0.0014667511,0.0015506744,0.006816864,0.0057296753,0.0063209534,0.002626419,0.04800415,0.049835205,0.0023002625,0.008399963,0.034332275,0.000023543835,0.0063552856,0.030426025,0.00072813034,0.00024747849,0.000017762184,0.000009357929,0.005596161,0.0022296906,0.00018239021,0.00010126829,0.0000013709068,0.000001013279,0
0.0000014901161,0.014076233,0.026870728,0.046661377,0.20483398,0.033813477,0.000097453594,1.1920929e-7,1.1920929e-7,0.6875,0.6386719,0.74609375,0.7421875,0.067871094,0.16040039,0.1303711,0.03414917,0.004108429,0.0034694672,0.41503906,0.49414062,0.00089740753,0.000060796738,0.00027537346,0.053771973,0.3190918,0.00008589029,0.018096924,0.12646484,0.0039901733,0.00007587671,0.00013947487,0.0124053955,0.049865723,0.0011978149,0.0040397644,0.05014038,0.025970459,0.00806427,0.000008821487,0.005126953,0.004463196,0.0059165955,0.01374054,0.01651001,0.009971619,0.0006799698,0.0022888184,0.007286072,0.004627228,6.556511e-7,5.9604645e-7,0
1.1920929e-7,0.00026273727,0.000053286552,0.6948242,0.7529297,0.7709961,0.00010806322,2.3841858e-7,2.3841858e-7,0.09875488,0.07922363,0.27954102,0.3618164,0.44677734,0.008460999,0.023712158,0.45043945,0.04397583,0.027328491,0.46728516,0.2734375,0.018081665,0.008132935,0.00024724007,0.88378906,0.5234375,0.0000044703484,0.0061454773,0.0022029877,0.0011940002,0.005340576,0.0053100586,0.00447464,0.0035076141,0.039489746,0.038970947,0.0036716461,0.012451172,0.017471313,0.0000166893,0.0079574585,0.035827637,0.0011768341,0.00031113625,0.00002002716,0.000009953976,0.0032348633,0.0017957687,0.00015079975,0.00007969141,0.0000013709068,0.000001013279,0
5.9604645e-8,0.0005607605,0.009002686,0.31274414,0.7709961,0.013244629,0.00024843216,5.9604645e-8,5.9604645e-8,0.49829102,0.7446289,0.15393066,0.7714844,0.55566406,0.36816406,0.0065612793,0.025283813,0.11364746,0.0015468597,0.7817383,0.19091797,0.0030593872,0.00006788969,0.0016269684,0.018753052,0.45385742,0.009422302,0.0010099411,0.0015258789,0.020706177,0.0030155182,0.0028057098,0.004058838,0.001162529,0.3017578,0.24987793,0.00092458725,0.045837402,0.0015249252,0.00004631281,0.0006890297,0.0020523071,0.00049209595,0.006214142,0.0024814606,0.017242432,0.0012664795,0.031707764,0.0007581711,0.00932312,0.0000076293945,5.364418e-7,0
2.3841858e-7,0.000005841255,0.0000019669533,0.9506836,0.97021484,0.95996094,0.00005877018,0.0000013709068,4.7683716e-7,0.46655273,0.48999023,0.8339844,0.8432617,0.09039307,0.14733887,0.09625244,0.03878784,0.0048065186,0.0020580292,0.45654297,0.31689453,0.003396988,0.0009627342,0.00016260147,0.040130615,0.5776367,0.0029640198,0.005290985,0.0030117035,0.0029850006,0.0016717911,0.0026607513,0.016113281,0.003862381,0.011955261,0.012542725,0.0011768341,0.0035915375,0.14892578,0.00022172928,0.006259918,0.009689331,0.003036499,0.0038604736,0.000043332577,0.000029444695,0.00021839142,0.0017414093,0.0001655817,0.00013554096,0.0000071525574,0.000001013279,0
0.00000166893,0.00019931793,0.0005106926,0.25048828,0.6411133,0.44799805,0.0006136894,0.0000015497208,0.0000013113022,0.35205078,0.45141602,0.3330078,0.35302734,0.15405273,0.05227661,0.029800415,0.113220215,0.040130615,0.031280518,0.59765625,0.56884766,0.002029419,0.00073194504,0.00074863434,0.0057907104,0.75390625,0.0021820068,0.0017194748,0.19824219,0.011329651,0.029327393,0.050231934,0.009880066,0.016738892,0.064331055,0.15734863,0.022644043,0.019485474,0.0020008087,0.0000027418137,0.004005432,0.0017633438,0.0020580292,0.018356323,0.035858154,0.026031494,0.009819031,0.053894043,0.012496948,0.0063705444,0.000003993511,0.0000051259995,0
8.34465e-7,0.00025105476,0.00031518936,0.68359375,0.7001953,0.21972656,0.0006246567,0.0000011324883,4.7683716e-7,0.028701782,0.009727478,0.1171875,0.09680176,0.01838684,0.34472656,0.32373047,0.016448975,0.10247803,0.117614746,0.08868408,0.06378174,0.03866577,0.061462402,0.0008854866,0.01096344,0.91748047,0.0042266846,0.0016508102,0.05343628,0.033355713,0.0015287399,0.0023918152,0.0184021,0.001373291,0.03591919,0.07922363,0.0052261353,0.014060974,0.0061683655,0.0001616478,0.00056266785,0.0018815994,0.0006222725,0.015434265,0.42529297,0.6660156,0.0023040771,0.09698486,0.005630493,0.01108551,0.0000032186508,0.0000026226044,0
0.0000013113022,0.00008559227,0.000058591366,0.7763672,0.78222656,0.5341797,0.00023376942,5.364418e-7,4.172325e-7,0.13391113,0.1595459,0.41479492,0.37939453,0.054992676,0.088256836,0.1003418,0.061279297,0.03024292,0.023452759,0.44726562,0.44848633,0.0077171326,0.0041046143,0.0003683567,0.00022220612,0.69140625,0.042388916,0.02293396,0.14025879,0.023086548,0.000003993511,0.000008285046,0.0116119385,0.0009059906,0.004886627,0.011909485,0.019195557,0.034454346,0.018447876,0.0016126633,0.0015773773,0.012428284,0.00062799454,0.0011758804,0.22705078,0.41577148,0.0001784563,0.018371582,0.0027999878,0.0028495789,7.748604e-7,8.34465e-7,0
0.0000011920929,0.0000051259995,0.000001847744,0.9741211,0.9868164,0.9838867,0.00019168854,0.00001257658,0.0000026226044,0.06982422,0.030181885,0.64453125,0.58935547,0.39453125,0.06237793,0.0077819824,0.1418457,0.013786316,0.013542175,0.105651855,0.14404297,0.039520264,0.058807373,0.0008740425,0.028671265,0.63378906,0.0016403198,0.001288414,0.0129776,0.0020885468,0.048858643,0.10058594,0.056915283,0.00592041,0.09020996,0.1204834,0.006832123,0.007293701,0.020141602,0.000031650066,0.010322571,0.004047394,0.004322052,0.023406982,0.0017824173,0.0007777214,0.0022583008,0.014381409,0.019592285,0.00724411,0.000009536743,0.000010073185,0
0.0000013709068,0.0007390976,0.000037670135,0.88964844,0.48120117,0.8828125,0.00094890594,0.000003516674,5.364418e-7,0.045562744,0.021377563,0.09063721,0.10656738,0.07495117,0.18334961,0.15881348,0.054748535,0.14672852,0.1463623,0.09307861,0.068603516,0.076416016,0.052246094,0.0015935898,0.056030273,0.6870117,0.00021457672,0.005935669,0.012527466,0.14172363,0.37036133,0.37524414,0.008300781,0.0007610321,0.25097656,0.20617676,0.0025672913,0.012573242,0.010269165,0.0006752014,0.0024700165,0.015960693,0.0028705597,0.017211914,0.0018415451,0.0011205673,0.22729492,0.13586426,0.095336914,0.17529297,0.000012695789,6.556511e-7,0
0.0000012516975,0.00093078613,0.000024855137,0.87890625,0.3737793,0.88964844,0.00082826614,0.0000033974648,2.9802322e-7,0.08093262,0.10003662,0.20935059,0.23120117,0.44555664,0.02684021,0.025970459,0.45507812,0.089538574,0.0690918,0.1854248,0.11883545,0.083984375,0.018554688,0.0007967949,0.025436401,0.5683594,0.002603531,0.0064353943,0.001996994,0.05899048,0.42285156,0.34179688,0.008621216,0.0003657341,0.11138916,0.23596191,0.00069236755,0.0030899048,0.058380127,0.0011501312,0.0041999817,0.031829834,0.0019721985,0.011329651,0.00006401539,0.000044047832,0.06347656,0.0178833,0.0069465637,0.01637268,0.000016272068,0.000001013279,0
7.1525574e-7,0.009513855,0.010108948,0.10473633,0.2722168,0.103149414,0.0007314682,0.0000013709068,0.0000010728836,0.19873047,0.29467773,0.14709473,0.16711426,0.012229919,0.39892578,0.3942871,0.00705719,0.10070801,0.09844971,0.3815918,0.35620117,0.0050811768,0.0028247833,0.0026397705,0.0028915405,0.7207031,0.0043411255,0.00077676773,0.024093628,0.07086182,0.037322998,0.03781128,0.02168274,0.00027012825,0.5961914,0.6274414,0.0069847107,0.020080566,0.005340576,0.00010150671,0.0015964508,0.0016927719,0.00035119057,0.0040626526,0.28344727,0.39892578,0.105651855,0.18005371,0.017852783,0.04208374,0.0000056028366,0.000004529953,0
8.34465e-7,0.00021266937,0.000011503696,0.83154297,0.83984375,0.8925781,0.000017642975,2.9802322e-7,1.1920929e-7,0.34936523,0.24645996,0.41210938,0.45410156,0.046905518,0.105773926,0.12207031,0.052246094,0.019439697,0.02748108,0.19384766,0.45947266,0.0033111572,0.0033073425,0.000011980534,0.0030059814,0.008361816,0.000010430813,0.0010032654,0.006752014,0.0015850067,0.0026779175,0.0038757324,0.00023341179,0.007633209,0.00038051605,0.00023674965,0.14904785,0.061309814,0.010612488,0.00010496378,0.11975098,0.06048584,0.2010498,0.006706238,0.0001373291,0.000027179718,0.0019330978,0.00042629242,0.0013523102,0.0005311966,8.940697e-7,2.9802322e-7,0
6.556511e-7,0.0002541542,0.0001244545,0.6923828,0.6542969,0.56396484,0.000019073486,4.172325e-7,1.7881393e-7,0.19506836,0.35327148,0.34033203,0.34838867,0.023620605,0.20910645,0.19506836,0.026000977,0.03665161,0.0155181885,0.42773438,0.24987793,0.005027771,0.0017747879,0.000015854836,0.008003235,0.076171875,0.00021445751,0.024902344,0.000834465,0.000538826,0.0020580292,0.0027370453,0.0005712509,0.0013113022,0.00045990944,0.0004580021,0.0019931793,0.001168251,0.7529297,0.0022640228,0.30981445,0.12158203,0.10961914,0.0018291473,1.7881393e-7,5.9604645e-8,0.00012302399,0.00016355515,0.00001013279,0.000009298325,0.0000015497208,1.7881393e-7,0
4.7683716e-7,0.000056385994,0.00014996529,0.71728516,0.62841797,0.578125,0.000049889088,7.1525574e-7,5.9604645e-7,0.14416504,0.15795898,0.11395264,0.13427734,0.12609863,0.06561279,0.05807495,0.12158203,0.10217285,0.09222412,0.48046875,0.3564453,0.0062294006,0.0065193176,0.00012552738,0.00017440319,0.5126953,0.1842041,0.011138916,0.01033783,0.004486084,0.00032901764,0.00046539307,0.0038547516,0.00046420097,0.009025574,0.013999939,0.014335632,0.0047912598,0.03479004,0.0012998581,0.008857727,0.015625,0.0023918152,0.0010814667,0.000037431717,0.00002783537,0.00023567677,0.0022792816,0.00005620718,0.000020384789,0.0000021457672,4.7683716e-7,0
2.9802322e-7,0.0004451275,0.00081920624,0.4128418,0.84228516,0.6298828,0.002199173,0.0000034570694,0.0000013113022,0.07611084,0.13684082,0.18054199,0.1619873,0.033691406,0.14770508,0.17175293,0.04598999,0.1295166,0.14697266,0.32861328,0.57470703,0.015449524,0.013145447,0.0045776367,0.001824379,0.78808594,0.021026611,0.00016129017,0.046203613,0.10638428,0.013702393,0.012786865,0.08483887,0.00062322617,0.9448242,0.95996094,0.0045661926,0.0076904297,0.016662598,0.00008833408,0.00071525574,0.0019264221,0.00022912025,0.0064048767,0.37158203,0.4050293,0.05343628,0.033355713,0.20080566,0.23815918,0.000008881092,0.000007867813,0
0.0000031590462,0.0005645752,0.0006828308,0.6582031,0.61572266,0.74902344,0.0017786026,0.0000019073486,0.0000014901161,0.070373535,0.14611816,0.03277588,0.04815674,0.04486084,0.2536621,0.28076172,0.0637207,0.29125977,0.28930664,0.25610352,0.1751709,0.055908203,0.010002136,0.00440979,0.07287598,0.4802246,0.0010147095,0.0015172958,0.09667969,0.0052375793,0.040863037,0.043670654,0.0073509216,0.00258255,0.56396484,0.5024414,0.1005249,0.011787415,0.002828598,0.0002875328,0.0040779114,0.008850098,0.003314972,0.018218994,0.031402588,0.013412476,0.13293457,0.08709717,0.06262207,0.044433594,0.0000410676,0.0000014305115,0
2.3841858e-7,0.000119149685,0.00007587671,0.765625,0.859375,0.80029297,0.0007853508,0.0000022053719,2.9802322e-7,0.016723633,0.005268097,0.22180176,0.21960449,0.055755615,0.15588379,0.13427734,0.057525635,0.05987549,0.04626465,0.17102051,0.00687027,0.0736084,0.12145996,0.0018720627,0.0104599,0.7402344,0.005710602,0.00020945072,0.011177063,0.028213501,0.038604736,0.06304932,0.055877686,0.07824707,0.5229492,0.49926758,0.0013751984,0.029342651,0.0284729,7.748604e-7,0.001209259,0.00020039082,0.0017547607,0.058898926,0.010261536,0.019561768,0.0036735535,0.0574646,0.009986877,0.014694214,0.00001001358,0.0000029802322,0
0.000008046627,0.0002861023,0.00023376942,0.76904297,0.7792969,0.48901367,0.0019512177,0.0000052452087,9.536743e-7,0.044128418,0.021575928,0.07733154,0.088012695,0.33374023,0.05380249,0.04876709,0.29003906,0.19482422,0.22436523,0.3383789,0.19262695,0.084350586,0.036254883,0.00063085556,0.06768799,0.7260742,0.00028204918,0.024353027,0.04046631,0.119628906,0.005168915,0.0072898865,0.023376465,0.0008249283,0.022964478,0.036987305,0.0044441223,0.015670776,0.01725769,0.0017566681,0.0019931793,0.0033397675,0.0057258606,0.11187744,0.5986328,0.7236328,0.0042381287,0.09436035,0.06341553,0.096069336,0.0000028014183,0.0000030994415,0
0.000002026558,0.00020468235,0.000029563904,0.91015625,0.9326172,0.9194336,0.00025367737,0.0000044703484,9.536743e-7,0.1060791,0.15405273,0.4074707,0.46289062,0.08508301,0.20654297,0.16601562,0.06109619,0.06213379,0.025634766,0.4033203,0.118652344,0.089538574,0.007904053,0.0007891655,0.027389526,0.5366211,0.0068588257,0.008224487,0.012481689,0.011375427,0.25439453,0.20007324,0.15356445,0.000582695,0.1262207,0.07324219,0.0043754578,0.013504028,0.08148193,0.00019562244,0.013473511,0.029785156,0.0046920776,0.009986877,0.000047147274,0.000030994415,0.040740967,0.006629944,0.008232117,0.003894806,0.000007987022,0.0000011920929,0
1.7881393e-7,0.00017940998,0.0002822876,0.7211914,0.76660156,0.28857422,0.0004339218,5.364418e-7,6.556511e-7,0.017364502,0.0037059784,0.09069824,0.07122803,0.012718201,0.5024414,0.4716797,0.009033203,0.14880371,0.16247559,0.09124756,0.028045654,0.06347656,0.15075684,0.0017528534,0.006149292,0.91845703,0.037200928,0.0009551048,0.07922363,0.062072754,0.00039720535,0.0008993149,0.017578125,0.0020713806,0.23999023,0.30566406,0.002073288,0.030166626,0.0069465637,0.000093340874,0.0004503727,0.0015048981,0.00010430813,0.004245758,0.04296875,0.18432617,0.0008263588,0.18859863,0.000100791454,0.0003399849,0.000006377697,0.0000011920929,0
1.1920929e-7,0.0011205673,0.0018463135,0.48242188,0.46411133,0.05053711,0.0001295805,1.1920929e-7,0.0,0.2866211,0.52197266,0.098083496,0.2409668,0.28173828,0.06933594,0.024230957,0.1817627,0.12902832,0.028015137,0.63427734,0.24291992,0.005508423,0.00019657612,0.0009918213,0.11071777,0.33422852,0.00083971024,0.0011005402,0.00057935715,0.0062408447,0.007282257,0.004951477,0.01939392,0.001282692,0.42456055,0.24023438,0.00046730042,0.015327454,0.013938904,0.000023007393,0.0016307831,0.0040626526,0.0005450249,0.0048713684,0.00009000301,0.00035333633,0.0014438629,0.0036621094,0.0006136894,0.0044021606,0.0000028014183,3.5762787e-7,0
7.1525574e-7,0.00008004904,0.00009435415,0.875,0.89990234,0.7207031,0.00023341179,0.0000028014183,5.9604645e-7,0.008621216,0.021347046,0.05404663,0.121154785,0.21350098,0.18261719,0.051635742,0.06542969,0.36328125,0.19970703,0.08660889,0.02532959,0.33813477,0.049346924,0.0006637573,0.0008869171,0.8833008,0.14233398,0.0037250519,0.0138168335,0.10308838,0.016479492,0.008636475,0.07733154,0.00010699034,0.16052246,0.051361084,0.014816284,0.06414795,0.007675171,0.0055274963,0.0033130646,0.0022888184,0.0015506744,0.016448975,0.008628845,0.018615723,0.03475952,0.010627747,0.0020961761,0.0033683777,0.0000022649765,2.3841858e-7,0
2.9802322e-7,0.00006330013,0.00012874603,0.8725586,0.8178711,0.3972168,0.00022780895,0.0000019669533,8.34465e-7,0.0126571655,0.0067214966,0.041778564,0.041381836,0.023544312,0.3881836,0.3479004,0.012023926,0.30908203,0.26708984,0.12084961,0.024230957,0.084106445,0.12005615,0.000487566,0.00033307076,0.96728516,0.104003906,0.0010757446,0.022354126,0.024795532,0.008583069,0.018951416,0.031402588,0.00019001961,0.05505371,0.13671875,0.0009860992,0.004219055,0.044891357,0.003206253,0.001958847,0.001953125,0.00026750565,0.008003235,0.0009784698,0.0029201508,0.00089883804,0.10467529,0.00014734268,0.00053596497,0.00000834465,7.748604e-7,0
0.0000021457672,0.0023860931,0.0021800995,0.5419922,0.75341797,0.44433594,0.000024437904,7.1525574e-7,7.1525574e-7,0.028579712,0.13598633,0.04473877,0.0541687,0.022216797,0.30981445,0.32299805,0.034179688,0.28564453,0.23535156,0.1381836,0.22729492,0.040740967,0.007537842,0.00008147955,0.048339844,0.2010498,0.00031137466,0.08227539,0.007709503,0.014663696,0.0023384094,0.001821518,0.19250488,0.0021381378,0.0023498535,0.0020923615,0.0011901855,0.0045814514,0.91259766,0.0009651184,0.10467529,0.11791992,0.019760132,0.006954193,0.0000037550926,0.0000025629997,0.0006957054,0.0005159378,0.00007992983,0.00003260374,7.1525574e-7,1.7881393e-7,0
0.0000041127205,0.0061187744,0.0072288513,0.16455078,0.22644043,0.07098389,0.0011110306,0.0000013113022,5.364418e-7,0.4958496,0.54589844,0.6225586,0.5859375,0.085876465,0.052215576,0.04498291,0.09234619,0.012359619,0.008598328,0.47045898,0.47192383,0.0015153885,0.00024366379,0.0011825562,0.0053520203,0.42919922,0.0018453598,0.0049209595,0.077941895,0.12695312,0.007411957,0.009857178,0.0035858154,0.0013036728,0.20275879,0.31860352,0.08026123,0.19067383,0.0004761219,0.000035107136,0.023468018,0.0061416626,0.0069847107,0.01751709,0.062194824,0.068847656,0.0029315948,0.008636475,0.028549194,0.025054932,0.0000019073486,0.000008702278,0
0.0000075101852,0.00038576126,0.00026369095,0.7583008,0.73828125,0.48535156,0.0019550323,0.0000059604645,8.940697e-7,0.042144775,0.020507812,0.097351074,0.11212158,0.22961426,0.079711914,0.076538086,0.19897461,0.15490723,0.18005371,0.30664062,0.20654297,0.07910156,0.040771484,0.000685215,0.06506348,0.7050781,0.00032043457,0.022003174,0.049682617,0.15795898,0.005168915,0.0073432922,0.023803711,0.0006952286,0.02960205,0.042388916,0.00434494,0.016311646,0.01777649,0.0018978119,0.0020885468,0.0031661987,0.0055389404,0.11993408,0.59716797,0.71875,0.0046806335,0.088134766,0.07733154,0.112976074,0.0000027418137,0.0000029802322,0
9.536743e-7,0.00007480383,0.000010311604,0.8959961,0.8984375,0.9013672,0.00087690353,0.0000034570694,0.0000011920929,0.056427002,0.055999756,0.22290039,0.23962402,0.1060791,0.05859375,0.062042236,0.10394287,0.08135986,0.07110596,0.38061523,0.17980957,0.035339355,0.024841309,0.0023422241,0.0040359497,0.4934082,0.0016555786,0.0023860931,0.018692017,0.026016235,0.24487305,0.32055664,0.0024852753,0.00010210276,0.39648438,0.4267578,0.026123047,0.03756714,0.0003528595,0.0002708435,0.017349243,0.016448975,0.0012159348,0.0008368492,0.008110046,0.005214691,0.050933838,0.06756592,0.003490448,0.0016374588,0.0000045895576,0.000007688999,0
0.0000011324883,0.00022447109,0.0004377365,0.71240234,0.72802734,0.5288086,0.000010728836,4.172325e-7,5.364418e-7,0.21472168,0.26660156,0.18701172,0.22570801,0.0024929047,0.5683594,0.57177734,0.0065689087,0.06439209,0.040039062,0.31811523,0.15856934,0.007911682,0.0023918152,0.000018239021,0.000033557415,0.0074806213,0.007610321,0.00020492077,0.0013628006,0.0010433197,0.002735138,0.0062408447,0.00014996529,0.00019288063,0.0005722046,0.0004901886,0.020126343,0.018218994,0.06896973,0.0079193115,0.2529297,0.085632324,0.29858398,0.011100769,0.0000013113022,0.0000012516975,0.00010126829,0.010719299,0.000040471554,0.000037133694,0.00000590086,3.5762787e-7,0
0.000001013279,0.00027179718,0.00022172928,0.65185547,0.70214844,0.28100586,0.00049209595,0.0000013113022,4.7683716e-7,0.03793335,0.011779785,0.11383057,0.08892822,0.01411438,0.42773438,0.4099121,0.009750366,0.10046387,0.121520996,0.08355713,0.08294678,0.028152466,0.049957275,0.00067710876,0.007827759,0.89697266,0.005706787,0.002439499,0.03161621,0.029541016,0.0025672913,0.0035915375,0.007858276,0.0007343292,0.021438599,0.04119873,0.006439209,0.0236969,0.0030555725,0.00026607513,0.0011138916,0.0031375885,0.0011014938,0.011001587,0.44384766,0.71875,0.003129959,0.12445068,0.0024738312,0.00598526,0.0000023245811,0.0000021457672,0
2.3841858e-7,0.000044345856,0.00008511543,0.8876953,0.83740234,0.48095703,0.00022256374,0.000001013279,7.1525574e-7,0.020874023,0.006542206,0.044769287,0.043670654,0.03010559,0.27294922,0.25854492,0.024856567,0.27734375,0.24523926,0.14782715,0.02166748,0.059020996,0.10003662,0.00073862076,0.013717651,0.94384766,0.0082473755,0.0008907318,0.013198853,0.04434204,0.007598877,0.019607544,0.017303467,0.00042152405,0.19995117,0.2310791,0.0004506111,0.0121536255,0.026062012,0.00058078766,0.0015220642,0.0030326843,0.00038671494,0.0058784485,0.0002951622,0.0015897751,0.00025582314,0.1262207,0.00014996529,0.0007867813,0.000011205673,0.0000011324883,0
0.0000011920929,0.0001578331,0.0004813671,0.86279297,0.7661133,0.4946289,0.001534462,0.0000031590462,0.000001013279,0.013908386,0.08459473,0.10015869,0.19006348,0.06677246,0.27929688,0.20422363,0.035491943,0.29711914,0.15881348,0.11413574,0.035705566,0.30517578,0.019256592,0.002779007,0.0005645752,0.92529297,0.16296387,0.0022277832,0.017974854,0.21740723,0.014549255,0.007499695,0.046661377,0.00006097555,0.6748047,0.3227539,0.015792847,0.06274414,0.0010147095,0.0090789795,0.0011320114,0.0048294067,0.00041103363,0.018051147,0.3154297,0.6171875,0.078063965,0.113586426,0.043762207,0.11077881,0.000008225441,0.0000011920929,0
5.9604645e-8,0.00032496452,0.00033068657,0.5932617,0.6904297,0.28442383,0.000041902065,1.7881393e-7,2.3841858e-7,0.026565552,0.011985779,0.055267334,0.070129395,0.10638428,0.17211914,0.08569336,0.0368042,0.21289062,0.15649414,0.1998291,0.03074646,0.045959473,0.04019165,0.00016880035,0.0015306473,0.8417969,0.036254883,0.0014867783,0.024902344,0.0014276505,0.00095939636,0.0023593903,0.003774643,0.0021419525,0.013046265,0.031311035,0.0010147095,0.003250122,0.034698486,0.00016462803,0.0018253326,0.0014686584,0.00038814545,0.0013389587,0.00011342764,0.00018966198,0.00026202202,0.009643555,0.000011563301,0.000015616417,0.000003695488,1.7881393e-7,0
0.0000014901161,0.0008401871,0.000012934208,0.6923828,0.43432617,0.8364258,0.00038909912,6.556511e-7,2.9802322e-7,0.15661621,0.09399414,0.22839355,0.23632812,0.050964355,0.084106445,0.10107422,0.06518555,0.0446167,0.0368042,0.4194336,0.2878418,0.004009247,0.010154724,0.00024461746,0.0012350082,0.69677734,0.0052948,0.036315918,0.16149902,0.036071777,0.000006556511,0.000008225441,0.012245178,0.025375366,0.008758545,0.010192871,0.044769287,0.031951904,0.018051147,0.000052452087,0.0018081665,0.020950317,0.00077581406,0.0019283295,0.65771484,0.5258789,0.0010652542,0.0012321472,0.0030021667,0.0017633438,6.556511e-7,0.0000010728836,0
4.7683716e-7,0.000056743622,0.000017821789,0.8935547,0.7807617,0.7783203,0.000035881996,0.0000015497208,4.172325e-7,0.1607666,0.08123779,0.37768555,0.39697266,0.36889648,0.015838623,0.0071411133,0.35375977,0.023147583,0.02029419,0.27270508,0.34326172,0.007457733,0.009384155,0.00015211105,0.016677856,0.5883789,0.0011777878,0.0052108765,0.003929138,0.00072574615,0.007396698,0.01675415,0.010322571,0.003730774,0.004173279,0.0066566467,0.001083374,0.0018701553,0.17907715,0.00007414818,0.004386902,0.0030975342,0.003829956,0.0036239624,0.000043988228,0.00003260374,0.0003941059,0.0067253113,0.0002720356,0.00016653538,0.0000028014183,0.0000013113022,0
0.000001013279,0.00014829636,0.00006681681,0.7680664,0.71435547,0.59716797,0.00003129244,5.9604645e-7,2.9802322e-7,0.18371582,0.34155273,0.2602539,0.28759766,0.0121154785,0.25317383,0.26660156,0.028640747,0.05038452,0.026184082,0.4411621,0.27490234,0.005783081,0.0020313263,0.000028669834,0.0050315857,0.12512207,0.0004386902,0.046905518,0.0013914108,0.00032925606,0.0015869141,0.0032176971,0.00069475174,0.0006790161,0.0007710457,0.00092077255,0.0023994446,0.0011148453,0.5761719,0.00409317,0.18310547,0.08850098,0.06008911,0.0020828247,4.172325e-7,1.7881393e-7,0.00007671118,0.00050497055,0.000031769276,0.000019967556,0.0000020861626,2.9802322e-7,0
0.000006377697,0.0016002655,0.00075149536,0.69433594,0.39208984,0.42260742,0.00011104345,0.0000026226044,3.5762787e-7,0.12408447,0.038330078,0.021224976,0.012161255,0.033447266,0.2644043,0.2709961,0.03765869,0.4428711,0.4482422,0.2849121,0.17919922,0.0236969,0.025390625,0.0001616478,0.017486572,0.49780273,0.0013275146,0.33374023,0.0010948181,0.004142761,0.062286377,0.039093018,0.05795288,0.0055160522,0.005519867,0.011360168,0.00069856644,0.001045227,0.81689453,0.00032377243,0.011627197,0.038116455,0.020248413,0.00945282,0.000004887581,0.0000020861626,0.01550293,0.0015974045,0.0004811287,0.00047373772,0.0000012516975,2.3841858e-7,0
5.9604645e-8,0.000113368034,0.00007516146,0.69091797,0.8383789,0.4399414,0.00025749207,2.3841858e-7,1.1920929e-7,0.31420898,0.34228516,0.120788574,0.16723633,0.24560547,0.14074707,0.033172607,0.080078125,0.11932373,0.07055664,0.33789062,0.23986816,0.004673004,0.0006752014,0.0024795532,0.007221222,0.66308594,0.011817932,0.0007481575,0.0038433075,0.059387207,0.0012321472,0.0014829636,0.0236969,0.0001296997,0.45336914,0.48950195,0.00057411194,0.024673462,0.009483337,0.0005698204,0.00042438507,0.0013999939,0.00006765127,0.0012683868,0.0053634644,0.028381348,0.0013284683,0.05895996,0.00011777878,0.00063705444,0.000006198883,5.364418e-7,0
0.0000025629997,0.00034070015,0.00023531914,0.8286133,0.47436523,0.56347656,0.0013580322,0.00000423193,0.0000010728836,0.088378906,0.035003662,0.06555176,0.066589355,0.3083496,0.038269043,0.028671265,0.32885742,0.20117188,0.23779297,0.34765625,0.3046875,0.03375244,0.02394104,0.0051879883,0.0118637085,0.70947266,0.001572609,0.011665344,0.03781128,0.3034668,0.011360168,0.010612488,0.026275635,0.00027298927,0.33007812,0.32055664,0.01171875,0.06842041,0.0010280609,0.0023212433,0.0019760132,0.010253906,0.0011367798,0.011772156,0.23010254,0.25341797,0.103759766,0.13989258,0.04019165,0.117614746,0.0000035762787,0.0000013709068,0
9.536743e-7,0.0101623535,0.0037517548,0.40527344,0.1439209,0.12609863,0.00001937151,3.5762787e-7,2.3841858e-7,0.06304932,0.048736572,0.024307251,0.026275635,0.059692383,0.08483887,0.065979004,0.058258057,0.3071289,0.28027344,0.25170898,0.24389648,0.009971619,0.011199951,0.00006657839,0.022232056,0.49438477,0.00035905838,0.051513672,0.007007599,0.0016975403,0.00044345856,0.00072431564,0.025009155,0.0012388229,0.0013475418,0.003227234,0.0009822845,0.0007195473,0.7167969,0.00060606,0.009399414,0.013183594,0.0063285828,0.0015172958,0.000005066395,0.0000036358833,0.000052452087,0.00048446655,0.00003796816,0.000015974045,6.556511e-7,3.5762787e-7,0
2.3841858e-7,0.000047385693,0.000099658966,0.8857422,0.82128906,0.4362793,0.0002065897,0.0000010728836,7.748604e-7,0.018829346,0.0088272095,0.05014038,0.049438477,0.029678345,0.31396484,0.28955078,0.018554688,0.2565918,0.22143555,0.11975098,0.01939392,0.0637207,0.0803833,0.00067567825,0.00617218,0.94970703,0.0121154785,0.00097322464,0.012626648,0.029312134,0.008430481,0.021087646,0.022338867,0.00042295456,0.11199951,0.1694336,0.0006380081,0.008972168,0.03074646,0.000726223,0.0013961792,0.0025234222,0.00032305717,0.006465912,0.0005097389,0.002210617,0.00051259995,0.17407227,0.00012290478,0.0006093979,0.000011444092,9.536743e-7,0
6.556511e-7,0.000010848045,0.00002515316,0.9121094,0.9243164,0.86816406,0.000040590763,7.1525574e-7,0.0000013113022,0.10858154,0.13806152,0.10296631,0.12023926,0.03765869,0.2298584,0.21154785,0.012130737,0.121276855,0.08294678,0.5058594,0.3984375,0.01197052,0.0073890686,0.000087320805,0.005886078,0.076293945,0.0004851818,0.008636475,0.0028495789,0.00016653538,0.0032997131,0.005420685,0.00088977814,0.05908203,0.0029945374,0.008399963,0.0042648315,0.0008997917,0.6484375,0.000022053719,0.24438477,0.103149414,0.0103302,0.0008239746,9.536743e-7,1.7881393e-7,0.00022113323,0.00081682205,0.000005066395,0.0000022649765,0.000003695488,3.5762787e-7,0
0.0000045895576,0.0006785393,0.00043225288,0.7104492,0.87109375,0.64501953,0.000044941902,0.0000011324883,0.0000029802322,0.0029888153,0.025146484,0.038208008,0.051605225,0.09765625,0.112854004,0.103393555,0.10998535,0.36889648,0.29248047,0.032958984,0.08294678,0.35839844,0.043029785,0.000085651875,0.020874023,0.18908691,0.0004003048,0.11981201,0.014755249,0.004966736,0.012229919,0.008224487,0.077819824,0.004547119,0.0034484863,0.0040130615,0.0031585693,0.0056495667,0.7988281,0.00051641464,0.20678711,0.11846924,0.07800293,0.016403198,0.000007390976,0.0000030398369,0.0031604767,0.00044679642,0.00018894672,0.00016260147,5.9604645e-7,1.7881393e-7,0
0.000001013279,0.030715942,0.046142578,0.038482666,0.21166992,0.07305908,0.00121212,0.0000023841858,0.0000013113022,0.18005371,0.18933105,0.2824707,0.26879883,0.008491516,0.29956055,0.31518555,0.020828247,0.05633545,0.052215576,0.24365234,0.3046875,0.0072288513,0.006855011,0.0030288696,0.002380371,0.70166016,0.0129852295,0.00047373772,0.019165039,0.029220581,0.03515625,0.039001465,0.066467285,0.00045657158,0.7114258,0.7714844,0.0040283203,0.009483337,0.023544312,0.0000718236,0.0016698837,0.0019302368,0.00050640106,0.008460999,0.62841797,0.7290039,0.049041748,0.09094238,0.06750488,0.10083008,0.0000039339066,0.000011920929,0
9.536743e-7,0.0049438477,0.0022792816,0.45654297,0.31152344,0.22717285,0.000018000603,5.364418e-7,2.9802322e-7,0.058929443,0.042419434,0.053527832,0.066833496,0.013374329,0.29345703,0.2932129,0.008987427,0.14941406,0.11981201,0.27441406,0.19274902,0.011161804,0.015144348,0.000055789948,0.0034923553,0.3659668,0.0007324219,0.072387695,0.005130768,0.0011510849,0.0002644062,0.00033688545,0.04623413,0.004951477,0.000667572,0.0015506744,0.0012483597,0.00041794777,0.8852539,0.00038909912,0.007446289,0.0038089752,0.0075912476,0.0026855469,0.000012516975,0.00000590086,0.00017881393,0.00030493736,0.00007247925,0.00003695488,7.748604e-7,2.3841858e-7,0
2.3841858e-7,0.00045657158,0.00014781952,0.64697266,0.63964844,0.5493164,0.00007301569,2.9802322e-7,2.3841858e-7,0.17712402,0.08831787,0.42578125,0.3955078,0.09039307,0.0670166,0.06011963,0.09259033,0.022735596,0.020767212,0.1953125,0.24108887,0.0068092346,0.008415222,0.0003540516,0.021362305,0.83984375,0.0018548965,0.004802704,0.4650879,0.5859375,0.000004172325,0.000009059906,0.38549805,0.004722595,0.026992798,0.02079773,0.0009946823,0.007762909,0.4609375,0.00043535233,0.00207901,0.0042800903,0.00038695335,0.0028266907,0.000685215,0.0017681122,0.000014066696,0.000313282,0.0004441738,0.0010519028,9.536743e-7,4.172325e-7,0
1.1920929e-7,0.00019323826,0.00024306774,0.59375,0.7363281,0.35009766,0.00004351139,1.1920929e-7,2.9802322e-7,0.024765015,0.019805908,0.058013916,0.07324219,0.061187744,0.17858887,0.13635254,0.03237915,0.19836426,0.1550293,0.21081543,0.0413208,0.054779053,0.018661499,0.0002002716,0.007068634,0.72216797,0.004322052,0.0039253235,0.010871887,0.0014562607,0.001786232,0.005004883,0.0016679764,0.00080633163,0.0088272095,0.014846802,0.0018968582,0.009803772,0.0065345764,0.00017488003,0.0014543533,0.0034561157,0.00054740906,0.00052404404,0.00020968914,0.00045251846,0.0005311966,0.057617188,0.000012397766,0.000017821789,0.0000032782555,3.5762787e-7,0
2.9802322e-7,0.00006514788,0.00007158518,0.73876953,0.7915039,0.65234375,0.00013244152,5.364418e-7,4.7683716e-7,0.16809082,0.14196777,0.061401367,0.07067871,0.052978516,0.23693848,0.17443848,0.012359619,0.20654297,0.17675781,0.5151367,0.39526367,0.0082473755,0.005088806,0.0002605915,0.4609375,0.6694336,0.00005555153,0.012886047,0.003967285,0.01763916,0.017623901,0.016555786,0.0038661957,0.00075244904,0.07678223,0.06359863,0.0028076172,0.011917114,0.058258057,0.00015294552,0.033691406,0.039123535,0.004688263,0.00019550323,0.000009655952,0.00000500679,0.0012245178,0.0008339882,0.00004053116,0.000026106834,0.0000028014183,6.556511e-7,0
2.9802322e-7,0.00006324053,0.00012886524,0.8730469,0.8178711,0.39794922,0.00022804737,0.0000019669533,8.34465e-7,0.012634277,0.0066986084,0.04171753,0.041381836,0.023590088,0.3869629,0.34692383,0.0121154785,0.30908203,0.26708984,0.12072754,0.024093628,0.084106445,0.12054443,0.00048589706,0.00032758713,0.96728516,0.10473633,0.0010738373,0.022384644,0.024795532,0.008590698,0.018951416,0.031341553,0.00018823147,0.054595947,0.1361084,0.0009870529,0.0041999817,0.045013428,0.0032577515,0.0019626617,0.0019340515,0.00026726723,0.008026123,0.0009870529,0.0029392242,0.0009036064,0.10461426,0.0001475811,0.0005350113,0.00000834465,7.748604e-7,0
0.0000017285347,0.000085413456,0.00024306774,0.70996094,0.5522461,0.55322266,0.00014483929,0.0000023245811,0.0000011324883,0.16320801,0.2142334,0.057525635,0.08105469,0.068603516,0.100097656,0.13049316,0.09893799,0.16796875,0.1439209,0.51220703,0.2512207,0.0054969788,0.004951477,0.00026917458,0.00006234646,0.43310547,0.44067383,0.0055160522,0.061584473,0.0010824203,0.0017814636,0.0036010742,0.0056915283,0.00032019615,0.022613525,0.12347412,0.03982544,0.00111866,0.04095459,0.0011062622,0.013793945,0.008979797,0.005405426,0.0073661804,0.00007075071,0.000021755695,0.000259161,0.0061073303,0.0007100105,0.00010794401,0.000009775162,0.00000166893,0
0.0000010728836,0.00004273653,0.000061154366,0.85791016,0.79833984,0.9038086,0.0003938675,8.34465e-7,0.0000017285347,0.17370605,0.17700195,0.095581055,0.12731934,0.03869629,0.20410156,0.20715332,0.027175903,0.16638184,0.11462402,0.55859375,0.27124023,0.0062065125,0.00705719,0.00034832954,0.0005979538,0.75439453,0.16186523,0.009735107,0.037200928,0.0021438599,0.020858765,0.032348633,0.0018358231,0.25097656,0.04525757,0.0847168,0.011184692,0.002872467,0.024993896,4.7683716e-7,0.022964478,0.08050537,0.0024108887,0.00037026405,0.000062704086,0.000015258789,0.0011072159,0.0033340454,0.00006431341,0.000010073185,0.000006556511,0.0000017881393,0
6.556511e-7,0.0017213821,0.0010757446,0.2919922,0.5517578,0.30078125,0.00025892258,0.000001847744,2.3841858e-7,0.06188965,0.06970215,0.03604126,0.053833008,0.9501953,0.00026488304,0.0007042885,0.95751953,0.24743652,0.19909668,0.40600586,0.1538086,0.022125244,0.0077934265,0.00076436996,0.08093262,0.7558594,0.004043579,0.0017623901,0.0030155182,0.074401855,0.017715454,0.017211914,0.012306213,0.00039863586,0.27441406,0.21105957,0.0006799698,0.036102295,0.010726929,0.0003876686,0.0012598038,0.005104065,0.0016555786,0.011985779,0.000248909,0.0014104843,0.0004887581,0.018539429,0.0006351471,0.0037765503,0.0000063180923,0.0000072717667,0
3.5762787e-7,0.00001847744,0.000022113323,0.85302734,0.87353516,0.8261719,0.0001308918,8.940697e-7,4.7683716e-7,0.14294434,0.12634277,0.22888184,0.24951172,0.08404541,0.1262207,0.07788086,0.027130127,0.06439209,0.040985107,0.4506836,0.4477539,0.008590698,0.0082473755,0.00022602081,0.0077819824,0.58203125,0.005218506,0.018173218,0.009552002,0.01259613,0.0030441284,0.0034122467,0.0023117065,0.0026340485,0.059173584,0.085876465,0.003578186,0.006126404,0.12561035,0.00010377169,0.03604126,0.032196045,0.0058898926,0.000374794,0.000011384487,0.0000054240227,0.0002799034,0.000364542,0.00005310774,0.000030577183,0.0000020861626,5.364418e-7,0
0.0000014901161,0.001996994,0.0008854866,0.77197266,0.32836914,0.18151855,0.000044107437,0.000002503395,5.364418e-7,0.121398926,0.21643066,0.04095459,0.042785645,0.11212158,0.101501465,0.058898926,0.070129395,0.27075195,0.21459961,0.41992188,0.36108398,0.013542175,0.010482788,0.000055134296,0.03161621,0.85302734,0.00088071823,0.56640625,0.0014677048,0.006401062,0.001581192,0.0014286041,0.026107788,0.0006008148,0.0050086975,0.005886078,0.00021898746,0.0009460449,0.9897461,0.011474609,0.30078125,0.1784668,0.023773193,0.00038862228,5.9604645e-8,0.0,0.000043094158,0.000059902668,0.0000029206276,0.000002026558,6.556511e-7,1.7881393e-7,0
0.0000014901161,0.00077056885,0.000012993813,0.70947266,0.46118164,0.8330078,0.00039052963,7.1525574e-7,3.5762787e-7,0.15490723,0.08392334,0.17980957,0.18566895,0.045318604,0.09466553,0.10900879,0.058013916,0.0574646,0.049713135,0.43676758,0.2866211,0.0040626526,0.011291504,0.00025510788,0.0009570122,0.69970703,0.0069236755,0.032348633,0.16015625,0.029968262,0.0000074505806,0.000009357929,0.013381958,0.034210205,0.009315491,0.010894775,0.042419434,0.029891968,0.016357422,0.000035703182,0.0014696121,0.018951416,0.0007100105,0.0019054413,0.6953125,0.56152344,0.0013809204,0.0014266968,0.0035743713,0.0020179749,7.1525574e-7,0.0000010728836,0
7.748604e-7,0.25024414,0.00006574392,0.14648438,0.0026950836,0.80615234,0.0002323389,0.000003516674,5.9604645e-8,0.78759766,0.057434082,0.6347656,0.44433594,0.14099121,0.25195312,0.07305908,0.022232056,0.0044059753,0.028045654,0.07910156,0.37939453,0.00036859512,0.0124435425,0.00038433075,0.108947754,0.45898438,0.0011510849,0.005596161,0.0011777878,0.111083984,0.011871338,0.0035190582,0.023254395,0.0014705658,0.5073242,0.18640137,0.001291275,0.021057129,0.044006348,0.00024437904,0.004146576,0.004852295,0.00907135,0.08898926,0.0008893013,0.0009899139,0.019958496,0.0005598068,0.13513184,0.22229004,0.000002503395,2.3841858e-7,0
0.0000010728836,0.0022640228,0.000069618225,0.82177734,0.2919922,0.81884766,0.0014982224,0.0000046491623,4.7683716e-7,0.10443115,0.1161499,0.19641113,0.23425293,0.14501953,0.11431885,0.08276367,0.12878418,0.08911133,0.070739746,0.13903809,0.10394287,0.04537964,0.018707275,0.002483368,0.020202637,0.6123047,0.0007677078,0.0027065277,0.0115356445,0.16174316,0.4362793,0.41674805,0.004714966,0.00012278557,0.35327148,0.43603516,0.0028915405,0.009788513,0.005378723,0.004234314,0.003156662,0.023025513,0.0016717911,0.022506714,0.0013971329,0.0008673668,0.2783203,0.1171875,0.12426758,0.20458984,0.00002014637,0.000001013279,0
5.364418e-7,0.000021874905,0.000025212765,0.8959961,0.8984375,0.80126953,0.000040113926,6.556511e-7,4.172325e-7,0.35375977,0.48901367,0.47680664,0.45898438,0.01638794,0.29956055,0.29101562,0.009613037,0.025894165,0.011703491,0.54589844,0.51708984,0.0032444,0.0007915497,0.0000692606,0.008895874,0.111083984,0.0005044937,0.013092041,0.0022144318,0.00069379807,0.00046753883,0.00082588196,0.0025157928,0.005241394,0.004886627,0.00844574,0.002199173,0.0014228821,0.88671875,0.00074625015,0.19750977,0.12927246,0.009963989,0.0012178421,3.5762787e-7,1.1920929e-7,0.00004118681,0.00026583672,0.00001579523,0.000011980534,0.0000038146973,2.3841858e-7,0
1.1920929e-7,0.000020384789,0.000009179115,0.93408203,0.9116211,0.92529297,0.0003745556,7.1525574e-7,8.940697e-7,0.09625244,0.02796936,0.10797119,0.10180664,0.15600586,0.07745361,0.04473877,0.07501221,0.14794922,0.14672852,0.46557617,0.34350586,0.011871338,0.03817749,0.0007996559,0.0087890625,0.90185547,0.0051879883,0.0021648407,0.044281006,0.045166016,0.00050497055,0.0005965233,0.015670776,0.03894043,0.27563477,0.23144531,0.002691269,0.005264282,0.023452759,0.000006914139,0.0018625259,0.012809753,0.00012469292,0.00074768066,0.0013933182,0.000957489,0.0012998581,0.0016384125,0.00045323372,0.00019741058,0.000002682209,8.940697e-7,0
4.7683716e-7,0.00043940544,0.00020503998,0.6826172,0.6513672,0.6401367,0.000083088875,5.364418e-7,5.364418e-7,0.027877808,0.007724762,0.012893677,0.0107803345,0.00459671,0.5253906,0.54345703,0.006828308,0.5004883,0.50439453,0.13000488,0.085754395,0.02859497,0.053894043,0.000364542,0.16271973,0.7446289,0.00010406971,0.008354187,0.00066041946,0.022369385,0.02053833,0.026321411,0.01638794,0.0010738373,0.027328491,0.018554688,0.00071430206,0.023910522,0.03439331,0.00010937452,0.0015792847,0.004814148,0.00079488754,0.0006656647,0.0001655817,0.00042533875,0.0022830963,0.040985107,0.00008028746,0.0001616478,0.0000025629997,0.0000012516975,0
0.0000021457672,0.124816895,0.0004169941,0.27001953,0.0107803345,0.46679688,0.000025808811,2.9802322e-7,5.9604645e-8,0.33984375,0.15490723,0.26782227,0.25878906,0.011871338,0.45532227,0.44848633,0.013031006,0.039398193,0.054138184,0.28881836,0.43774414,0.003616333,0.004005432,0.00003761053,0.00040078163,0.05218506,0.003332138,0.026641846,0.008529663,0.008796692,0.0026760101,0.003818512,0.0006246567,0.0007505417,0.0021152496,0.0011196136,0.025772095,0.070373535,0.0052871704,0.001203537,0.117614746,0.3701172,0.02722168,0.0019273758,0.00006765127,0.000057697296,0.0024089813,0.0016155243,0.00007122755,0.00014960766,3.5762787e-7,1.1920929e-7,0
0.0000013113022,0.000105023384,0.0000042915344,0.8730469,0.81103516,0.91845703,0.00038599968,7.748604e-7,0.000001013279,0.08190918,0.035217285,0.20141602,0.2220459,0.019943237,0.19238281,0.19641113,0.025802612,0.045837402,0.039855957,0.4091797,0.25390625,0.00793457,0.022857666,0.0005130768,0.0005478859,0.71875,0.016418457,0.020904541,0.40844727,0.10467529,0.000018835068,0.000033199787,0.008766174,0.008674622,0.021087646,0.021728516,0.09674072,0.07141113,0.0053901672,0.00008749962,0.0026397705,0.008216858,0.0007824898,0.0014333725,0.052703857,0.04446411,0.0010204315,0.0037460327,0.001405716,0.0005540848,0.0000013709068,8.940697e-7,0
8.940697e-7,0.0025196075,0.003376007,0.5883789,0.43139648,0.36206055,0.00015771389,0.0000019669533,4.172325e-7,0.059661865,0.016662598,0.025146484,0.057678223,0.31030273,0.025375366,0.031341553,0.35327148,0.36254883,0.29003906,0.5878906,0.04916382,0.051940918,0.10101318,0.00020229816,0.001824379,0.060699463,0.0011911392,0.0013723373,0.0057411194,0.004032135,0.13183594,0.066345215,0.002494812,0.00010341406,0.032440186,0.03050232,0.011199951,0.016708374,0.009925842,0.0017547607,0.20690918,0.038909912,0.0385437,0.02407837,0.000034809113,0.000019967556,0.07342529,0.0015220642,0.0027599335,0.0039787292,7.748604e-7,2.9802322e-7,0
0.0000046491623,0.00027751923,0.0001398325,0.80810547,0.63964844,0.65966797,0.00028800964,0.0000054240227,2.9802322e-7,0.028869629,0.03668213,0.0051612854,0.0064811707,0.004306793,0.4140625,0.42041016,0.00945282,0.6352539,0.62646484,0.17956543,0.15551758,0.033081055,0.0340271,0.00006955862,0.0037250519,0.3071289,0.0015773773,0.006023407,0.00541687,0.008628845,0.019500732,0.013038635,0.004512787,0.0045700073,0.01939392,0.0087890625,0.10821533,0.22009277,0.0013790131,0.00002092123,0.29882812,0.064941406,0.19189453,0.0892334,0.001376152,0.00039339066,0.029296875,0.00028038025,0.0061836243,0.005844116,4.7683716e-7,8.940697e-7,0
2.3841858e-7,0.00006502867,0.000040113926,0.8300781,0.8354492,0.7583008,0.00006818771,7.1525574e-7,4.172325e-7,0.06762695,0.04638672,0.28588867,0.31860352,0.034484863,0.35986328,0.2565918,0.0046195984,0.0473938,0.025680542,0.35009766,0.2052002,0.018569946,0.019180298,0.00019061565,0.0022258759,0.65185547,0.01260376,0.006034851,0.004722595,0.003250122,0.00409317,0.005619049,0.007827759,0.0009813309,0.01687622,0.026168823,0.0037593842,0.0035915375,0.044036865,0.000218153,0.002811432,0.0032234192,0.0012598038,0.0010385513,0.00023460388,0.00015854836,0.0013074875,0.0028305054,0.00015866756,0.00011283159,0.000003695488,7.1525574e-7,0
1.7881393e-7,0.000062823296,0.000028729439,0.8388672,0.8496094,0.87109375,0.0002732277,6.556511e-7,9.536743e-7,0.09729004,0.030151367,0.18920898,0.17980957,0.14013672,0.06719971,0.04336548,0.101501465,0.079833984,0.07940674,0.3881836,0.3449707,0.010826111,0.032928467,0.00064611435,0.0146484375,0.921875,0.0035686493,0.0026454926,0.058654785,0.059173584,0.00025701523,0.0004415512,0.02558899,0.030517578,0.2097168,0.16320801,0.0018835068,0.0064086914,0.045898438,0.000012874603,0.0033950806,0.016937256,0.00017297268,0.00076055527,0.0005836487,0.00053977966,0.00025367737,0.001958847,0.00029325485,0.00014173985,0.0000023245811,0.0000011920929,0
0.0000052452087,0.00072193146,0.0009160042,0.7529297,0.5805664,0.30615234,0.00008589029,0.0000034570694,1.1920929e-7,0.35888672,0.19396973,0.04623413,0.03515625,0.06414795,0.1920166,0.20043945,0.07733154,0.29785156,0.3125,0.6142578,0.24890137,0.013725281,0.008033752,0.00003194809,0.008552551,0.65625,0.010253906,0.6254883,0.0001834631,0.0069847107,0.050201416,0.025787354,0.028289795,0.005420685,0.0024337769,0.0018453598,0.00019526482,0.0017518997,0.96972656,0.0006389618,0.038513184,0.05621338,0.07086182,0.011116028,1.7881393e-7,1.1920929e-7,0.003288269,0.0001809597,0.00002002716,0.000034451485,0.0000012516975,1.7881393e-7,0
8.34465e-7,0.000047028065,0.00006759167,0.87353516,0.78759766,0.8955078,0.00044250488,8.940697e-7,0.0000017881393,0.16772461,0.19934082,0.09082031,0.11566162,0.059631348,0.15429688,0.14916992,0.038848877,0.18469238,0.13000488,0.5390625,0.2944336,0.0067253113,0.007247925,0.000330925,0.0015954971,0.8623047,0.080078125,0.007610321,0.05203247,0.0024147034,0.015533447,0.025436401,0.0024642944,0.14819336,0.055755615,0.10144043,0.009414673,0.0021247864,0.03955078,0.0000011920929,0.02720642,0.09460449,0.001584053,0.00037169456,0.000048935413,0.000011205673,0.0008454323,0.0025787354,0.000048696995,0.0000064373016,0.000007212162,0.0000016093254,0
0.0000061392784,0.040161133,0.000009953976,0.63671875,0.039611816,0.91064453,0.0003554821,0.00000756979,4.7683716e-7,0.004634857,0.0007238388,0.037872314,0.02279663,0.09649658,0.06112671,0.076171875,0.12359619,0.24926758,0.36376953,0.027801514,0.22399902,0.16699219,0.2397461,0.0010509491,0.03765869,0.28466797,0.0011911392,0.00043034554,0.012207031,0.042022705,0.25830078,0.20532227,0.0031795502,0.00002193451,0.87841797,0.67578125,0.047607422,0.05432129,0.001288414,0.0067596436,0.09631348,0.004508972,0.020065308,0.024490356,0.003107071,0.0038204193,0.041137695,0.03604126,0.021362305,0.029266357,0.0000038146973,0.000001013279,0
0.00000166893,0.000039219856,0.000085771084,0.75146484,0.9213867,0.80566406,0.0011663437,0.0000028014183,0.0000054240227,0.15161133,0.29785156,0.22131348,0.48266602,0.0023593903,0.46118164,0.5571289,0.014015198,0.09100342,0.021102905,0.546875,0.16381836,0.015655518,0.0036067963,0.002199173,0.08508301,0.6503906,0.00038599968,0.0013694763,0.0692749,0.0056877136,0.15148926,0.24328613,0.0054893494,0.007484436,0.18615723,0.3149414,0.039855957,0.008834839,0.002779007,0.000010073185,0.012321472,0.006477356,0.0041007996,0.0074653625,0.005809784,0.0017356873,0.012413025,0.053649902,0.009750366,0.0020542145,0.000020503998,0.000023186207,0
2.3841858e-7,0.00017881393,0.00008803606,0.7529297,0.6489258,0.5644531,0.000032663345,4.7683716e-7,2.3841858e-7,0.07946777,0.085510254,0.32763672,0.32885742,0.072387695,0.12683105,0.08795166,0.03366089,0.04095459,0.024932861,0.3395996,0.31469727,0.014968872,0.009414673,0.00013780594,0.011154175,0.60058594,0.0014562607,0.0059318542,0.0032730103,0.0012931824,0.0023231506,0.005771637,0.009468079,0.0019235611,0.004940033,0.008483887,0.0006842613,0.0019416809,0.14379883,0.00011533499,0.0026550293,0.0034008026,0.0013570786,0.0010929108,0.00004005432,0.000042021275,0.00017929077,0.006565094,0.00009769201,0.000067174435,0.0000024437904,7.1525574e-7,0
0.0000013709068,0.00012660027,0.000029623508,0.94628906,0.6875,0.86816406,0.0007891655,0.000005364418,4.172325e-7,0.059814453,0.081970215,0.2376709,0.2626953,0.09136963,0.15466309,0.13745117,0.086364746,0.06604004,0.051757812,0.17114258,0.17626953,0.0713501,0.01763916,0.0010528564,0.044128418,0.5830078,0.00061416626,0.007972717,0.0033626556,0.076049805,0.5126953,0.46875,0.011726379,0.0006966591,0.12524414,0.20751953,0.00092220306,0.007171631,0.03225708,0.0005455017,0.005466461,0.028884888,0.0036010742,0.022460938,0.00021004677,0.00015950203,0.07086182,0.030410767,0.031341553,0.0592041,0.0000121593475,0.000001013279,0
6.556511e-7,0.000011920929,0.000017225742,0.9116211,0.9082031,0.8623047,0.00007510185,7.1525574e-7,0.0000015497208,0.10180664,0.105529785,0.14355469,0.16516113,0.042419434,0.1850586,0.16748047,0.016403198,0.08831787,0.062347412,0.4440918,0.3071289,0.011833191,0.009613037,0.0001821518,0.004699707,0.14501953,0.0007286072,0.019699097,0.0059394836,0.00014770031,0.00440979,0.0069885254,0.0011453629,0.068359375,0.0067825317,0.022445679,0.0068130493,0.00081157684,0.37158203,0.000008702278,0.1237793,0.07330322,0.0038261414,0.00049972534,0.000005364418,8.940697e-7,0.0006008148,0.0013246536,0.00001579523,0.000003874302,0.0000030398369,4.7683716e-7,0
2.9802322e-7,0.000106334686,0.00012946129,0.71972656,0.88183594,0.78515625,0.00006222725,5.364418e-7,4.7683716e-7,0.020858765,0.06585693,0.0368042,0.2697754,0.50927734,0.009613037,0.015304565,0.56152344,0.34350586,0.046905518,0.34765625,0.051727295,0.20947266,0.00919342,0.00063610077,0.00019538403,0.0020942688,0.0011320114,0.00010418892,0.0072250366,0.0021038055,0.038238525,0.024276733,0.019683838,0.00014448166,0.026550293,0.07385254,0.008644104,0.006160736,0.11987305,0.0022697449,0.0071144104,0.002861023,0.005004883,0.034423828,0.00023627281,0.00014042854,0.06262207,0.0063819885,0.014892578,0.0076904297,0.000009000301,1.7881393e-7,0
6.556511e-7,0.00012898445,0.00011116266,0.8671875,0.859375,0.68603516,0.00023257732,0.000002503395,5.9604645e-7,0.008476257,0.022460938,0.03955078,0.1003418,0.17346191,0.24182129,0.07434082,0.0418396,0.4387207,0.23620605,0.097473145,0.024978638,0.31030273,0.049560547,0.00068569183,0.0009264946,0.89453125,0.16052246,0.0035686493,0.012771606,0.12194824,0.014480591,0.007457733,0.088134766,0.00010192394,0.22314453,0.070251465,0.011199951,0.060394287,0.00919342,0.0059051514,0.0031433105,0.0029850006,0.0011720657,0.014213562,0.005722046,0.012825012,0.026229858,0.008735657,0.0019369125,0.0030765533,0.000002503395,2.3841858e-7,0
7.748604e-7,0.00001013279,0.000012278557,0.9428711,0.9741211,0.9272461,0.00025987625,0.0000064969063,0.0000012516975,0.22387695,0.040100098,0.51708984,0.5029297,0.05218506,0.18933105,0.17480469,0.033325195,0.019226074,0.022064209,0.20019531,0.43408203,0.011177063,0.03643799,0.000647068,0.00023949146,0.6357422,0.17687988,0.0019340515,0.08087158,0.0074806213,0.0070762634,0.007659912,0.02067566,0.000039041042,0.0949707,0.28710938,0.05657959,0.0018568039,0.0090408325,0.007270813,0.0021781921,0.0017023087,0.0023097992,0.017990112,0.011558533,0.0040245056,0.00756073,0.0041885376,0.019958496,0.005558014,0.0000064373016,0.000004708767,0
5.9604645e-7,0.00032019615,0.000015676022,0.8388672,0.83203125,0.8666992,0.00072574615,0.0000017881393,4.172325e-7,0.15356445,0.25146484,0.3618164,0.41552734,0.03491211,0.20959473,0.19934082,0.018630981,0.045196533,0.029205322,0.37353516,0.19335938,0.012580872,0.0034275055,0.0009851456,0.010810852,0.7128906,0.0014228821,0.00068616867,0.03463745,0.024658203,0.0107803345,0.020935059,0.016571045,0.0014333725,0.29760742,0.44506836,0.010498047,0.024536133,0.003484726,0.000038683414,0.004676819,0.0028190613,0.0024909973,0.0154953,0.01751709,0.012413025,0.0025234222,0.012382507,0.048919678,0.025375366,0.000007688999,0.0000051259995,0
1.7881393e-7,0.0003170967,0.00018918514,0.6723633,0.671875,0.30810547,0.00020766258,9.536743e-7,2.3841858e-7,0.07324219,0.025787354,0.10290527,0.08898926,0.103149414,0.11999512,0.072021484,0.06311035,0.112976074,0.107177734,0.14782715,0.02859497,0.020874023,0.017730713,0.0017461777,0.0032615662,0.6196289,0.02230835,0.0002834797,0.008369446,0.024124146,0.005493164,0.008262634,0.019195557,0.0016231537,0.4033203,0.42797852,0.002571106,0.03665161,0.006450653,0.000066936016,0.0017910004,0.0013389587,0.0003914833,0.0124435425,0.004737854,0.012916565,0.003396988,0.031707764,0.00032949448,0.00090169907,0.000008404255,0.0000011324883,0
1.1920929e-7,0.000027418137,0.000010550022,0.9135742,0.9267578,0.8676758,0.000177145,7.748604e-7,3.5762787e-7,0.08660889,0.0345459,0.21166992,0.16821289,0.06549072,0.19128418,0.13012695,0.02130127,0.07397461,0.08691406,0.3215332,0.5463867,0.013633728,0.033203125,0.00041627884,0.03326416,0.9316406,0.0012903214,0.0017595291,0.034179688,0.080078125,0.00014567375,0.0002348423,0.020706177,0.0072517395,0.14953613,0.11199951,0.001906395,0.008918762,0.05758667,0.00008392334,0.0031394958,0.01663208,0.00030183792,0.0010700226,0.0003130436,0.0002632141,0.00018322468,0.0008621216,0.00043439865,0.00030946732,0.0000024437904,6.556511e-7,0
8.940697e-7,0.0029525757,0.0048980713,0.33544922,0.4675293,0.4111328,0.000008881092,0.0000017881393,2.9802322e-7,0.5629883,0.45922852,0.39379883,0.33251953,0.03048706,0.4362793,0.43798828,0.021987915,0.020553589,0.03302002,0.33691406,0.49975586,0.0014104843,0.0013446808,0.00025963783,0.00005286932,0.00017225742,0.0027542114,0.0000044107437,0.006591797,0.0051345825,0.008003235,0.010398865,0.111816406,0.000015497208,0.002916336,0.0035991669,0.023040771,0.009788513,0.6147461,0.076538086,0.005844116,0.00085926056,0.019638062,0.08215332,0.0010623932,0.0010442734,0.00258255,0.0463562,0.0013198853,0.00037789345,0.00002783537,1.1920929e-7,0
2.9802322e-7,0.000014841557,0.000023782253,0.8574219,0.91064453,0.87646484,0.00019013882,0.0000010728836,4.7683716e-7,0.13659668,0.13098145,0.070251465,0.14477539,0.16186523,0.12084961,0.036865234,0.039215088,0.21569824,0.09313965,0.5571289,0.37841797,0.009773254,0.008270264,0.00020515919,0.0056762695,0.8666992,0.010353088,0.0060043335,0.008430481,0.011619568,0.013877869,0.012588501,0.0068359375,0.009933472,0.046081543,0.055908203,0.0017786026,0.0034503937,0.088134766,0.000026464462,0.02192688,0.025039673,0.0033340454,0.0008826256,0.000043928623,0.000020086765,0.0009651184,0.00056886673,0.000076293945,0.000048935413,0.000002503395,7.1525574e-7,0
0.000001013279,0.004535675,0.00605011,0.44555664,0.31933594,0.18359375,0.0000061392784,0.0000013709068,1.7881393e-7,0.63427734,0.4892578,0.4338379,0.40698242,0.028213501,0.34399414,0.32885742,0.029220581,0.015686035,0.0231781,0.29296875,0.54589844,0.0008659363,0.0007300377,0.00014865398,0.00016927719,0.0005745888,0.0023117065,0.000017344952,0.005443573,0.0047912598,0.0038433075,0.005367279,0.13989258,0.000036895275,0.0020771027,0.0019550323,0.014976501,0.007091522,0.5854492,0.02079773,0.006793976,0.0014123917,0.015548706,0.0914917,0.0007557869,0.0008087158,0.0013771057,0.022460938,0.0005249977,0.00023567677,0.000013709068,1.1920929e-7,0
0.0000016093254,0.02029419,0.002752304,0.034576416,0.07354736,0.57421875,0.000013947487,0.00000500679,3.5762787e-7,0.8066406,0.59716797,0.6225586,0.5942383,0.089416504,0.13684082,0.092041016,0.07513428,0.0063552856,0.02230835,0.41748047,0.8100586,0.00009006262,0.0004930496,0.000047147274,0.004058838,0.036621094,0.0017194748,0.0011005402,0.0003643036,0.0024204254,0.005405426,0.0045166016,0.019073486,0.00030088425,0.0037136078,0.007408142,0.002483368,0.002281189,0.5620117,0.003862381,0.0146102905,0.0008277893,0.016036987,0.14953613,0.0000988245,0.00011205673,0.0005288124,0.0041236877,0.0007314682,0.0008921623,0.000004529953,8.940697e-7,0
1.1920929e-7,0.023666382,0.0072746277,0.112976074,0.27368164,0.031204224,0.000004351139,5.9604645e-8,0.0,0.40820312,0.40478516,0.6933594,0.6660156,0.18774414,0.074645996,0.066833496,0.18566895,0.009208679,0.0023097992,0.5058594,0.38110352,0.0040130615,0.00020611286,0.000052452087,0.09094238,0.0010356903,0.0000020861626,0.000044584274,0.000052928925,0.0008997917,0.08648682,0.036468506,0.0022506714,0.015060425,0.001288414,0.00071430206,0.0020523071,0.020309448,0.3544922,0.000009417534,0.021591187,0.0019226074,0.11462402,0.037017822,0.000009655952,0.000013709068,0.004875183,0.0010356903,0.000027954578,0.00018203259,0.0000011324883,1.1920929e-7,0
0.000012040138,0.022567749,0.45214844,0.004776001,0.5839844,0.008094788,0.000033795834,5.9604645e-8,2.3841858e-7,0.4729004,0.71972656,0.00085258484,0.013626099,0.011436462,0.32763672,0.33007812,0.0184021,0.73828125,0.53808594,0.24816895,0.035217285,0.0019102097,0.00019717216,0.000008761883,0.000027477741,0.0026569366,0.0036506653,0.00032615662,0.012016296,0.17504883,0.000033676624,0.00003373623,0.019088745,0.000062704086,0.00012886524,0.000039458275,0.089538574,0.13586426,0.20153809,0.17651367,0.016967773,0.0046806335,0.5571289,0.22753906,0.21960449,0.49389648,0.0001026988,0.00096940994,0.008331299,0.01525116,0.0000049471855,1.7881393e-7,0
3.5762787e-7,0.000014364719,0.000012755394,0.89160156,0.89501953,0.8696289,0.00013804436,0.0000013113022,4.7683716e-7,0.16845703,0.12988281,0.22595215,0.24975586,0.12731934,0.12298584,0.046966553,0.03503418,0.068237305,0.04168701,0.48120117,0.44726562,0.007949829,0.00894165,0.00024938583,0.0064468384,0.6376953,0.008964539,0.016342163,0.007293701,0.017349243,0.0066566467,0.0071372986,0.0024433136,0.002210617,0.066223145,0.079956055,0.0022621155,0.007095337,0.1340332,0.00012230873,0.0473938,0.034179688,0.0064048767,0.0004222393,0.000009715557,0.0000056624413,0.0003182888,0.00044631958,0.000035703182,0.000026226044,0.0000022053719,5.9604645e-7,0
0.000001013279,0.000020205975,0.000106573105,0.86865234,0.9399414,0.76660156,0.00001770258,0.0000011920929,0.000001013279,0.055908203,0.05319214,0.099365234,0.1038208,0.011177063,0.24865723,0.39624023,0.054016113,0.07293701,0.074523926,0.11480713,0.44018555,0.019729614,0.010276794,0.00015485287,0.000026762486,0.0013332367,0.0058250427,0.00001591444,0.0031852722,0.032592773,0.00024271011,0.0004708767,0.0018663406,0.0012369156,0.0037727356,0.0035514832,0.028884888,0.11456299,0.054504395,0.0042495728,0.02067566,0.009246826,0.023498535,0.04550171,0.00039601326,0.00091457367,0.00016283989,0.03604126,0.00033259392,0.00083112717,0.000024914742,8.940697e-7,0
5.9604645e-7,0.00001013279,0.000012278557,0.9428711,0.92626953,0.9472656,0.00021338463,0.0000012516975,0.000001847744,0.13745117,0.14440918,0.27197266,0.3154297,0.008865356,0.43920898,0.4572754,0.008087158,0.05291748,0.029190063,0.42333984,0.29248047,0.008621216,0.0076065063,0.000344038,0.00075626373,0.7451172,0.13427734,0.005695343,0.016921997,0.0026226044,0.00617218,0.009399414,0.0054244995,0.059906006,0.05041504,0.0769043,0.0049819946,0.003921509,0.04168701,0.000004529953,0.006980896,0.031280518,0.0015125275,0.0011806488,0.00009697676,0.00004452467,0.000916481,0.005256653,0.00017213821,0.000058472157,0.00000756979,0.0000017881393,0
7.1525574e-7,0.00024557114,0.00045466423,0.7963867,0.8261719,0.8745117,0.00024700165,0.0000019669533,2.9802322e-7,0.2541504,0.28051758,0.38500977,0.43481445,0.072387695,0.21911621,0.22998047,0.07501221,0.06088257,0.040130615,0.49951172,0.36328125,0.02130127,0.0052452087,0.00079107285,0.011962891,0.5727539,0.01651001,0.002746582,0.008682251,0.018753052,0.004989624,0.0029067993,0.09631348,0.00013399124,0.18518066,0.10028076,0.0078086853,0.0074043274,0.02507019,0.0045547485,0.0023765564,0.012458801,0.0011548996,0.009864807,0.00029158592,0.0002603531,0.008575439,0.0048561096,0.010627747,0.0037593842,0.0000051259995,5.9604645e-7,0
0.0000014305115,0.01864624,0.004272461,0.030181885,0.074523926,0.49072266,0.000013649464,0.000004827976,2.9802322e-7,0.79003906,0.59765625,0.62158203,0.6430664,0.09967041,0.1262207,0.08416748,0.0847168,0.0067100525,0.018615723,0.42456055,0.8027344,0.000095546246,0.00049066544,0.000045239925,0.0047416687,0.03967285,0.0015039444,0.0014295578,0.00028061867,0.0031795502,0.0058555603,0.004562378,0.01763916,0.00011241436,0.003025055,0.005584717,0.002576828,0.0025367737,0.5390625,0.009094238,0.013046265,0.0005950928,0.01651001,0.15563965,0.00017488003,0.00022447109,0.00064754486,0.00415802,0.00054359436,0.00084638596,0.000003874302,8.940697e-7,0
0.000008940697,0.00077342987,0.05368042,0.013374329,0.79052734,0.09698486,0.00024402142,0.00000166893,0.000003695488,0.22192383,0.40112305,0.0009045601,0.079711914,0.000116825104,0.97558594,0.98535156,0.00019073486,0.7573242,0.1875,0.32739258,0.09057617,0.003370285,0.00044369698,0.00013542175,0.001704216,0.62402344,0.0035266876,0.56103516,0.0006289482,0.019073486,0.0076942444,0.0038814545,0.002407074,0.015151978,0.0012645721,0.00052690506,0.031829834,0.08666992,0.012069702,0.00030136108,0.04827881,0.008735657,0.088256836,0.029754639,0.0047912598,0.0033931732,0.024627686,0.0070381165,0.00025129318,0.00028252602,0.00000500679,0.0000012516975,0
1.1920929e-7,0.00006604195,0.00002861023,0.8598633,0.8779297,0.7792969,0.000182271,6.556511e-7,2.3841858e-7,0.045837402,0.019317627,0.13513184,0.10821533,0.059936523,0.203125,0.13879395,0.01965332,0.110839844,0.14746094,0.20690918,0.4338379,0.021392822,0.048553467,0.0006213188,0.04107666,0.88427734,0.0008740425,0.0013656616,0.008117676,0.15441895,0.00038456917,0.00046539307,0.02784729,0.0026054382,0.35229492,0.17895508,0.00075674057,0.011833191,0.05770874,0.00011795759,0.0012607574,0.0060806274,0.00020313263,0.0013256073,0.00083065033,0.0013360977,0.00036525726,0.0016231537,0.0005660057,0.00082969666,0.000002503395,8.34465e-7,0
0.0000010728836,0.0000385046,0.000036895275,0.8535156,0.74121094,0.6435547,0.000055253506,8.34465e-7,5.364418e-7,0.01965332,0.07861328,0.02458191,0.031036377,0.014945984,0.42041016,0.4296875,0.002374649,0.32788086,0.30981445,0.09100342,0.31152344,0.05731201,0.014511108,0.000045239925,0.0047798157,0.31274414,0.0023937225,0.0060653687,0.033599854,0.0050354004,0.00024938583,0.0005888939,0.0010280609,0.008804321,0.008110046,0.009597778,0.014480591,0.011978149,0.04458618,0.000118911266,0.17297363,0.16833496,0.037506104,0.010147095,0.000015318394,0.000005543232,0.00004130602,0.00048327446,0.0009198189,0.00021076202,0.0000030398369,4.172325e-7,0
1.1920929e-7,0.49267578,0.0021705627,0.0062217712,0.023101807,0.5073242,0.000043213367,5.9604645e-8,5.9604645e-8,0.079833984,0.007209778,0.0769043,0.05645752,0.26513672,0.024520874,0.03894043,0.2902832,0.12072754,0.18774414,0.7138672,0.022155762,0.008148193,0.12878418,0.00012552738,0.015991211,0.002445221,0.0000073313713,0.00009506941,0.0076942444,0.03982544,0.000031769276,0.000008583069,0.00881958,0.17626953,0.01386261,0.004928589,0.03353882,0.036712646,0.12371826,0.0000066161156,0.007972717,0.0074386597,0.002363205,0.0025634766,0.0016107559,0.00069475174,0.021011353,0.000013768673,0.00019526482,0.00051021576,4.172325e-7,0.0,0
0.0000014305115,0.03375244,0.2644043,0.0055732727,0.0637207,0.0074806213,0.000028252602,2.3841858e-7,2.3841858e-7,0.6669922,0.82958984,0.6435547,0.6767578,0.03829956,0.18322754,0.13867188,0.023651123,0.015716553,0.003189087,0.8276367,0.6254883,0.0012645721,0.00004440546,0.00006610155,0.0015707016,0.058166504,0.0010318756,0.025619507,0.0025367737,0.00025224686,0.001868248,0.0035095215,0.011497498,0.000048339367,0.0008044243,0.0016384125,0.0035934448,0.0010690689,0.7241211,0.02947998,0.008804321,0.006298065,0.0053215027,0.009002686,0.000041365623,0.00002169609,0.0014829636,0.005718231,0.00005221367,0.00002002716,0.0000028014183,4.7683716e-7,0
0.0000017881393,0.15905762,0.0770874,0.14086914,0.13244629,0.07727051,0.0016908646,0.00000500679,2.3841858e-7,0.15136719,0.16662598,0.27783203,0.41748047,0.24890137,0.04559326,0.0579834,0.3100586,0.08319092,0.050720215,0.30664062,0.47436523,0.012664795,0.025634766,0.0041770935,0.0013208389,0.65527344,0.0036392212,0.00315094,0.10662842,0.67285156,0.0038795471,0.0023403168,0.1583252,0.000043094158,0.66796875,0.56396484,0.016540527,0.030166626,0.038269043,0.07312012,0.0012435913,0.004459381,0.0010538101,0.022598267,0.74609375,0.82910156,0.061920166,0.029937744,0.37670898,0.7734375,0.000002682209,0.00000166893,0
1.7881393e-7,0.0017299652,0.0013751984,0.52246094,0.40551758,0.15710449,0.00016534328,1.1920929e-7,5.9604645e-8,0.07409668,0.087646484,0.02116394,0.022445679,0.027542114,0.37158203,0.3713379,0.012184143,0.30151367,0.3100586,0.46484375,0.1381836,0.019454956,0.0028572083,0.0015411377,0.030807495,0.28637695,0.002626419,0.0017194748,0.0024147034,0.004146576,0.002506256,0.0035552979,0.0022201538,0.009811401,0.49609375,0.24475098,0.0013017654,0.08087158,0.0008559227,0.0000017881393,0.0013132095,0.0036506653,0.0003771782,0.0016107559,0.001115799,0.0063209534,0.0010623932,0.02947998,0.0001282692,0.0008468628,0.0000036358833,4.172325e-7,0
4.7683716e-7,0.0000069737434,0.000016212463,0.8701172,0.9453125,0.86621094,0.00014150143,0.0000013709068,8.940697e-7,0.115478516,0.12390137,0.085998535,0.10644531,0.02947998,0.39331055,0.32006836,0.0039787292,0.16845703,0.12121582,0.48291016,0.33154297,0.014060974,0.007587433,0.00024104118,0.113586426,0.78466797,0.0010080338,0.004837036,0.0057754517,0.01473999,0.037597656,0.040039062,0.0053634644,0.005378723,0.066101074,0.06427002,0.0023021698,0.010345459,0.043945312,0.00004053116,0.026565552,0.040039062,0.00756073,0.0017433167,0.000030457973,0.000018417835,0.00083208084,0.0011663437,0.00010150671,0.000103354454,0.0000063180923,0.0000013709068,0
4.7683716e-7,0.000050365925,0.000016093254,0.8989258,0.88427734,0.88378906,0.000108242035,0.000002026558,7.1525574e-7,0.02722168,0.020568848,0.32739258,0.3388672,0.11657715,0.10595703,0.051483154,0.043792725,0.04083252,0.028945923,0.15283203,0.15563965,0.046691895,0.04849243,0.0004172325,0.008834839,0.65234375,0.0028133392,0.0024223328,0.005493164,0.0018491745,0.018005371,0.033416748,0.02293396,0.0019426346,0.03894043,0.06585693,0.0021953583,0.0023536682,0.07104492,0.000064611435,0.0032844543,0.002298355,0.0009899139,0.0027256012,0.0003490448,0.00021982193,0.0015897751,0.009521484,0.00089120865,0.0005311966,0.0000056028366,0.0000020861626,0
0.0000011920929,0.0028820038,0.0011110306,0.7104492,0.37036133,0.21350098,0.000035464764,0.0000024437904,3.5762787e-7,0.13232422,0.18945312,0.055633545,0.04751587,0.09338379,0.11462402,0.07537842,0.064453125,0.22265625,0.19836426,0.34692383,0.40942383,0.012313843,0.012420654,0.0000487566,0.014144897,0.84716797,0.0012750626,0.6933594,0.001405716,0.0036010742,0.00085544586,0.000813961,0.025100708,0.0006299019,0.0034122467,0.0045928955,0.0002169609,0.00070905685,0.99365234,0.015808105,0.25439453,0.15185547,0.015167236,0.00029563904,5.9604645e-8,0.0,0.000039756298,0.00004631281,0.0000014901161,9.536743e-7,4.7683716e-7,1.1920929e-7,0
0.0000029206276,0.00007677078,0.000016391277,0.97265625,0.85253906,0.91064453,0.000019490719,7.748604e-7,1.1920929e-7,0.2211914,0.022537231,0.0138168335,0.010658264,0.028915405,0.27929688,0.29833984,0.03640747,0.4880371,0.4711914,0.42773438,0.19165039,0.01134491,0.012481689,0.000045657158,0.00012505054,0.008491516,0.010246277,0.0026073456,0.0015277863,0.00982666,0.016738892,0.012939453,0.0013141632,0.002368927,0.0009226799,0.00085639954,0.009307861,0.018798828,0.09588623,0.00063323975,0.051116943,0.11425781,0.12670898,0.003616333,0.000011444092,0.000006854534,0.0013904572,0.0008883476,0.000079751015,0.000084519386,0.0000022649765,5.9604645e-8,0
1.7881393e-7,0.000045597553,0.000039815903,0.88183594,0.92333984,0.8183594,0.0006427765,8.34465e-7,0.0000013709068,0.09680176,0.05142212,0.16821289,0.13354492,0.28686523,0.031951904,0.015571594,0.20996094,0.12609863,0.15100098,0.22216797,0.3635254,0.020065308,0.029220581,0.0018615723,0.033355713,0.8491211,0.0014400482,0.0010023117,0.04598999,0.047454834,0.0020771027,0.0036258698,0.010055542,0.011230469,0.74658203,0.6699219,0.0031337738,0.010566711,0.0107421875,0.000009834766,0.0026054382,0.009460449,0.0002567768,0.0008621216,0.0039024353,0.003326416,0.0015048981,0.0072669983,0.002922058,0.001709938,0.00000500679,0.0000026226044,0
7.748604e-7,0.000010728836,0.000017821789,0.91748047,0.9145508,0.87402344,0.00004208088,7.1525574e-7,0.0000013113022,0.11328125,0.14379883,0.11895752,0.14282227,0.03845215,0.19152832,0.18286133,0.016418457,0.10601807,0.07110596,0.5029297,0.37329102,0.011177063,0.006198883,0.000091433525,0.0059928894,0.057861328,0.0002989769,0.008926392,0.0036697388,0.00020360947,0.004299164,0.0066490173,0.00077342987,0.072265625,0.0023345947,0.005836487,0.007019043,0.0015487671,0.4416504,0.0000150203705,0.21520996,0.06970215,0.011932373,0.0010118484,0.0000032186508,7.748604e-7,0.00042176247,0.0011873245,0.0000057816505,0.0000025629997,0.0000030994415,3.5762787e-7,0
0.0000014305115,0.00006043911,0.00005698204,0.78759766,0.890625,0.8125,0.0012550354,0.0000026226044,0.0000031590462,0.15063477,0.20947266,0.30297852,0.36083984,0.004081726,0.44213867,0.46606445,0.0124435425,0.052978516,0.03111267,0.4104004,0.13879395,0.014625549,0.006477356,0.0018510818,0.031677246,0.6040039,0.0009188652,0.0012321472,0.07348633,0.00856781,0.12695312,0.18969727,0.00466156,0.0036563873,0.30859375,0.4794922,0.032226562,0.007331848,0.0040740967,0.000020563602,0.016036987,0.0057029724,0.0044174194,0.007160187,0.004673004,0.0015106201,0.007320404,0.0152282715,0.009849548,0.0018672943,0.000017225742,0.000014483929,0
7.1525574e-7,0.000071406364,0.000070631504,0.8847656,0.91064453,0.734375,0.00019645691,0.0000025629997,8.34465e-7,0.0072021484,0.017623901,0.037231445,0.10809326,0.25048828,0.18103027,0.04119873,0.06781006,0.46533203,0.22155762,0.10247803,0.018859863,0.37817383,0.055999756,0.00047278404,0.0007572174,0.8808594,0.16247559,0.0038795471,0.011810303,0.07122803,0.023025513,0.010948181,0.09692383,0.00004851818,0.12756348,0.047576904,0.011398315,0.03717041,0.0154953,0.015640259,0.0052986145,0.0042304993,0.0021324158,0.013168335,0.0022068024,0.003660202,0.039520264,0.0060806274,0.0019817352,0.0034713745,0.0000026226044,1.7881393e-7,0
0.000002503395,0.00024282932,0.00015544891,0.8876953,0.7314453,0.53759766,0.0002040863,0.000002503395,6.556511e-7,0.025222778,0.008483887,0.040924072,0.03338623,0.02961731,0.4477539,0.43017578,0.015068054,0.33374023,0.36376953,0.05557251,0.11621094,0.17102051,0.07745361,0.00033211708,0.03668213,0.7807617,0.0026493073,0.010726929,0.0060920715,0.035461426,0.09979248,0.08874512,0.08581543,0.019897461,0.02619934,0.026473999,0.00077342987,0.009963989,0.07977295,0.000044703484,0.0036697388,0.007751465,0.0062942505,0.09210205,0.0008573532,0.0013198853,0.033691406,0.015777588,0.0018873215,0.009384155,0.000003874302,3.5762787e-7,0
0.000001013279,0.0000063180923,0.0000033974648,0.97558594,0.9794922,0.9536133,0.00012433529,0.000009953976,0.00000166893,0.20837402,0.10076904,0.63427734,0.6455078,0.14135742,0.12390137,0.050689697,0.048614502,0.020263672,0.012748718,0.21020508,0.23999023,0.019363403,0.025985718,0.0003900528,0.019134521,0.6147461,0.0032844543,0.0015249252,0.0236969,0.0041923523,0.018722534,0.043029785,0.026260376,0.001991272,0.03564453,0.07208252,0.0074310303,0.0053863525,0.021728516,0.00013911724,0.016159058,0.0035552979,0.012611389,0.046081543,0.0010261536,0.0005607605,0.00046253204,0.009094238,0.01348114,0.0058784485,0.0000071525574,0.000008225441,0
1.7881393e-7,0.000012993813,0.000025093555,0.86376953,0.9189453,0.82910156,0.00017654896,8.940697e-7,5.364418e-7,0.10089111,0.10205078,0.1451416,0.26538086,0.029418945,0.62646484,0.35302734,0.0013065338,0.11639404,0.045135498,0.42260742,0.3449707,0.015640259,0.011329651,0.00038647652,0.01423645,0.8232422,0.0053596497,0.004383087,0.0056915283,0.060424805,0.009002686,0.00868988,0.009300232,0.0013036728,0.22521973,0.18200684,0.00121212,0.007297516,0.06427002,0.00016999245,0.009422302,0.012809753,0.0022773743,0.0012931824,0.00011378527,0.00011181831,0.0006055832,0.0012397766,0.0002155304,0.0002872944,0.000004172325,7.1525574e-7,0
0.0000014901161,0.0011024475,0.0001745224,0.79541016,0.20861816,0.60595703,0.000010311604,4.172325e-7,1.7881393e-7,0.06137085,0.012619019,0.084228516,0.0859375,0.029449463,0.28808594,0.26171875,0.019699097,0.14794922,0.18029785,0.19482422,0.16320801,0.026260376,0.030090332,0.00001835823,0.00059223175,0.018814087,0.008125305,0.010650635,0.0045166016,0.015342712,0.0003902912,0.00034189224,0.003545761,0.0025405884,0.00029826164,0.00027275085,0.0043182373,0.02772522,0.11785889,0.0011367798,0.06518555,0.071777344,0.087524414,0.010551453,0.000028014183,0.000029563904,0.0005517006,0.00023686886,0.000037133694,0.00006997585,4.172325e-7,0.0,0
1.7881393e-7,0.00006264448,0.00012218952,0.8671875,0.81884766,0.40698242,0.00019156933,9.536743e-7,6.556511e-7,0.034240723,0.007183075,0.089416504,0.06719971,0.019180298,0.39501953,0.37426758,0.01210022,0.17150879,0.17272949,0.15966797,0.044067383,0.036712646,0.103759766,0.00068473816,0.002620697,0.95410156,0.025756836,0.0009646416,0.03845215,0.048187256,0.002735138,0.008872986,0.018829346,0.00036215782,0.1574707,0.20373535,0.00055503845,0.009994507,0.024337769,0.00088357925,0.0014410019,0.0022563934,0.00025224686,0.004322052,0.0007390976,0.0039253235,0.00020635128,0.120666504,0.00017547607,0.00075769424,0.0000071525574,9.536743e-7,0
4.172325e-7,0.005744934,0.0036354065,0.4404297,0.35620117,0.2232666,0.0015773773,0.0000011324883,8.940697e-7,0.58203125,0.546875,0.46118164,0.44482422,0.005329132,0.50146484,0.52197266,0.0069084167,0.027297974,0.028717041,0.26464844,0.3046875,0.0015354156,0.00088596344,0.004776001,0.007396698,0.71875,0.007896423,0.00037646294,0.22009277,0.3527832,0.00705719,0.013504028,0.03262329,0.00045704842,0.9638672,0.9482422,0.008110046,0.020645142,0.008926392,0.0000923872,0.0029640198,0.00434494,0.00066900253,0.0043258667,0.04550171,0.052612305,0.003414154,0.019195557,0.09515381,0.05984497,0.000012457371,0.0000075101852,0
5.364418e-7,0.0002553463,0.0005078316,0.37963867,0.9213867,0.65234375,0.00026583672,0.0000014901161,4.172325e-7,0.07745361,0.14038086,0.14074707,0.26098633,0.13708496,0.18518066,0.08746338,0.063964844,0.16931152,0.103271484,0.33764648,0.13000488,0.05419922,0.009292603,0.00060367584,0.0008587837,0.9267578,0.14465332,0.003578186,0.057250977,0.11834717,0.0014066696,0.0010700226,0.1003418,0.000036597252,0.15283203,0.07244873,0.009933472,0.023895264,0.024810791,0.028030396,0.0059013367,0.006843567,0.00080251694,0.00756073,0.0022716522,0.00340271,0.0034503937,0.0051231384,0.0016117096,0.0010633469,0.000002503395,3.5762787e-7,0
6.556511e-7,0.000009417534,0.000013709068,0.9326172,0.9301758,0.94970703,0.00026869774,0.0000017285347,0.0000021457672,0.17175293,0.17248535,0.3269043,0.3552246,0.010383606,0.42749023,0.44506836,0.0076179504,0.044067383,0.02722168,0.40576172,0.35327148,0.0068588257,0.0070152283,0.00048732758,0.00040125847,0.7363281,0.19311523,0.0059318542,0.024917603,0.0020961761,0.013427734,0.022125244,0.005672455,0.055114746,0.07165527,0.122924805,0.00667572,0.004219055,0.025650024,0.0000030398369,0.0057144165,0.025604248,0.001241684,0.0012044907,0.00025367737,0.00011181831,0.0019111633,0.010665894,0.00033521652,0.00010532141,0.000008285046,0.0000022649765,0
0.0000017285347,0.09472656,0.0014829636,0.53808594,0.0035858154,0.23327637,0.00018918514,0.0000022649765,1.7881393e-7,0.44018555,0.020767212,0.5698242,0.2277832,0.021881104,0.53222656,0.4020996,0.0043182373,0.014625549,0.12164307,0.088012695,0.65234375,0.001584053,0.06311035,0.0005912781,0.010559082,0.5307617,0.0019893646,0.00894165,0.052612305,0.10412598,0.0014019012,0.0012302399,0.00856781,0.0011062622,0.30615234,0.14416504,0.06640625,0.06665039,0.0016708374,0.00018680096,0.0051078796,0.0041618347,0.0048942566,0.010482788,0.026870728,0.027297974,0.00504303,0.0038318634,0.08496094,0.10479736,6.556511e-7,4.172325e-7,0
1.7881393e-7,0.31591797,0.012641907,0.0032196045,0.0025348663,0.25,0.00001001358,1.1920929e-7,1.1920929e-7,0.44702148,0.05831909,0.7319336,0.7285156,0.13647461,0.06359863,0.052642822,0.14001465,0.002822876,0.0038490295,0.071777344,0.07354736,0.0014677048,0.015312195,0.000067055225,0.04107666,0.000054717064,8.940697e-7,5.364418e-7,0.12036133,0.21264648,0.00011867285,0.000051915646,0.0024719238,0.02796936,0.00042200089,0.00081300735,0.07775879,0.029449463,0.16503906,0.00037813187,0.0019369125,0.0010490417,0.22070312,0.27124023,0.0033035278,0.00086402893,0.011161804,0.000023663044,0.0036735535,0.0073013306,0.0000094771385,5.9604645e-8,0
1.7881393e-7,0.000120937824,0.00022816658,0.8154297,0.76904297,0.37329102,0.000112593174,7.1525574e-7,7.748604e-7,0.017349243,0.0035381317,0.039642334,0.028335571,0.0052223206,0.6899414,0.67822266,0.0024261475,0.28930664,0.28149414,0.08807373,0.023986816,0.05508423,0.16174316,0.0004606247,0.0050468445,0.9526367,0.014549255,0.00091934204,0.021026611,0.027908325,0.0029754639,0.008415222,0.021972656,0.00047636032,0.1262207,0.15698242,0.0004003048,0.008743286,0.044555664,0.0007929802,0.0014677048,0.003030777,0.00031638145,0.0045700073,0.00019967556,0.001074791,0.00016629696,0.09326172,0.0001411438,0.00068712234,0.000007748604,5.9604645e-7,0
4.7683716e-7,0.000051558018,0.000014424324,0.91064453,0.7783203,0.7788086,0.000045657158,0.0000014901161,4.172325e-7,0.16723633,0.099487305,0.4025879,0.42163086,0.38867188,0.014503479,0.0070152283,0.37695312,0.022949219,0.018417358,0.2697754,0.30981445,0.007881165,0.008285522,0.00021469593,0.02166748,0.5854492,0.00092983246,0.0052223206,0.004219055,0.0007452965,0.009117126,0.020996094,0.010177612,0.004081726,0.0055236816,0.009994507,0.0011291504,0.0017309189,0.1607666,0.000052332878,0.004371643,0.0032997131,0.0029010773,0.0027599335,0.00005096197,0.00003528595,0.00042629242,0.00869751,0.00025820732,0.00014412403,0.0000030398369,0.0000013709068,0
0.000011742115,0.035858154,0.00843811,0.6098633,0.01828003,0.11053467,0.00012123585,4.172325e-7,0.0000022649765,0.007484436,0.7236328,0.0018424988,0.23864746,0.0024871826,0.63183594,0.65966797,0.0053520203,0.8691406,0.2644043,0.27661133,0.12597656,0.36889648,0.007446289,0.00013768673,0.0030174255,0.05935669,0.00028681755,0.019866943,0.0063705444,0.0028076172,0.0019626617,0.015129089,0.005191803,0.42456055,0.0007429123,0.0030021667,0.0015573502,0.015731812,0.02784729,4.172325e-7,0.14294434,0.072753906,0.18395996,0.036468506,0.00009429455,0.00028061867,0.0000056028366,0.51123047,0.16113281,0.017425537,0.0000012516975,0.0000027418137,0
7.1525574e-7,0.00031089783,0.0012302399,0.8066406,0.85839844,0.7529297,0.0001205802,0.0000029206276,8.940697e-7,0.029296875,0.10491943,0.29174805,0.4033203,0.013290405,0.5698242,0.5473633,0.010894775,0.07397461,0.032043457,0.25830078,0.07385254,0.1027832,0.0146102905,0.0004131794,0.005218506,0.6196289,0.030807495,0.0029506683,0.007881165,0.018661499,0.05419922,0.022872925,0.09692383,0.00011950731,0.044952393,0.023513794,0.0042686462,0.0047073364,0.11975098,0.005256653,0.004924774,0.0055770874,0.0048103333,0.017837524,0.00026249886,0.00016093254,0.04550171,0.0032958984,0.00491333,0.0021381378,0.0000076293945,5.9604645e-7,0
5.364418e-7,0.16247559,0.010383606,0.0062065125,0.014762878,0.1126709,0.000027120113,3.5762787e-7,5.9604645e-8,0.77978516,0.4946289,0.6821289,0.68847656,0.029922485,0.21142578,0.18261719,0.016220093,0.0043029785,0.010734558,0.7182617,0.8256836,0.00023794174,0.00043654442,0.000049889088,0.015411377,0.37963867,0.000116467476,0.31054688,0.00024557114,0.036254883,0.00011253357,0.000049114227,0.004245758,0.041992188,0.0019779205,0.0005283356,0.00046753883,0.008255005,0.41503906,0.000038325787,0.0073661804,0.013153076,0.0048713684,0.009277344,0.00006687641,0.00008273125,0.0009860992,0.00009661913,0.00008881092,0.00019943714,5.9604645e-8,1.1920929e-7,0
0.0000021457672,0.00014281273,0.0000783205,0.8515625,0.9423828,0.8457031,0.00007611513,0.0000019073486,0.0000014901161,0.0030441284,0.028579712,0.10809326,0.15270996,0.1508789,0.088134766,0.06188965,0.1315918,0.18823242,0.1126709,0.06341553,0.061279297,0.48217773,0.024475098,0.00022733212,0.014091492,0.43896484,0.0027503967,0.02822876,0.011169434,0.034820557,0.016036987,0.008857727,0.1940918,0.0008234978,0.035003662,0.01727295,0.0022220612,0.012237549,0.50439453,0.0009822845,0.04837036,0.03564453,0.023849487,0.011314392,0.000017285347,0.000012814999,0.0043792725,0.0007972717,0.0020809174,0.002565384,0.0000013113022,2.3841858e-7,0
1.7881393e-7,0.00010073185,0.0000808239,0.7470703,0.85009766,0.6557617,0.00030255318,6.556511e-7,5.364418e-7,0.13171387,0.06689453,0.11291504,0.08312988,0.039245605,0.24377441,0.2055664,0.014228821,0.1439209,0.19335938,0.32958984,0.5625,0.008087158,0.015960693,0.0009088516,0.020706177,0.9160156,0.0014619827,0.001376152,0.045288086,0.097229004,0.0005645752,0.0009126663,0.028320312,0.015777588,0.37182617,0.27514648,0.0019550323,0.013145447,0.021514893,0.000012934208,0.001871109,0.006702423,0.00017249584,0.0012044907,0.002937317,0.0033721924,0.00071907043,0.004085541,0.0011205673,0.0010585785,0.000002861023,0.0000011324883,0
0.0000013709068,0.04397583,0.034851074,0.030822754,0.06585693,0.064941406,0.0002193451,0.0000020861626,0.0000060796738,0.026611328,0.019577026,0.13244629,0.14611816,0.107788086,0.08215332,0.04650879,0.055603027,0.107055664,0.0892334,0.17712402,0.097961426,0.04309082,0.07720947,0.0061836243,0.0007095337,0.0011949539,0.000022947788,0.000023543835,0.01600647,0.02909851,0.00050115585,0.00042319298,0.009719849,0.0006046295,0.1463623,0.30688477,0.17944336,0.26635742,0.002450943,0.0011301041,0.00081920624,0.0088272095,0.0018224716,0.010620117,0.9555664,0.953125,0.2758789,0.41625977,0.45703125,0.44335938,0.000015676022,0.0000054240227,1
8.34465e-7,0.015350342,0.007385254,0.36010742,0.11138916,0.14929199,0.0000113248825,1.7881393e-7,7.748604e-7,0.011253357,0.0027809143,0.021209717,0.018585205,0.0019493103,0.70996094,0.7133789,0.0013694763,0.34301758,0.32202148,0.093444824,0.037963867,0.06976318,0.11376953,0.000038027763,0.022445679,0.06890869,0.0001718998,0.013038635,0.0006594658,0.00031614304,0.00026535988,0.00040626526,0.0042419434,0.016281128,0.0015306473,0.0019607544,0.0010900497,0.0014162064,0.9511719,0.00029993057,0.122802734,0.265625,0.0057754517,0.0008215904,5.9604645e-8,5.9604645e-8,0.0000269413,0.00014150143,0.0000010728836,0.000001013279,0.0000020861626,1.7881393e-7,1
4.7683716e-7,0.008811951,0.0019779205,0.20690918,0.124694824,0.16992188,0.000015318394,1.7881393e-7,1.1920929e-7,0.115600586,0.02986145,0.08074951,0.057373047,0.03451538,0.28857422,0.2512207,0.018844604,0.10455322,0.12512207,0.21606445,0.30297852,0.006095886,0.008560181,0.00020706654,0.0038051605,0.011871338,0.00001579523,0.0027427673,0.00093889236,0.008995056,0.017974854,0.021102905,0.00008863211,0.00037813187,0.0011405945,0.0006504059,0.04928589,0.29760742,0.00057697296,0.0001296997,0.035888672,0.01828003,0.006778717,0.0003707409,0.0033054352,0.0049743652,0.03778076,0.16235352,0.0000026226044,0.000004172325,2.9802322e-7,2.3841858e-7,1
1.7881393e-7,0.000044107437,0.000016212463,0.92089844,0.828125,0.87646484,0.00031924248,5.364418e-7,9.536743e-7,0.07897949,0.01625061,0.06524658,0.068847656,0.16418457,0.06536865,0.038391113,0.097229004,0.20129395,0.19091797,0.5258789,0.24328613,0.013191223,0.05303955,0.00051498413,0.002998352,0.93603516,0.015777588,0.0023994446,0.14562988,0.0446167,0.00011217594,0.00017297268,0.019760132,0.04345703,0.13146973,0.13427734,0.0036907196,0.0037612915,0.031097412,0.000011026859,0.0016965866,0.017150879,0.000114262104,0.00088882446,0.00087594986,0.0006222725,0.0004401207,0.0012464523,0.0005040169,0.00015854836,0.0000028014183,6.556511e-7,0
4.7683716e-7,0.0077819824,0.0014476776,0.23217773,0.13635254,0.18835449,0.000014662743,1.7881393e-7,1.1920929e-7,0.119506836,0.031799316,0.075927734,0.054107666,0.0541687,0.21081543,0.1640625,0.032592773,0.11071777,0.13098145,0.21179199,0.30908203,0.005744934,0.008018494,0.00019276142,0.003326416,0.014228821,0.00002336502,0.0037765503,0.0005517006,0.010437012,0.016937256,0.017944336,0.000100016594,0.00027775764,0.0011796951,0.0005478859,0.030670166,0.29663086,0.0007662773,0.00020742416,0.033447266,0.017913818,0.005783081,0.00037646294,0.0025043488,0.004917145,0.036834717,0.1583252,0.000002026558,0.000004053116,2.3841858e-7,2.3841858e-7,1
2.3841858e-7,0.0009584427,0.0005168915,0.43017578,0.6645508,0.5019531,0.0000059604645,5.9604645e-8,1.1920929e-7,0.0028858185,0.01940918,0.047454834,0.058013916,0.19396973,0.059173584,0.047729492,0.20288086,0.22131348,0.18640137,0.050445557,0.22839355,0.29052734,0.024459839,0.00015223026,0.00047779083,0.0017280579,0.00014638901,0.00015580654,0.0048675537,0.005634308,0.00459671,0.004547119,0.010322571,0.00036931038,0.00504303,0.005279541,0.0019950867,0.0206604,0.06304932,0.0006608963,0.0029144287,0.0024414062,0.004371643,0.01663208,0.0001231432,0.00031542778,0.0053367615,0.011253357,0.0008020401,0.0013189316,6.556511e-7,0.0,1
9.536743e-7,0.000081539154,0.000008046627,0.94921875,0.91796875,0.8359375,0.00016415119,0.0000025629997,2.3841858e-7,0.18640137,0.06188965,0.21166992,0.27172852,0.5751953,0.034088135,0.008995056,0.50634766,0.07733154,0.04800415,0.39282227,0.3022461,0.044647217,0.0132369995,0.0028858185,0.007987976,0.30004883,0.030090332,0.002199173,0.15332031,0.068115234,0.00016880035,0.00010210276,0.19995117,0.0012664795,0.45825195,0.27075195,0.04611206,0.10437012,0.006919861,0.0005784035,0.007610321,0.0082092285,0.0010509491,0.02583313,0.0027923584,0.0053253174,0.003780365,0.0007920265,0.00969696,0.011451721,8.34465e-7,1.7881393e-7,0
0.000001013279,0.00018084049,0.000045895576,0.60498047,0.67333984,0.52246094,0.000026524067,3.5762787e-7,1.7881393e-7,0.15893555,0.16345215,0.23303223,0.24084473,0.20300293,0.047576904,0.03741455,0.18237305,0.052124023,0.041809082,0.34375,0.44750977,0.009735107,0.0019311905,0.000121712685,0.009689331,0.038085938,0.000021278858,0.022888184,0.00077295303,0.0022468567,0.09667969,0.13635254,0.000043153763,0.0011892319,0.00066280365,0.0002374649,0.046081543,0.23291016,0.00048971176,0.00005173683,0.081726074,0.041381836,0.05822754,0.0005187988,0.00037956238,0.00035643578,0.034820557,0.14123535,0.00001001358,0.000010251999,2.9802322e-7,4.172325e-7,1
0.0000013709068,0.003528595,0.0052719116,0.2775879,0.5732422,0.3486328,0.00036168098,7.1525574e-7,5.364418e-7,0.0848999,0.120910645,0.09082031,0.11920166,0.012466431,0.57958984,0.6035156,0.0077552795,0.21105957,0.1899414,0.30859375,0.14746094,0.06921387,0.0124435425,0.0017347336,0.033477783,0.70703125,0.0018529892,0.003917694,0.015182495,0.030471802,0.040893555,0.042053223,0.010818481,0.00023794174,0.19665527,0.08190918,0.012901306,0.021255493,0.00071048737,0.0003054142,0.00093984604,0.008872986,0.00093889236,0.008460999,0.010284424,0.014595032,0.05038452,0.09197998,0.014541626,0.008956909,0.000005722046,0.0000011324883,0
0.0000010728836,0.000026166439,0.000004172325,0.9589844,0.92285156,0.92529297,0.000024557114,5.9604645e-7,0.0000014901161,0.0020256042,0.00034236908,0.011016846,0.0074005127,0.0054092407,0.4272461,0.43359375,0.005268097,0.5493164,0.54248047,0.004096985,0.0031471252,0.18103027,0.55322266,0.00005286932,0.009185791,0.0035648346,0.000004053116,0.00039196014,0.008422852,0.030700684,0.0010633469,0.00074625015,0.00030112267,0.005672455,0.0005297661,0.00063085556,0.06549072,0.066223145,0.016357422,0.0018177032,0.02432251,0.0031223297,0.26123047,0.17492676,0.00182724,0.0009613037,0.0022907257,0.00054740906,0.0073051453,0.0075645447,0.0000056624413,1.7881393e-7,1
9.536743e-7,0.048553467,0.078308105,0.022964478,0.32202148,0.30541992,0.0010194778,9.536743e-7,5.9604645e-7,0.23156738,0.29589844,0.39575195,0.4411621,0.014785767,0.4572754,0.47485352,0.02130127,0.061065674,0.0390625,0.38012695,0.2836914,0.021392822,0.005279541,0.002418518,0.022537231,0.8120117,0.006542206,0.00089502335,0.01890564,0.08843994,0.03982544,0.022628784,0.022399902,0.00011301041,0.7006836,0.3605957,0.014045715,0.018035889,0.0013484955,0.0013484955,0.0011949539,0.0036373138,0.00046730042,0.01461792,0.031555176,0.04244995,0.17468262,0.037261963,0.019515991,0.020111084,0.000009655952,0.0000017881393,0
5.364418e-7,0.019638062,0.5209961,0.0063591003,0.3876953,0.010597229,0.000054597855,5.9604645e-8,5.9604645e-8,0.029449463,0.124938965,0.20214844,0.30981445,0.18432617,0.087524414,0.13879395,0.18566895,0.08404541,0.05496216,0.4897461,0.23596191,0.09881592,0.009094238,0.0001322031,0.000082433224,0.00085544586,0.00013697147,0.00045228004,0.052856445,0.24389648,0.000010192394,0.00001513958,0.0020980835,0.000015676022,0.00079250336,0.00015628338,0.031082153,0.017715454,0.01953125,0.29418945,0.0005340576,0.0049591064,0.0020370483,0.0036334991,0.5517578,0.5102539,0.0059394836,0.005466461,0.00141716,0.0009889603,0.0000013709068,1.1920929e-7,1
0.0000019669533,0.0635376,0.027252197,0.25708008,0.046722412,0.06677246,0.000015497208,2.9802322e-7,9.536743e-7,0.009902954,0.004299164,0.0075263977,0.0058250427,0.0006122589,0.90625,0.89941406,0.0002605915,0.5463867,0.5097656,0.1149292,0.06384277,0.0713501,0.07067871,0.0000461936,0.032287598,0.12988281,0.0002887249,0.042633057,0.00082969666,0.0007762909,0.00019216537,0.00023210049,0.0090789795,0.05255127,0.0012435913,0.001367569,0.0006055832,0.001244545,0.98339844,0.00017595291,0.1817627,0.3491211,0.007106781,0.00077581406,5.9604645e-8,0.0,0.000028133392,0.00007224083,0.0000010728836,8.34465e-7,0.000001847744,1.7881393e-7,1
8.940697e-7,0.011871338,0.0065345764,0.3852539,0.13867188,0.16027832,0.000010967255,2.3841858e-7,7.748604e-7,0.010360718,0.0028629303,0.018814087,0.01586914,0.0018053055,0.70214844,0.70947266,0.0015573502,0.37548828,0.34936523,0.0859375,0.039520264,0.07446289,0.11291504,0.00003695488,0.023498535,0.06970215,0.00018191338,0.012893677,0.0005836487,0.00040102005,0.00022339821,0.0003299713,0.0049934387,0.01550293,0.0015850067,0.0018987656,0.00092840195,0.0015239716,0.9658203,0.00040078163,0.14050293,0.28588867,0.0064086914,0.0008802414,5.9604645e-8,0.0,0.000021100044,0.00011688471,9.536743e-7,0.000001013279,0.0000021457672,1.7881393e-7,1
0.00006210804,0.125,0.19592285,0.057800293,0.02355957,0.047454834,0.0001899004,0.0000028014183,0.000028073788,0.118774414,0.7011719,0.007419586,0.5698242,0.0024738312,0.10546875,0.5620117,0.07647705,0.6425781,0.03286743,0.6640625,0.07598877,0.015403748,0.001168251,0.00046014786,0.0054893494,0.050476074,0.0006175041,0.0042533875,0.4255371,0.0010852814,0.000020325184,0.00043034554,0.034088135,0.2421875,0.0026378632,0.01927185,0.015357971,0.050598145,0.14245605,0.0000059604645,0.1430664,0.040893555,0.21118164,0.27124023,0.0029449463,0.005176544,0.0000023245811,0.9638672,0.36865234,0.046966553,0.000012636185,0.00004053116,0
0.000001013279,0.0031814575,0.0010585785,0.15991211,0.28198242,0.24072266,0.000012934208,1.7881393e-7,5.9604645e-8,0.23120117,0.13085938,0.048950195,0.04901123,0.018508911,0.35009766,0.3540039,0.011962891,0.18591309,0.20251465,0.41723633,0.5708008,0.0035076141,0.0017337799,0.000042378902,0.015686035,0.054473877,0.00001847744,0.032348633,0.00037121773,0.0014705658,0.03930664,0.06274414,0.000054001808,0.0027160645,0.0006747246,0.00019550323,0.020309448,0.20874023,0.0015792847,0.000025570393,0.10614014,0.05999756,0.08258057,0.00065660477,0.000064492226,0.00006771088,0.004962921,0.029632568,0.0000036358833,0.000005066395,1.7881393e-7,2.9802322e-7,1
7.1525574e-7,0.0010757446,0.0010128021,0.42358398,0.4885254,0.3720703,0.0001821518,5.9604645e-7,0.0000013113022,0.08758545,0.078125,0.13342285,0.16442871,0.01083374,0.42016602,0.4580078,0.0045547485,0.095336914,0.08526611,0.3869629,0.21984863,0.01576233,0.008415222,0.0009627342,0.015991211,0.67626953,0.0003054142,0.003528595,0.012138367,0.002878189,0.027328491,0.0395813,0.005973816,0.00062179565,0.046844482,0.09313965,0.015838623,0.0060157776,0.0012083054,0.000052332878,0.0010900497,0.003917694,0.00032496452,0.000916481,0.010879517,0.006549835,0.04067993,0.09448242,0.006263733,0.0045547485,0.00000500679,0.0000030398369,0
0.0000011324883,0.0070648193,0.0032844543,0.17651367,0.56640625,0.5522461,0.000012218952,1.7881393e-7,3.5762787e-7,0.039245605,0.02168274,0.03286743,0.029632568,0.000310421,0.39794922,0.82373047,0.019302368,0.16784668,0.16271973,0.046661377,0.04840088,0.02619934,0.030456543,0.00005930662,0.000084757805,0.00016081333,0.0000487566,0.000021338463,0.0024528503,0.0013914108,0.000446558,0.0003311634,0.0010948181,0.008636475,0.00012493134,0.000084757805,0.11224365,0.038848877,0.027389526,0.0003836155,0.00044751167,0.00023984909,0.03741455,0.09503174,0.09484863,0.05380249,0.03050232,0.0039863586,0.0052490234,0.006099701,0.000008881092,7.748604e-7,1
0.000003993511,0.051849365,0.00010699034,0.5283203,0.039031982,0.8955078,0.00014007092,0.0000017881393,5.364418e-7,0.13354492,0.01838684,0.44995117,0.49487305,0.17602539,0.07067871,0.092041016,0.15283203,0.016586304,0.038085938,0.15063477,0.1550293,0.016540527,0.07598877,0.00026726723,0.05279541,0.3388672,0.0037059784,0.048797607,0.57128906,0.042816162,0.0000022649765,0.0000036358833,0.02532959,0.07366943,0.013542175,0.016708374,0.041015625,0.0234375,0.1439209,0.00041627884,0.055023193,0.19958496,0.0062561035,0.03652954,0.0011644363,0.0005197525,0.00015318394,0.00014233589,0.0048561096,0.0039138794,0.0000014901161,2.3841858e-7,0
0.0000028014183,0.0030956268,0.011207581,0.0067825317,0.47192383,0.061340332,0.000059604645,3.5762787e-7,1.1920929e-7,0.038391113,0.12194824,0.0209198,0.03640747,0.022964478,0.29736328,0.3005371,0.018630981,0.35327148,0.28857422,0.7915039,0.5097656,0.02166748,0.0021209717,0.00010448694,0.0026683807,0.03842163,0.000038802624,0.03564453,0.0006837845,0.0061912537,0.0058288574,0.0044059753,0.00039863586,0.00021457672,0.0004580021,0.00015234947,0.03756714,0.18615723,0.0013456345,0.0015544891,0.016220093,0.0077590942,0.029556274,0.007663727,0.04888916,0.10101318,0.14294434,0.171875,0.00007891655,0.00021326542,2.3841858e-7,5.364418e-7,1
0.0000017881393,0.022232056,0.047851562,0.17333984,0.054351807,0.030014038,0.000006735325,0.0000024437904,7.1525574e-7,0.3474121,0.38867188,0.39233398,0.38671875,0.007736206,0.6279297,0.61376953,0.011680603,0.018081665,0.01626587,0.26953125,0.5161133,0.0013837814,0.000875473,0.00019133091,0.000001847744,0.0005092621,0.041625977,0.000009536743,0.0036678314,0.00068712234,0.0058059692,0.007858276,0.06958008,0.0009121895,0.0011777878,0.007457733,0.02784729,0.0039978027,0.6118164,0.0010881424,0.0037670135,0.0010280609,0.014053345,0.07324219,0.000626564,0.0002837181,0.0020942688,0.034484863,0.0015830994,0.0019779205,0.0000436306,7.748604e-7,0
0.0000013113022,0.0009551048,0.00018763542,0.81396484,0.16149902,0.55908203,0.00001937151,5.364418e-7,1.1920929e-7,0.15856934,0.02407837,0.05834961,0.058624268,0.05444336,0.1586914,0.13098145,0.04888916,0.20617676,0.23522949,0.3605957,0.15112305,0.009239197,0.019760132,0.000021278858,0.0011367798,0.03933716,0.004901886,0.023773193,0.0038757324,0.011352539,0.0008049011,0.00058698654,0.0037975311,0.007827759,0.0004892349,0.00050497055,0.004211426,0.018997192,0.14367676,0.00021219254,0.08544922,0.14294434,0.05895996,0.007335663,0.000014066696,0.000009298325,0.0013895035,0.00017225742,0.00003707409,0.000043094158,3.5762787e-7,0.0,0
6.556511e-7,0.00022804737,0.00040459633,0.4255371,0.8535156,0.66845703,0.000077962875,3.5762787e-7,3.5762787e-7,0.0038261414,0.023666382,0.31274414,0.35009766,0.047424316,0.22351074,0.2241211,0.045288086,0.07141113,0.040222168,0.040100098,0.03375244,0.6171875,0.022216797,0.00076007843,0.00038075447,0.0023670197,0.00055933,0.00009405613,0.02180481,0.027130127,0.0803833,0.07098389,0.0093688965,0.00006312132,0.03353882,0.018859863,0.022949219,0.16088867,0.007774353,0.002023697,0.02470398,0.00957489,0.02760315,0.05407715,0.0015716553,0.0023784637,0.031433105,0.012680054,0.021469116,0.009521484,0.0000028014183,1.1920929e-7,0
0.0000019669533,0.0035991669,0.028152466,0.00497818,0.40185547,0.04232788,0.00007683039,2.3841858e-7,1.1920929e-7,0.08404541,0.27294922,0.044158936,0.07879639,0.012542725,0.34423828,0.35668945,0.018310547,0.26391602,0.14685059,0.82421875,0.43847656,0.012145996,0.0006480217,0.00025510788,0.0019025803,0.031829834,0.000043332577,0.024002075,0.00059461594,0.0016078949,0.0015163422,0.0012617111,0.0008444786,0.0002617836,0.0004377365,0.00029921532,0.02243042,0.034210205,0.003862381,0.0020523071,0.004497528,0.0049209595,0.006668091,0.005378723,0.13684082,0.19799805,0.16442871,0.4255371,0.00024199486,0.0003950596,3.5762787e-7,4.7683716e-7,1
0.0000020861626,0.05114746,0.017456055,0.04598999,0.04724121,0.07366943,0.000008940697,2.9802322e-7,1.1920929e-7,0.15612793,0.055236816,0.031097412,0.023605347,0.029373169,0.18054199,0.18933105,0.037200928,0.23864746,0.25,0.29174805,0.43969727,0.0039787292,0.0036354065,0.000054717064,0.008575439,0.03881836,0.000020086765,0.024993896,0.00036859512,0.0009899139,0.044189453,0.070739746,0.0001655817,0.0018615723,0.00040221214,0.00015377998,0.016540527,0.117370605,0.0055351257,0.00005364418,0.062805176,0.0209198,0.05065918,0.0022354126,0.00011450052,0.00015830994,0.0060195923,0.06536865,0.000003874302,0.000006020069,1.7881393e-7,5.364418e-7,1
0.0000020861626,0.0035934448,0.026107788,0.0057029724,0.39794922,0.044952393,0.00008517504,2.9802322e-7,1.1920929e-7,0.067871094,0.22949219,0.042510986,0.07220459,0.010871887,0.3791504,0.38330078,0.016601562,0.26098633,0.15991211,0.8310547,0.4399414,0.014862061,0.0009088516,0.00026011467,0.0017776489,0.033721924,0.00004506111,0.02609253,0.0005197525,0.0015563965,0.0016374588,0.001291275,0.0010433197,0.00039362907,0.000477314,0.00032281876,0.020858765,0.03363037,0.0049438477,0.0014333725,0.0044288635,0.0043525696,0.0069732666,0.0058898926,0.17602539,0.24597168,0.15734863,0.34448242,0.0003080368,0.00047659874,3.5762787e-7,5.364418e-7,1
0.0000011324883,0.01373291,0.01449585,0.08325195,0.3408203,0.16918945,0.00008404255,7.1525574e-7,0.0000011324883,0.013450623,0.0018119812,0.009986877,0.007511139,0.0014638901,0.74121094,0.73876953,0.0015964508,0.5024414,0.47021484,0.22314453,0.09527588,0.044281006,0.13537598,0.00030517578,0.00014269352,0.20080566,0.0055503845,0.12719727,0.0050964355,0.0026359558,0.000052273273,0.000036001205,0.003982544,0.001709938,0.004295349,0.006023407,0.058166504,0.010284424,0.0259552,0.0006136894,0.0034484863,0.0030918121,0.0003156662,0.0011692047,0.079589844,0.024139404,0.19689941,0.0057792664,0.000018179417,0.000010669231,6.556511e-7,4.172325e-7,1
0.0000013709068,0.04977417,0.037261963,0.025039673,0.059661865,0.06414795,0.00023007393,0.0000020861626,0.00000590086,0.028137207,0.019302368,0.13061523,0.1427002,0.09613037,0.086242676,0.053710938,0.051483154,0.11047363,0.09240723,0.19567871,0.099975586,0.042175293,0.07647705,0.0062408447,0.0007238388,0.0012216568,0.000023782253,0.00002425909,0.017044067,0.03012085,0.00046253204,0.00040102005,0.009643555,0.0006632805,0.15161133,0.31762695,0.17785645,0.26489258,0.0025043488,0.000995636,0.0008378029,0.008934021,0.0017719269,0.010566711,0.95458984,0.95166016,0.25219727,0.39697266,0.4482422,0.42504883,0.000015258789,0.000005543232,1
3.5762787e-7,0.000015318394,0.000022292137,0.85546875,0.9145508,0.88671875,0.00017762184,0.0000011920929,5.364418e-7,0.14624023,0.1270752,0.07171631,0.1295166,0.16125488,0.11248779,0.0362854,0.04321289,0.20202637,0.10015869,0.5473633,0.3798828,0.00856781,0.008712769,0.00017559528,0.005470276,0.8334961,0.0101623535,0.007865906,0.00944519,0.008331299,0.015113831,0.01260376,0.0055351257,0.011291504,0.02748108,0.039978027,0.002521515,0.0027713776,0.109375,0.00002503395,0.028579712,0.026443481,0.005004883,0.00073862076,0.000029981136,0.00001001358,0.0014152527,0.00041508675,0.000059485435,0.00003015995,0.0000023245811,6.556511e-7,0
1.7881393e-7,0.2529297,0.0031757355,0.014511108,0.07196045,0.5654297,0.000080764294,1.1920929e-7,1.1920929e-7,0.054351807,0.011604309,0.10632324,0.15576172,0.29248047,0.0143585205,0.053497314,0.375,0.08294678,0.08251953,0.7885742,0.015563965,0.01537323,0.07977295,0.00014615059,0.021087646,0.0023956299,0.0000056624413,0.000044107437,0.01789856,0.028411865,0.000046908855,0.000015676022,0.021087646,0.031555176,0.022399902,0.011947632,0.076049805,0.03074646,0.1829834,0.000041902065,0.01348114,0.0063591003,0.0044898987,0.013000488,0.0020141602,0.00058698654,0.024368286,0.000021517277,0.0012264252,0.0025081635,0.0000011324883,5.9604645e-8,0
0.000008523464,0.010231018,0.021621704,0.0009098053,0.30322266,0.06750488,0.00013554096,7.748604e-7,1.7881393e-7,0.06945801,0.15698242,0.033081055,0.052947998,0.010818481,0.359375,0.35229492,0.0209198,0.30639648,0.24182129,0.77978516,0.52783203,0.014793396,0.0020275116,0.00021195412,0.0036678314,0.12927246,0.000047802925,0.13134766,0.0027256012,0.0005812645,0.0036029816,0.004272461,0.0008044243,0.0063056946,0.0004339218,0.00030303,0.03387451,0.02822876,0.004512787,0.00007545948,0.010566711,0.0065345764,0.036590576,0.016036987,0.28295898,0.26123047,0.0758667,0.3623047,0.0009698868,0.0008277893,1.7881393e-7,0.0000014901161,1
3.5762787e-7,0.00020301342,0.00036644936,0.75341797,0.73876953,0.22473145,0.00075912476,0.0000013113022,4.7683716e-7,0.034423828,0.009178162,0.09503174,0.074279785,0.030807495,0.2932129,0.26220703,0.025024414,0.1496582,0.17297363,0.1159668,0.07147217,0.036743164,0.07196045,0.0019874573,0.005630493,0.93359375,0.015350342,0.00096845627,0.029296875,0.04876709,0.0012903214,0.0019721985,0.03704834,0.0007123947,0.20471191,0.33081055,0.0023555756,0.011734009,0.009231567,0.0002553463,0.0003066063,0.0013513565,0.00012242794,0.005836487,0.3479004,0.67626953,0.0028362274,0.19030762,0.001750946,0.0051078796,0.00000500679,0.0000022053719,1
3.5762787e-7,0.00020575523,0.0003502369,0.73779297,0.74560547,0.22680664,0.00070381165,0.0000011920929,4.172325e-7,0.030944824,0.00932312,0.08569336,0.070373535,0.029571533,0.3046875,0.2722168,0.022644043,0.1652832,0.18237305,0.1282959,0.06854248,0.040985107,0.0690918,0.0017213821,0.004333496,0.93847656,0.01725769,0.0010051727,0.037078857,0.042053223,0.00086832047,0.0014047623,0.044555664,0.0008111,0.16748047,0.29492188,0.0022945404,0.009651184,0.012924194,0.0002696514,0.00026488304,0.0010843277,0.00011271238,0.0063209534,0.3491211,0.6713867,0.002199173,0.17492676,0.0018796921,0.005317688,0.0000051259995,0.000002026558,1
0.0000035762787,0.014122009,0.23547363,0.0015563965,0.7421875,0.017913818,0.000041127205,1.1920929e-7,1.7881393e-7,0.36157227,0.60253906,0.0006990433,0.24743652,0.005630493,0.16784668,0.38232422,0.056762695,0.8100586,0.09423828,0.25439453,0.033996582,0.0023860931,0.00045633316,0.000012516975,0.000036776066,0.0049552917,0.0039482117,0.0018892288,0.0121154785,0.16223145,0.000019609928,0.000015854836,0.01222229,0.000029981136,0.0000885725,0.0000295043,0.048614502,0.04421997,0.30737305,0.4182129,0.013008118,0.0013799667,0.41235352,0.1887207,0.43481445,0.62109375,0.0001282692,0.00061130524,0.011047363,0.011657715,0.0000035762787,3.5762787e-7,0
0.0000042915344,0.07446289,0.14147949,0.0012245178,0.107055664,0.022247314,0.0008034706,5.364418e-7,8.940697e-7,0.13586426,0.3930664,0.046783447,0.083862305,0.011131287,0.3947754,0.39672852,0.022399902,0.27490234,0.20288086,0.46557617,0.47558594,0.010787964,0.0010032654,0.0015211105,0.101867676,0.6323242,0.00005853176,0.022140503,0.0049934387,0.031463623,0.00016510487,0.00012934208,0.01777649,0.00016605854,0.023345947,0.04852295,0.04763794,0.12878418,0.002521515,0.006580353,0.0003027916,0.015388489,0.00095796585,0.0024700165,0.9243164,0.9682617,0.0579834,0.4189453,0.022003174,0.049316406,0.00000166893,0.0000046491623,1
0.0000032782555,0.00093221664,0.03640747,0.04699707,0.7602539,0.1262207,0.0000859499,1.1920929e-7,8.34465e-7,0.0034484863,0.05633545,0.13586426,0.35620117,0.2668457,0.031463623,0.041015625,0.31079102,0.15637207,0.03353882,0.14990234,0.047302246,0.46704102,0.0037460327,0.00008845329,0.003232956,0.35351562,0.0011377335,0.37109375,0.017303467,0.010848999,0.0065612793,0.012191772,0.0005517006,0.0005598068,0.0029659271,0.001540184,0.0053596497,0.22302246,0.002986908,0.00039744377,0.06210327,0.029968262,0.04788208,0.0178833,0.0013246536,0.007888794,0.0027179718,0.19421387,0.00032639503,0.0007214546,1.7881393e-7,2.9802322e-7,1
1.1920929e-7,0.019134521,0.63671875,0.0031642914,0.35375977,0.007698059,0.00003874302,0.0,5.9604645e-8,0.06713867,0.20812988,0.10864258,0.6123047,0.3322754,0.012367249,0.07006836,0.5214844,0.17871094,0.022399902,0.3491211,0.10870361,0.036132812,0.0137786865,0.00028824806,0.00013744831,0.0007414818,0.000056147575,0.00019872189,0.022659302,0.42651367,0.00025463104,0.0003273487,0.00068855286,0.00008749962,0.002872467,0.00096797943,0.06500244,0.03869629,0.0031604767,0.023101807,0.00078487396,0.004764557,0.0022125244,0.0028877258,0.019760132,0.015396118,0.01360321,0.0061149597,0.0025978088,0.002565384,0.0000030994415,1.1920929e-7,1
7.748604e-7,0.012840271,0.006816864,0.38330078,0.13134766,0.15100098,0.000010788441,1.7881393e-7,7.1525574e-7,0.0107803345,0.0029563904,0.017211914,0.014732361,0.0021591187,0.6958008,0.69970703,0.0014152527,0.39453125,0.3647461,0.09118652,0.03918457,0.072753906,0.11212158,0.000038444996,0.02267456,0.06585693,0.00017940998,0.011604309,0.0005569458,0.00039863586,0.00026845932,0.00038957596,0.0049743652,0.018676758,0.0017375946,0.0020694733,0.000854969,0.0014810562,0.96435547,0.00029587746,0.13500977,0.27563477,0.0057258606,0.00080776215,5.9604645e-8,0.0,0.000023424625,0.00012624264,9.536743e-7,9.536743e-7,0.0000022053719,1.7881393e-7,1
0.0000022649765,0.00020480156,0.00008928776,0.8598633,0.9272461,0.81933594,0.00007158518,0.0000017285347,0.0000017881393,0.0028686523,0.01902771,0.08770752,0.12609863,0.16931152,0.07763672,0.055267334,0.16113281,0.22607422,0.14282227,0.061279297,0.04446411,0.46704102,0.039215088,0.0002040863,0.014045715,0.5048828,0.0038528442,0.03451538,0.01802063,0.027114868,0.014213562,0.00819397,0.20495605,0.0012865067,0.023406982,0.012283325,0.002960205,0.009262085,0.5517578,0.0007534027,0.042419434,0.03616333,0.024124146,0.00945282,0.000015258789,0.000009059906,0.0054359436,0.0006713867,0.0011100769,0.0012712479,0.0000013113022,2.3841858e-7,0
0.0000014901161,0.0047187805,0.0023422241,0.6503906,0.26049805,0.1430664,0.000035583973,0.0000019669533,4.7683716e-7,0.11175537,0.16369629,0.03643799,0.037597656,0.11010742,0.1038208,0.06262207,0.07348633,0.29589844,0.24133301,0.40307617,0.32373047,0.015777588,0.014274597,0.000056028366,0.03375244,0.7988281,0.0007119179,0.60791016,0.0017528534,0.002981186,0.00063848495,0.00057029724,0.040649414,0.0011119843,0.0030555725,0.0048332214,0.00021457672,0.00049829483,0.99609375,0.010253906,0.24047852,0.16577148,0.016036987,0.0003054142,5.9604645e-8,0.0,0.000030696392,0.00003385544,0.000001847744,0.000001013279,6.556511e-7,1.7881393e-7,0
0.0000076293945,0.010681152,0.020187378,0.0021362305,0.25683594,0.060150146,0.00012022257,6.556511e-7,1.7881393e-7,0.064697266,0.14953613,0.025543213,0.044525146,0.016326904,0.27807617,0.28027344,0.029266357,0.3317871,0.2697754,0.7836914,0.5317383,0.012809753,0.0019283295,0.00018501282,0.006462097,0.15112305,0.000024557114,0.15783691,0.0029125214,0.0007920265,0.0025959015,0.0030784607,0.0006785393,0.0047569275,0.0005288124,0.00032877922,0.04421997,0.04336548,0.0027923584,0.000078976154,0.01109314,0.0070991516,0.036071777,0.0151901245,0.19482422,0.17675781,0.08258057,0.31884766,0.00090169907,0.0009508133,1.7881393e-7,0.0000014305115,1
0.0000014901161,0.0056152344,0.020553589,0.003850937,0.46899414,0.08630371,0.00007903576,1.1920929e-7,1.1920929e-7,0.56591797,0.7548828,0.5449219,0.73779297,0.13745117,0.23083496,0.06286621,0.022964478,0.025680542,0.0021743774,0.8691406,0.60839844,0.0016641617,0.000040709972,0.00012266636,0.0045051575,0.07800293,0.00007736683,0.06304932,0.0011987686,0.0018615723,0.0055885315,0.006084442,0.00021350384,0.00031208992,0.0011415482,0.00073337555,0.0715332,0.103271484,0.0016078949,0.0010347366,0.023834229,0.011253357,0.016555786,0.0019741058,0.0049858093,0.005191803,0.03375244,0.07928467,0.00007671118,0.000085651875,5.364418e-7,5.364418e-7,1
5.9604645e-7,0.0003118515,0.0005645752,0.62109375,0.6982422,0.18713379,0.00081825256,0.0000014901161,4.7683716e-7,0.031036377,0.009460449,0.13195801,0.10308838,0.03778076,0.24072266,0.20031738,0.031311035,0.103759766,0.11657715,0.11981201,0.06970215,0.04046631,0.066101074,0.0015916824,0.003458023,0.9169922,0.032928467,0.000995636,0.05770874,0.039489746,0.001657486,0.0027694702,0.01676941,0.0010137558,0.13012695,0.22546387,0.004261017,0.01512146,0.00566864,0.00016641617,0.0005507469,0.00166893,0.00024938583,0.009246826,0.34350586,0.60595703,0.0025520325,0.16308594,0.0012226105,0.0023670197,0.000005185604,0.0000031590462,1
0.0000053048134,0.00014173985,0.00018429756,0.8959961,0.8618164,0.5786133,0.0017976761,0.000011146069,7.748604e-7,0.055145264,0.01852417,0.08654785,0.08099365,0.1730957,0.10723877,0.103759766,0.15319824,0.18041992,0.22790527,0.25976562,0.117492676,0.054718018,0.064819336,0.00042414665,0.056640625,0.8491211,0.00022554398,0.010520935,0.01121521,0.06402588,0.0317688,0.042541504,0.052825928,0.002626419,0.020339966,0.028213501,0.003232956,0.013694763,0.025375366,0.00048828125,0.0023288727,0.0023479462,0.007209778,0.21472168,0.57958984,0.7055664,0.009033203,0.17529297,0.051635742,0.0692749,0.0000030398369,0.0000036358833,0
4.7683716e-7,0.0010223389,0.0002593994,0.4321289,0.55126953,0.6064453,0.0000071525574,1.1920929e-7,1.1920929e-7,0.006046295,0.011123657,0.088378906,0.103271484,0.0625,0.18518066,0.16125488,0.062805176,0.15966797,0.13330078,0.02609253,0.0770874,0.19885254,0.05166626,0.000057041645,0.00044703484,0.00063180923,0.00026226044,0.00007754564,0.0060157776,0.018188477,0.010925293,0.0067253113,0.005897522,0.006401062,0.00116539,0.0008883476,0.0042304993,0.0519104,0.27490234,0.00009459257,0.008140564,0.0030460358,0.16699219,0.13378906,0.000052273273,0.00009512901,0.004627228,0.0014333725,0.00630188,0.009254456,0.0000011920929,0.0,1
0.0000026226044,0.0034446716,0.013313293,0.006538391,0.45043945,0.050201416,0.000060498714,3.5762787e-7,1.1920929e-7,0.040802002,0.118652344,0.022415161,0.03781128,0.026779175,0.28100586,0.28393555,0.019958496,0.34887695,0.28149414,0.7885742,0.5053711,0.021270752,0.0021572113,0.00012862682,0.0024337769,0.042755127,0.000044584274,0.039642334,0.00063467026,0.005554199,0.0057373047,0.004486084,0.0004453659,0.00016832352,0.0005187988,0.00018286705,0.029190063,0.13098145,0.0016469955,0.001912117,0.013519287,0.0074920654,0.020889282,0.0062561035,0.046875,0.09729004,0.17346191,0.25268555,0.00007683039,0.00020933151,2.3841858e-7,4.7683716e-7,1
0.0000011324883,0.006839752,0.005722046,0.10369873,0.3347168,0.10076904,0.000027954578,4.172325e-7,5.9604645e-8,0.035949707,0.029327393,0.038269043,0.05606079,0.34277344,0.023605347,0.031173706,0.33911133,0.22705078,0.19140625,0.5366211,0.16992188,0.035980225,0.009941101,0.000056803226,0.0047721863,0.08666992,0.00017154217,0.065979004,0.00025582314,0.00052165985,0.054626465,0.061065674,0.00035500526,0.00015759468,0.00077724457,0.00039696693,0.003250122,0.013305664,0.034729004,0.0011796951,0.033203125,0.0055160522,0.025650024,0.0025558472,0.0000641942,0.00008755922,0.008125305,0.018112183,0.00000834465,0.000014901161,3.5762787e-7,4.172325e-7,1
1.7881393e-7,0.000025749207,0.000013232231,0.9165039,0.9243164,0.9277344,0.000538826,8.34465e-7,0.0000012516975,0.082092285,0.019470215,0.10107422,0.09753418,0.10205078,0.10699463,0.07324219,0.048614502,0.16467285,0.17041016,0.39013672,0.25439453,0.015716553,0.05343628,0.0011730194,0.0029563904,0.85302734,0.013900757,0.0018100739,0.03265381,0.026123047,0.0015897751,0.0021533966,0.013435364,0.012138367,0.57128906,0.5292969,0.0031108856,0.005290985,0.015945435,0.000013113022,0.0018930435,0.012802124,0.00016140938,0.00072336197,0.002122879,0.0016098022,0.0018167496,0.004180908,0.0010871887,0.00054454803,0.0000042915344,0.0000014305115,0
0.0000029802322,0.0037460327,0.005683899,0.29711914,0.42041016,0.23791504,0.000059127808,5.9604645e-8,3.5762787e-7,0.025787354,0.02720642,0.016220093,0.015541077,0.06713867,0.24804688,0.22509766,0.05795288,0.42895508,0.45654297,0.13171387,0.10101318,0.074035645,0.02507019,0.00006645918,0.002231598,0.020126343,0.00008070469,0.01676941,0.01058197,0.067871094,0.002779007,0.0046653748,0.00030517578,0.0005941391,0.001168251,0.0003721714,0.09814453,0.44604492,0.00044894218,0.00057792664,0.04486084,0.1026001,0.011543274,0.0010137558,0.029525757,0.028533936,0.110839844,0.066467285,0.000009894371,0.000017821789,3.5762787e-7,1.7881393e-7,1
4.172325e-7,0.00016486645,0.00012385845,0.46899414,0.8388672,0.41430664,0.00003516674,4.172325e-7,5.9604645e-8,0.05731201,0.06585693,0.1048584,0.12634277,0.024887085,0.35131836,0.35083008,0.020828247,0.10888672,0.082458496,0.66015625,0.2849121,0.021316528,0.006122589,0.0001475811,0.0041236877,0.046905518,0.0000859499,0.019195557,0.00036644936,0.0024909973,0.011932373,0.009185791,0.0003848076,0.00003796816,0.0009589195,0.00060749054,0.011054993,0.05316162,0.0047798157,0.0072746277,0.012184143,0.005542755,0.003479004,0.0016746521,0.0016174316,0.0032024384,0.06561279,0.08099365,0.000010967255,0.000022172928,5.364418e-7,2.3841858e-7,1
5.364418e-7,0.00030350685,0.00045228004,0.6791992,0.72021484,0.20507812,0.0006198883,0.0000013709068,4.172325e-7,0.046569824,0.010910034,0.09918213,0.07281494,0.0146484375,0.5263672,0.49121094,0.0055885315,0.12780762,0.15100098,0.11053467,0.061798096,0.028335571,0.0546875,0.0013628006,0.008361816,0.9111328,0.010276794,0.0013933182,0.01864624,0.04675293,0.0019950867,0.0024852753,0.021240234,0.00067424774,0.09863281,0.17053223,0.004055023,0.021575928,0.0060310364,0.00022983551,0.00056552887,0.0020332336,0.00031733513,0.0062828064,0.5131836,0.8046875,0.0031280518,0.13806152,0.0012626648,0.003917694,0.000003516674,0.000002026558,1
3.5762787e-7,0.00020444393,0.00036287308,0.75439453,0.73583984,0.22290039,0.0007534027,0.0000013113022,4.7683716e-7,0.035064697,0.009231567,0.09454346,0.073791504,0.031097412,0.29101562,0.26000977,0.025344849,0.15026855,0.17382812,0.11773682,0.072265625,0.036193848,0.0713501,0.0019817352,0.0055389404,0.93310547,0.015686035,0.0009889603,0.029556274,0.048309326,0.0012931824,0.0019779205,0.036590576,0.00071668625,0.20056152,0.32470703,0.0023899078,0.0118255615,0.009094238,0.0002527237,0.0003106594,0.0013723373,0.00012201071,0.00573349,0.34375,0.6713867,0.0028686523,0.1907959,0.0016393661,0.004760742,0.0000049471855,0.0000022053719,1
2.3841858e-7,0.00037002563,0.6616211,0.015960693,0.8251953,0.0020828247,0.000031888485,0.0,1.1920929e-7,0.05316162,0.16662598,0.12017822,0.3720703,0.36450195,0.11230469,0.037322998,0.16418457,0.19555664,0.053222656,0.5180664,0.07336426,0.13549805,0.0067329407,0.00017476082,0.00034999847,0.0011339188,0.00019562244,0.00051021576,0.026641846,0.11419678,0.000027239323,0.000035583973,0.0026893616,0.0003900528,0.00058984756,0.00019729137,0.03552246,0.029129028,0.0284729,0.014533997,0.00021278858,0.0033226013,0.0024280548,0.011955261,0.02999878,0.035888672,0.0053215027,0.0015325546,0.0008225441,0.0016889572,0.0000056624413,5.9604645e-8,1
0.0000056028366,0.0073242188,0.026016235,0.025268555,0.6040039,0.35009766,0.0009274483,3.5762787e-7,6.556511e-7,0.008323669,0.19360352,0.028839111,0.07489014,0.105895996,0.0770874,0.09173584,0.11798096,0.46191406,0.29223633,0.11907959,0.08935547,0.22790527,0.002325058,0.00041508675,0.0005660057,0.46362305,0.009803772,0.061340332,0.012084961,0.020431519,0.0010318756,0.0006136894,0.021362305,0.000089883804,0.045928955,0.027923584,0.0036640167,0.013343811,0.009292603,0.00623703,0.0022716522,0.012832642,0.0013427734,0.017929077,0.54248047,0.87890625,0.009010315,0.08929443,0.08013916,0.1340332,7.748604e-7,0.0000011920929,1
0.0000026226044,0.019195557,0.072143555,0.09661865,0.19274902,0.078063965,0.000029444695,1.1920929e-7,2.3841858e-7,0.060028076,0.11340332,0.25683594,0.31689453,0.359375,0.03262329,0.03781128,0.35595703,0.0949707,0.04055786,0.46679688,0.26464844,0.06890869,0.0085372925,0.000044822693,0.0014486313,0.050750732,0.0008587837,0.04510498,0.018600464,0.0023651123,0.049835205,0.10644531,0.00006818771,0.0003681183,0.00057029724,0.0004515648,0.0036144257,0.020065308,0.0016393661,0.00031542778,0.055236816,0.059051514,0.18041992,0.0048599243,0.00008612871,0.00013244152,0.0017175674,0.03668213,0.00027418137,0.0011758804,1.7881393e-7,2.9802322e-7,1
0.0000011920929,0.03564453,0.040802002,0.004085541,0.15222168,0.05078125,0.00020635128,2.3841858e-7,1.1920929e-7,0.09100342,0.17272949,0.018493652,0.040008545,0.18066406,0.027679443,0.054351807,0.24353027,0.40307617,0.3173828,0.46020508,0.28833008,0.012741089,0.0020999908,0.00034832954,0.024139404,0.51953125,0.00012218952,0.03062439,0.00089883804,0.008979797,0.00010883808,0.0000692606,0.020980835,0.0000705719,0.00459671,0.008483887,0.004711151,0.016998291,0.01612854,0.011405945,0.00028300285,0.0059814453,0.00041103363,0.0020217896,0.6035156,0.8769531,0.0044937134,0.10845947,0.0010852814,0.003194809,4.172325e-7,0.0000014901161,1
9.536743e-7,0.0032978058,0.0025920868,0.15600586,0.40478516,0.13513184,0.000026881695,3.5762787e-7,5.9604645e-8,0.03640747,0.033172607,0.034179688,0.042419434,0.18078613,0.06210327,0.05935669,0.17785645,0.25317383,0.2388916,0.51708984,0.21850586,0.03253174,0.008544922,0.00009018183,0.003189087,0.07342529,0.00023007393,0.0463562,0.0002503395,0.0007786751,0.04953003,0.060699463,0.00023365021,0.000070512295,0.0009303093,0.00049877167,0.0036830902,0.017822266,0.013420105,0.0021533966,0.023544312,0.005645752,0.01259613,0.0013046265,0.00012731552,0.00020325184,0.011184692,0.051513672,0.0000047683716,0.0000086426735,4.172325e-7,3.5762787e-7,1
0.0003771782,0.031433105,0.10461426,0.0016012192,0.96728516,0.6040039,0.0017795563,4.172325e-7,0.000028312206,0.359375,0.9199219,0.00002092123,0.00016891956,0.9873047,0.8046875,0.000094771385,0.0035743713,0.9892578,0.96240234,0.3154297,0.07745361,0.026809692,0.00011152029,0.0012359619,0.118652344,0.19140625,0.0009083748,0.014694214,0.12658691,0.0107421875,0.09313965,0.17907715,0.21142578,0.03338623,0.122558594,0.17041016,0.004337311,0.008880615,0.89160156,0.00008195639,0.046783447,0.13745117,0.009429932,0.09741211,0.00095558167,0.00033807755,0.002418518,0.08129883,0.030136108,0.011795044,0.0007901192,0.0000044107437,1
8.940697e-7,0.02267456,0.029159546,0.009017944,0.13793945,0.054382324,0.00003105402,1.7881393e-7,5.9604645e-8,0.08618164,0.14807129,0.037841797,0.056243896,0.19812012,0.023010254,0.044525146,0.21960449,0.22802734,0.21582031,0.63623047,0.60302734,0.009849548,0.0022239685,0.000039458275,0.009796143,0.5078125,0.00014734268,0.4753418,0.0015010834,0.0005707741,0.00017344952,0.00025510788,0.0020103455,0.0009303093,0.0020198822,0.0010347366,0.003025055,0.0053977966,0.17102051,0.0015192032,0.005393982,0.0110321045,0.005531311,0.0017557144,0.000035643578,0.00002861023,0.00027251244,0.0009150505,0.00004476309,0.000039219856,1.7881393e-7,2.9802322e-7,1
2.9802322e-7,0.00022637844,0.00010681152,0.5307617,0.7915039,0.40966797,0.000028550625,2.3841858e-7,5.9604645e-8,0.07720947,0.06427002,0.11785889,0.13671875,0.022888184,0.32958984,0.33276367,0.025100708,0.09033203,0.080566406,0.60839844,0.32470703,0.015670776,0.006198883,0.00013530254,0.00605011,0.042419434,0.000048995018,0.015602112,0.00047945976,0.0016040802,0.008102417,0.0062332153,0.00040555,0.000056028366,0.0011091232,0.00083875656,0.013511658,0.03881836,0.0061035156,0.0046844482,0.010665894,0.0065727234,0.0024967194,0.0011768341,0.0006971359,0.0010051727,0.03869629,0.022994995,0.000010550022,0.00001579523,4.7683716e-7,1.7881393e-7,1
1.7881393e-7,0.00005364418,0.00004720688,0.78564453,0.91015625,0.7763672,0.0003349781,0.000001013279,7.748604e-7,0.13293457,0.08416748,0.17944336,0.11291504,0.19958496,0.09008789,0.031341553,0.074523926,0.09844971,0.15576172,0.32861328,0.5644531,0.008483887,0.013885498,0.0010900497,0.010475159,0.9145508,0.0038928986,0.0011615753,0.03479004,0.09423828,0.0005788803,0.000954628,0.039733887,0.0037784576,0.42285156,0.3762207,0.001578331,0.012771606,0.02748108,0.000059604645,0.0016746521,0.005580902,0.00015687943,0.00141716,0.0037345886,0.005607605,0.0005927086,0.007347107,0.0015878677,0.0017156601,0.0000037550926,0.0000015497208,0
7.1525574e-7,0.00015234947,0.0002039671,0.80859375,0.8129883,0.703125,0.00019454956,0.0000023841858,8.34465e-7,0.0030555725,0.012084961,0.030273438,0.111450195,0.042907715,0.53564453,0.31933594,0.00548172,0.48364258,0.19946289,0.059417725,0.0055274963,0.47070312,0.08947754,0.000310421,0.0003156662,0.86816406,0.26831055,0.00274086,0.009796143,0.04043579,0.053985596,0.026443481,0.057128906,0.00004440546,0.107421875,0.047973633,0.014465332,0.02494812,0.019119263,0.012802124,0.0061912537,0.0033855438,0.0043258667,0.026412964,0.00223732,0.0028190613,0.038757324,0.00699234,0.0040016174,0.004295349,0.0000037550926,1.7881393e-7,0
5.9604645e-7,0.00037193298,0.0004515648,0.6513672,0.6713867,0.1730957,0.0005784035,0.0000013709068,2.9802322e-7,0.05999756,0.015357971,0.10870361,0.08404541,0.014831543,0.52441406,0.48779297,0.00573349,0.11010742,0.12719727,0.14196777,0.07147217,0.02319336,0.038391113,0.001203537,0.005153656,0.8930664,0.020263672,0.0015277863,0.022918701,0.040130615,0.0016765594,0.0021152496,0.01802063,0.00076007843,0.06573486,0.12670898,0.0045814514,0.020645142,0.0060653687,0.00020730495,0.0005970001,0.0017614365,0.00033140182,0.006668091,0.5029297,0.7792969,0.0024909973,0.09838867,0.0005784035,0.0016345978,0.000003516674,0.0000019669533,1
0.000001013279,0.01689148,0.009681702,0.05960083,0.21289062,0.1159668,0.000039815903,4.172325e-7,5.9604645e-8,0.039764404,0.036254883,0.028396606,0.043182373,0.30395508,0.02583313,0.031402588,0.29516602,0.24890137,0.22399902,0.68359375,0.19958496,0.02029419,0.008995056,0.0000692606,0.002714157,0.068237305,0.00017356873,0.030014038,0.0003092289,0.0016412735,0.047180176,0.04586792,0.0002465248,0.000015199184,0.0010929108,0.0008149147,0.004196167,0.016616821,0.021942139,0.013420105,0.033477783,0.007873535,0.008094788,0.0012769699,0.00009697676,0.00014817715,0.013679504,0.027770996,0.0000076293945,0.000012278557,4.7683716e-7,4.7683716e-7,1
0.0000060796738,0.0029506683,0.004207611,0.33325195,0.546875,0.34887695,0.000057458878,4.172325e-7,2.3841858e-7,0.058044434,0.028442383,0.033447266,0.030792236,0.030639648,0.32055664,0.33422852,0.035064697,0.2849121,0.33935547,0.21398926,0.16796875,0.046295166,0.028503418,0.000024020672,0.0042381287,0.08459473,0.00007599592,0.10064697,0.0022640228,0.0362854,0.066711426,0.115600586,0.0001154542,0.0004620552,0.0008831024,0.00019824505,0.033447266,0.4326172,0.00046372414,0.0005283356,0.1270752,0.14001465,0.08685303,0.0040397644,0.0013122559,0.0016202927,0.10095215,0.08874512,0.000032782555,0.000047385693,2.3841858e-7,4.172325e-7,1
8.940697e-7,0.00015759468,0.00007110834,0.73876953,0.70947266,0.58154297,0.00002849102,7.1525574e-7,2.3841858e-7,0.20568848,0.31152344,0.37353516,0.3671875,0.013977051,0.27416992,0.2626953,0.022140503,0.033203125,0.015792847,0.43188477,0.24719238,0.005126953,0.0025100708,0.000026345253,0.0038032532,0.114746094,0.0005669594,0.041137695,0.001124382,0.00038075447,0.0023899078,0.0041389465,0.0006098747,0.0004901886,0.00069761276,0.0007548332,0.0025730133,0.001127243,0.5463867,0.005783081,0.22009277,0.10437012,0.07293701,0.0023269653,4.7683716e-7,1.7881393e-7,0.00012862682,0.00039577484,0.000029146671,0.000018775463,0.000002026558,2.9802322e-7,0
5.9604645e-7,0.006134033,0.00093507767,0.2524414,0.15698242,0.18115234,0.000009179115,2.3841858e-7,1.1920929e-7,0.11517334,0.027877808,0.06695557,0.06088257,0.038635254,0.3112793,0.27514648,0.014755249,0.12878418,0.13952637,0.2685547,0.19995117,0.008644104,0.009407043,0.00007903576,0.0037021637,0.013153076,0.000035703182,0.0033111572,0.000620842,0.0023651123,0.12475586,0.17382812,0.000059127808,0.00072813034,0.0005426407,0.00021541119,0.024871826,0.18847656,0.0010967255,0.000064730644,0.0619812,0.01889038,0.0345459,0.00090169907,0.00027370453,0.00038266182,0.019577026,0.09753418,0.0000022053719,0.0000029206276,4.172325e-7,2.3841858e-7,1
0.0000010728836,0.023452759,0.018341064,0.04486084,0.19433594,0.08581543,0.000054359436,2.9802322e-7,1.1920929e-7,0.035705566,0.040863037,0.041748047,0.074035645,0.52246094,0.0070495605,0.0149002075,0.4885254,0.17041016,0.13183594,0.72314453,0.17224121,0.021057129,0.0079422,0.00007420778,0.0061912537,0.08013916,0.000055611134,0.042907715,0.001531601,0.0013723373,0.009666443,0.010047913,0.00022554398,0.000046789646,0.00090646744,0.0008831024,0.015655518,0.015823364,0.008003235,0.00472641,0.032714844,0.012069702,0.0068893433,0.0012569427,0.00041007996,0.00036644936,0.013542175,0.012336731,0.000023901463,0.000023782253,2.9802322e-7,5.9604645e-7,1
5.364418e-7,0.010002136,0.013557434,0.041900635,0.29467773,0.07171631,0.000018239021,1.1920929e-7,5.9604645e-8,0.046020508,0.03173828,0.037200928,0.053131104,0.1328125,0.06072998,0.086364746,0.14562988,0.22460938,0.20690918,0.54785156,0.18347168,0.029159546,0.008110046,0.000037908554,0.009490967,0.058013916,0.00007146597,0.041137695,0.00065135956,0.00036263466,0.0050582886,0.006111145,0.00030088425,0.00066947937,0.00049209595,0.00025844574,0.004673004,0.011413574,0.028167725,0.00034928322,0.025466919,0.009216309,0.019927979,0.0014019012,0.000056266785,0.000055611134,0.0033740997,0.0044937134,0.0000064373016,0.000007987022,2.3841858e-7,1.7881393e-7,1
0.0000059604645,0.06652832,0.055786133,0.12854004,0.010566711,0.023269653,0.00035309792,0.0000014901161,0.0000014901161,0.23352051,0.18273926,0.2680664,0.2746582,0.4477539,0.0040893555,0.008934021,0.44018555,0.040100098,0.033599854,0.3935547,0.32885742,0.0049057007,0.0030822754,0.0009455681,0.0037517548,0.015174866,0.000022768974,0.0004284382,0.026412964,0.024108887,0.004966736,0.006275177,0.00041246414,0.00015115738,0.030212402,0.044830322,0.30639648,0.33007812,0.00011819601,0.00066947937,0.047912598,0.05581665,0.010231018,0.0102005005,0.34570312,0.28173828,0.036468506,0.14831543,0.063964844,0.07720947,0.0000017285347,0.000009417534,1
5.9604645e-7,0.00031089783,0.0005607605,0.62109375,0.6982422,0.1875,0.00081920624,0.0000014901161,5.364418e-7,0.031082153,0.009460449,0.13195801,0.103149414,0.038146973,0.23950195,0.19873047,0.031585693,0.10369873,0.11645508,0.12023926,0.06964111,0.040405273,0.06616211,0.0015954971,0.0034294128,0.9169922,0.033294678,0.0009908676,0.058288574,0.03955078,0.0016555786,0.0027694702,0.016662598,0.0010080338,0.1303711,0.22619629,0.0042800903,0.015151978,0.0056381226,0.00016760826,0.0005540848,0.0016670227,0.0002501011,0.009277344,0.34277344,0.60498047,0.0025558472,0.16320801,0.0012207031,0.002357483,0.000005185604,0.0000031590462,1
0.0000010728836,0.0088272095,0.009521484,0.08886719,0.3256836,0.14318848,0.000038146973,3.5762787e-7,1.1920929e-7,0.0390625,0.030532837,0.023620605,0.036590576,0.45141602,0.008972168,0.020889282,0.40966797,0.24243164,0.23925781,0.49316406,0.14807129,0.019958496,0.009841919,0.000052392483,0.0062713623,0.07489014,0.00006920099,0.044525146,0.0010881424,0.0003707409,0.013916016,0.015556335,0.0005083084,0.00010371208,0.0007953644,0.0010089874,0.008995056,0.006412506,0.043029785,0.0024909973,0.046081543,0.008232117,0.014221191,0.001876831,0.00007855892,0.0000513196,0.008079529,0.008018494,0.000025868416,0.000022828579,3.5762787e-7,4.172325e-7,1
0.0000010728836,0.028701782,0.060028076,0.0047187805,0.22131348,0.03086853,0.00018417835,1.7881393e-7,5.9604645e-8,0.074035645,0.26098633,0.031097412,0.14147949,0.014030457,0.39501953,0.3684082,0.012481689,0.35083008,0.08483887,0.62646484,0.23339844,0.01953125,0.0010786057,0.00030469894,0.00945282,0.45092773,0.00039982796,0.024597168,0.0004181862,0.006580353,0.00029110909,0.00016736984,0.010604858,0.000039458275,0.0027046204,0.005493164,0.0029850006,0.011123657,0.018035889,0.01966858,0.0006084442,0.004295349,0.0006814003,0.0038757324,0.48999023,0.86572266,0.0045280457,0.12670898,0.0003709793,0.0022010803,5.364418e-7,8.940697e-7,1
0.00000333786,0.00085258484,0.0009737015,0.51660156,0.36938477,0.1616211,0.000023961067,4.7683716e-7,2.3841858e-7,0.021331787,0.06173706,0.0067367554,0.025726318,0.068115234,0.06915283,0.11376953,0.09613037,0.5234375,0.40454102,0.41796875,0.20947266,0.030593872,0.0038166046,0.000030040741,0.012069702,0.020507812,0.0000072717667,0.011795044,0.0039520264,0.00032258034,0.034362793,0.050994873,0.00016868114,0.00047779083,0.00020551682,0.00017285347,0.076293945,0.038024902,0.0042304993,0.00081157684,0.10510254,0.003534317,0.2915039,0.020370483,0.0010881424,0.0005917549,0.010429382,0.01675415,0.00007760525,0.00006318092,5.364418e-7,4.172325e-7,1
0.0000027418137,0.00059604645,0.0006341934,0.36035156,0.75927734,0.45874023,0.000027418137,2.3841858e-7,2.9802322e-7,0.04144287,0.021987915,0.12536621,0.12561035,0.37817383,0.032196045,0.031433105,0.39111328,0.11248779,0.12768555,0.2770996,0.23046875,0.07849121,0.022491455,0.000042021275,0.014633179,0.045898438,0.00019943714,0.012313843,0.18249512,0.0037841797,0.007534027,0.01687622,0.00031018257,0.006713867,0.00035524368,0.0004556179,0.022354126,0.047088623,0.0030708313,0.000021994114,0.2166748,0.1361084,0.1821289,0.03466797,0.00012230873,0.000093221664,0.00095796585,0.0050201416,0.00020217896,0.00012493134,1.1920929e-7,1.1920929e-7,1
9.536743e-7,0.019073486,0.014556885,0.055877686,0.23083496,0.13085938,0.00004786253,2.9802322e-7,1.1920929e-7,0.034088135,0.033325195,0.03515625,0.072143555,0.47094727,0.007797241,0.016647339,0.4663086,0.20056152,0.13476562,0.7182617,0.12902832,0.02381897,0.009170532,0.00006133318,0.003753662,0.08605957,0.0001320839,0.045806885,0.0006661415,0.0010471344,0.013084412,0.01348114,0.0002887249,0.000031650066,0.0011472702,0.0010433197,0.0058059692,0.011230469,0.02470398,0.009300232,0.03237915,0.008262634,0.007888794,0.0013570786,0.00010919571,0.00013053417,0.007881165,0.012191772,0.000016391277,0.000019669533,3.5762787e-7,5.364418e-7,1
0.0000017285347,0.00003093481,0.012298584,0.19421387,0.8979492,0.06964111,0.00068950653,6.556511e-7,0.000002503395,0.019989014,0.09057617,0.013809204,0.47753906,0.0574646,0.52783203,0.12878418,0.0023994446,0.50878906,0.018203735,0.7397461,0.061309814,0.07562256,0.0063438416,0.0005903244,0.00002336502,0.41381836,0.047576904,0.0262146,0.03213501,0.0015296936,0.00067043304,0.00083732605,0.00491333,0.00015079975,0.015731812,0.043640137,0.12646484,0.025314331,0.004299164,0.0044898987,0.0032596588,0.015701294,0.0030212402,0.0059051514,0.91015625,0.85058594,0.05117798,0.08276367,0.08276367,0.05606079,0.0000031590462,0.00000166893,1
4.7683716e-7,0.37768555,0.38427734,0.0057754517,0.0019512177,0.0026931763,0.0000035762787,0.0,5.9604645e-8,0.11871338,0.14367676,0.61035156,0.5683594,0.110961914,0.03451538,0.046691895,0.13757324,0.011802673,0.008079529,0.13513184,0.109680176,0.010734558,0.007598877,0.00001603365,0.00043725967,0.000026762486,0.000011265278,0.0000029206276,0.28833008,0.52734375,0.000004351139,0.000004172325,0.0018453598,0.009460449,0.000030219555,0.00001680851,0.04812622,0.06500244,0.27001953,0.0017213821,0.00024986267,0.000062942505,0.5527344,0.25097656,0.03552246,0.040252686,0.00013101101,0.0001244545,0.016189575,0.018676758,0.000003695488,1.1920929e-7,1
0.000014424324,0.52783203,0.5395508,0.002658844,0.0026073456,0.0074653625,0.0012102127,0.0000029802322,0.0000033974648,0.33398438,0.17126465,0.26660156,0.23388672,0.4428711,0.0024528503,0.01638794,0.63623047,0.037963867,0.04272461,0.38085938,0.5307617,0.0031642914,0.0034427643,0.002401352,0.004096985,0.023147583,0.000037550926,0.0006327629,0.011375427,0.025024414,0.0016784668,0.0022716522,0.0005197525,0.000019609928,0.13574219,0.28637695,0.24499512,0.35180664,0.00013554096,0.013389587,0.0847168,0.3232422,0.010231018,0.0070266724,0.7055664,0.77685547,0.016403198,0.42529297,0.40478516,0.49731445,0.0000011324883,0.000019907951,1
0.0000064969063,0.037353516,0.007774353,0.80566406,0.034729004,0.51220703,0.00001168251,0.000003695488,7.1525574e-7,0.2927246,0.13928223,0.3137207,0.0046081543,0.1850586,0.10522461,0.108947754,0.24133301,0.061767578,0.5864258,0.090148926,0.33984375,0.009490967,0.016830444,0.0003695488,0.00014126301,0.00012117624,0.0033454895,0.000005722046,0.009757996,0.14929199,0.004055023,0.0012016296,0.050048828,0.0000053048134,0.0051574707,0.0038089752,0.048431396,0.08557129,0.033447266,0.7294922,0.003376007,0.00043010712,0.07849121,0.12207031,0.23132324,0.45825195,0.09350586,0.0039405823,0.0016937256,0.07342529,0.000009417534,1.7881393e-7,1
0.0000022053719,0.042144775,0.0390625,0.0713501,0.07678223,0.09338379,0.0007343292,0.0000011920929,3.5762787e-7,0.06121826,0.025726318,0.40112305,0.3642578,0.7416992,0.011711121,0.011734009,0.7060547,0.0340271,0.035705566,0.5229492,0.111083984,0.04647827,0.038146973,0.0016040802,0.0007686615,0.056518555,0.00015485287,0.0051841736,0.024459839,0.03466797,0.000026166439,0.000060260296,0.06365967,0.0005054474,0.12890625,0.124572754,0.011001587,0.016525269,0.05078125,0.0065307617,0.0006637573,0.0022220612,0.00029420853,0.02116394,0.69873047,0.8647461,0.003145218,0.103271484,0.3803711,0.34570312,0.0000030398369,0.0000022649765,1
2.9802322e-7,0.0008201599,0.0004916191,0.2467041,0.6689453,0.24719238,0.000034868717,1.1920929e-7,5.9604645e-8,0.12878418,0.13342285,0.07623291,0.101989746,0.010986328,0.53515625,0.5546875,0.008163452,0.118896484,0.109191895,0.57373047,0.39013672,0.009475708,0.0020961761,0.00018250942,0.007949829,0.062561035,0.00007045269,0.023620605,0.0015563965,0.001701355,0.004272461,0.003583908,0.0002360344,0.00012540817,0.001876831,0.0016593933,0.039093018,0.057647705,0.0019760132,0.001039505,0.016098022,0.024612427,0.0014419556,0.0002667904,0.0010576248,0.0011291504,0.022735596,0.019332886,0.0000023245811,0.0000030994415,3.5762787e-7,1.7881393e-7,1
4.172325e-7,0.0025177002,0.004005432,0.10644531,0.59765625,0.03704834,0.000014841557,1.1920929e-7,5.9604645e-8,0.09875488,0.17480469,0.080444336,0.10803223,0.011436462,0.46142578,0.47216797,0.022842407,0.12768555,0.11279297,0.55371094,0.39404297,0.017333984,0.001502037,0.0000680089,0.0050964355,0.014877319,0.000091671944,0.0030879974,0.0004916191,0.00034832954,0.13513184,0.1274414,0.00011885166,0.0009689331,0.0006418228,0.0003607273,0.010948181,0.039367676,0.0051727295,0.000056505203,0.036621094,0.010284424,0.02432251,0.0017652512,0.0000988245,0.000118136406,0.022781372,0.017242432,0.0000020861626,0.000004887581,5.364418e-7,1.7881393e-7,1
0.0000010728836,0.000039041042,0.00008171797,0.82910156,0.9067383,0.78759766,0.00043272972,0.0000016093254,8.34465e-7,0.061828613,0.029525757,0.19958496,0.1973877,0.0019407272,0.73291016,0.7236328,0.0012617111,0.05029297,0.03793335,0.29907227,0.096191406,0.022140503,0.029785156,0.00042939186,0.00034928322,0.30126953,0.009277344,0.0076522827,0.0043563843,0.008522034,0.000022649765,0.000012993813,0.016723633,0.00029492378,0.056274414,0.07470703,0.0960083,0.029785156,0.025970459,0.0051956177,0.0050468445,0.015487671,0.0010967255,0.008903503,0.7167969,0.61865234,0.010826111,0.0015764236,0.047790527,0.0692749,0.0000020861626,8.34465e-7,1
0.00000166893,0.007171631,0.048431396,0.004070282,0.29516602,0.056549072,0.00011867285,9.536743e-7,7.1525574e-7,0.10925293,0.07495117,0.15136719,0.12646484,0.006839752,0.36035156,0.34594727,0.0045928955,0.060180664,0.061401367,0.28735352,0.27368164,0.008399963,0.008155823,0.00056886673,0.00003415346,0.0014343262,0.00039434433,0.000059187412,0.0035934448,0.011039734,0.0015573502,0.0012254715,0.0025978088,0.0000987649,0.01914978,0.029129028,0.05053711,0.07324219,0.005672455,0.005153656,0.0033073425,0.0046157837,0.011962891,0.05230713,0.6357422,0.66748047,0.020721436,0.026473999,0.31420898,0.43139648,0.0000062584877,0.0000017881393,1
0.000002861023,0.0009379387,0.0015859604,0.34936523,0.47631836,0.18688965,0.00012254715,3.5762787e-7,0.0000045895576,0.0018196106,0.0012216568,0.048736572,0.10809326,0.02720642,0.296875,0.19213867,0.0050697327,0.17480469,0.07733154,0.032073975,0.007286072,0.22924805,0.17492676,0.0005569458,0.0001733303,0.027740479,0.00026273727,0.0038013458,0.07922363,0.0015573502,0.0031147003,0.005973816,0.000446558,0.00010961294,0.0060272217,0.018600464,0.30664062,0.033203125,0.0005903244,0.004688263,0.011352539,0.016784668,0.003932953,0.007167816,0.022857666,0.012741089,0.015289307,0.17199707,0.0041503906,0.0020980835,0.0000052452087,0.0000011920929,1
0.0000017285347,0.000051498413,0.000017642975,0.8095703,0.8251953,0.6640625,0.000055372715,0.0000011324883,2.9802322e-7,0.17785645,0.08404541,0.0501709,0.039093018,0.45117188,0.013465881,0.009841919,0.42163086,0.1953125,0.2265625,0.3935547,0.5390625,0.0047073364,0.0051116943,0.00019228458,0.01171875,0.42041016,0.000055789948,0.35742188,0.00819397,0.00027489662,0.002576828,0.0065231323,0.00028419495,0.0005726814,0.0020122528,0.002117157,0.04135132,0.013832092,0.0030345917,0.0006041527,0.0073432922,0.00894928,0.0093688965,0.0012044907,0.0011749268,0.00047326088,0.0045166016,0.047790527,0.00033283234,0.00007927418,5.364418e-7,8.34465e-7,1
0.000001847744,0.00003272295,0.0024471283,0.38549805,0.9082031,0.2310791,0.00088071823,0.0000011324883,0.00000756979,0.027938843,0.10852051,0.020202637,0.17053223,0.049835205,0.7939453,0.27172852,0.0010099411,0.46289062,0.08538818,0.6230469,0.13781738,0.06652832,0.006958008,0.0023555756,0.0014858246,0.29882812,0.002954483,0.013191223,0.02168274,0.012298584,0.0035915375,0.002664566,0.021499634,0.000032901764,0.16247559,0.22021484,0.02696228,0.01626587,0.0030841827,0.013313293,0.0025348663,0.027648926,0.0008225441,0.008430481,0.7451172,0.8041992,0.32299805,0.30419922,0.22143555,0.23132324,0.0000066161156,0.0000014901161,1
0.000011861324,0.13085938,0.036987305,0.13439941,0.0151901245,0.12054443,0.00003540516,0.000001013279,2.3841858e-7,0.32885742,0.06591797,0.85791016,0.1184082,0.17285156,0.08453369,0.111816406,0.23046875,0.0014133453,0.19177246,0.050231934,0.46411133,0.0045776367,0.011146545,0.000078856945,0.006252289,0.051208496,0.0005965233,0.01713562,0.47436523,0.121032715,0.0004451275,0.0004963875,0.00050258636,0.0007238388,0.0006170273,0.0005249977,0.046203613,0.059173584,0.0018615723,0.0031013489,0.1673584,0.1159668,0.08654785,0.04156494,0.0026130676,0.0024433136,0.0010766983,0.0009570122,0.0007510185,0.0012712479,1.1920929e-7,1.1920929e-7,1
0.0000010728836,0.023452759,0.018341064,0.04486084,0.19433594,0.08581543,0.000054359436,2.9802322e-7,1.1920929e-7,0.035705566,0.040863037,0.041748047,0.074035645,0.52246094,0.0070495605,0.0149002075,0.4885254,0.17041016,0.13183594,0.72314453,0.17224121,0.021057129,0.0079422,0.00007420778,0.0061912537,0.08013916,0.000055611134,0.042907715,0.001531601,0.0013723373,0.009666443,0.010047913,0.00022554398,0.000046789646,0.00090646744,0.0008831024,0.015655518,0.015823364,0.008003235,0.00472641,0.032714844,0.012069702,0.0068893433,0.0012569427,0.00041007996,0.00036644936,0.013542175,0.012336731,0.000023901463,0.000023782253,2.9802322e-7,5.9604645e-7,1
0.0000012516975,0.000051498413,0.00009685755,0.7890625,0.6660156,0.7060547,0.00012791157,0.0000020861626,0.000001013279,0.13867188,0.10467529,0.057281494,0.07147217,0.05014038,0.13781738,0.18652344,0.08496094,0.17199707,0.16479492,0.47192383,0.34057617,0.006996155,0.010231018,0.00031757355,0.00009483099,0.44482422,0.2915039,0.007461548,0.058135986,0.0015611649,0.00082588196,0.0015659332,0.004070282,0.00021648407,0.018218994,0.08441162,0.06542969,0.0018548965,0.01928711,0.0019245148,0.008369446,0.0066108704,0.002494812,0.0031776428,0.00020337105,0.00005966425,0.00049972534,0.007675171,0.00023639202,0.00003349781,0.000006377697,0.0000013709068,0
0.00000166893,0.007171631,0.048431396,0.004070282,0.29516602,0.056549072,0.00011867285,9.536743e-7,7.1525574e-7,0.10925293,0.07495117,0.15136719,0.12646484,0.006839752,0.36035156,0.34594727,0.0045928955,0.060180664,0.061401367,0.28735352,0.27368164,0.008399963,0.008155823,0.00056886673,0.00003415346,0.0014343262,0.00039434433,0.000059187412,0.0035934448,0.011039734,0.0015573502,0.0012254715,0.0025978088,0.0000987649,0.01914978,0.029129028,0.05053711,0.07324219,0.005672455,0.005153656,0.0033073425,0.0046157837,0.011962891,0.05230713,0.6357422,0.66748047,0.020721436,0.026473999,0.31420898,0.43139648,0.0000062584877,0.0000017881393,1
0.000001013279,0.01689148,0.009681702,0.05960083,0.21289062,0.1159668,0.000039815903,4.172325e-7,5.9604645e-8,0.039764404,0.036254883,0.028396606,0.043182373,0.30395508,0.02583313,0.031402588,0.29516602,0.24890137,0.22399902,0.68359375,0.19958496,0.02029419,0.008995056,0.0000692606,0.002714157,0.068237305,0.00017356873,0.030014038,0.0003092289,0.0016412735,0.047180176,0.04586792,0.0002465248,0.000015199184,0.0010929108,0.0008149147,0.004196167,0.016616821,0.021942139,0.013420105,0.033477783,0.007873535,0.008094788,0.0012769699,0.00009697676,0.00014817715,0.013679504,0.027770996,0.0000076293945,0.000012278557,4.7683716e-7,4.7683716e-7,1
0.0000086426735,0.0413208,0.052215576,0.052978516,0.16223145,0.09423828,0.000059127808,4.7683716e-7,1.7881393e-7,0.08703613,0.037719727,0.037139893,0.026794434,0.01235199,0.4987793,0.49145508,0.013031006,0.28027344,0.3227539,0.16821289,0.21350098,0.024002075,0.015808105,0.00004351139,0.01159668,0.10662842,0.00005364418,0.121154785,0.002746582,0.008018494,0.083862305,0.1484375,0.0013713837,0.008132935,0.0011396408,0.00046348572,0.012069702,0.13024902,0.013420105,0.000021219254,0.04248047,0.025482178,0.02458191,0.018920898,0.0014457703,0.001865387,0.052368164,0.091308594,0.00004053116,0.00002604723,2.9802322e-7,5.9604645e-7,1
0.0000053048134,0.2685547,0.13415527,0.0016050339,0.2055664,0.14685059,0.000032901764,1.7881393e-7,5.9604645e-8,0.22644043,0.24694824,0.57373047,0.61083984,0.15905762,0.051086426,0.13391113,0.22558594,0.012298584,0.0128479,0.49682617,0.35668945,0.007484436,0.00605011,0.000009834766,0.000051021576,0.011665344,0.0049552917,0.01109314,0.2142334,0.10424805,0.00012385845,0.00021266937,0.00029230118,0.00010216236,0.00012362003,0.000015854836,0.26757812,0.0871582,0.001335144,0.14880371,0.0066375732,0.037017822,0.20251465,0.040283203,0.030303955,0.023986816,0.014472961,0.00033712387,0.0009636879,0.0074157715,7.748604e-7,2.9802322e-7,1
0.0000056624413,0.7885742,0.7163086,0.0001693964,0.0027160645,0.003353119,0.00025081635,0.00000756979,0.000004172325,0.28271484,0.22973633,0.1159668,0.09063721,0.0013999939,0.45581055,0.6772461,0.009300232,0.13830566,0.19958496,0.6689453,0.7084961,0.0031280518,0.004135132,0.0042533875,0.0006699562,0.00059843063,0.0000410676,0.00002348423,0.0067214966,0.026016235,0.03845215,0.02583313,0.0099487305,0.00022697449,0.055664062,0.12347412,0.07409668,0.119140625,0.0036010742,0.00081825256,0.00096559525,0.0006327629,0.017974854,0.058380127,0.9692383,0.9667969,0.84472656,0.58984375,0.6850586,0.73339844,0.000008046627,0.0000069737434,1
2.9802322e-7,0.0019245148,0.0021953583,0.13220215,0.6113281,0.06097412,0.000010848045,1.1920929e-7,5.9604645e-8,0.09173584,0.12646484,0.07409668,0.08758545,0.015655518,0.42822266,0.43310547,0.023880005,0.12359619,0.12695312,0.47387695,0.4165039,0.015159607,0.0021896362,0.00005275011,0.0053520203,0.010253906,0.00006777048,0.0017776489,0.00052404404,0.0003466606,0.11413574,0.1026001,0.00012135506,0.0010271072,0.0006341934,0.00034070015,0.01184845,0.04559326,0.0056266785,0.00006210804,0.03262329,0.0079193115,0.029449463,0.0025405884,0.00010752678,0.00013041496,0.024429321,0.012290955,0.0000023841858,0.000006020069,5.9604645e-7,1.7881393e-7,1
6.556511e-7,0.012672424,0.009086609,0.09875488,0.21105957,0.0715332,0.000024497509,2.9802322e-7,5.9604645e-8,0.06109619,0.034179688,0.039276123,0.046447754,0.2763672,0.029037476,0.035003662,0.2578125,0.17858887,0.19274902,0.50341797,0.29052734,0.011421204,0.0095825195,0.000062823296,0.004257202,0.08984375,0.00017213821,0.04827881,0.00034356117,0.0016584396,0.008171082,0.008636475,0.00027751923,0.000036478043,0.0013523102,0.00064468384,0.0048599243,0.028335571,0.00856781,0.006565094,0.02168274,0.014045715,0.0054016113,0.001329422,0.00013434887,0.0002220869,0.0064888,0.012702942,0.0000076293945,0.000012755394,2.9802322e-7,4.172325e-7,1
0.0000074505806,0.008880615,0.030014038,0.0009021759,0.31591797,0.057281494,0.00014841557,7.1525574e-7,2.3841858e-7,0.06439209,0.18078613,0.029403687,0.051330566,0.007331848,0.41625977,0.40625,0.016326904,0.32348633,0.24169922,0.78222656,0.4934082,0.016052246,0.0016508102,0.0002696514,0.0025367737,0.12890625,0.0000718236,0.12158203,0.0028057098,0.0006313324,0.0034313202,0.004047394,0.00084352493,0.003156662,0.00052165985,0.00041222572,0.03375244,0.02659607,0.0045433044,0.00015163422,0.009086609,0.005836487,0.022827148,0.012840271,0.21008301,0.20263672,0.103271484,0.46679688,0.00077962875,0.00069475174,2.3841858e-7,0.0000013113022,1
0.000002682209,0.0031147003,0.0036354065,0.017623901,0.43725586,0.1237793,0.000064373016,2.3841858e-7,2.3841858e-7,0.056274414,0.11730957,0.045898438,0.07165527,0.043792725,0.14550781,0.15637207,0.046783447,0.20458984,0.15490723,0.70996094,0.5205078,0.014007568,0.0022640228,0.00018978119,0.0025749207,0.043151855,0.000036776066,0.032958984,0.0037593842,0.0018863678,0.0012273788,0.0013885498,0.00027656555,0.00020587444,0.0007519722,0.00062704086,0.17504883,0.13452148,0.0004146099,0.0012626648,0.017822266,0.025924683,0.009140015,0.0015106201,0.044189453,0.03817749,0.072143555,0.19934082,0.0000654459,0.00007289648,2.9802322e-7,7.748604e-7,1
0.0000011324883,0.029281616,0.04107666,0.0036506653,0.1829834,0.040496826,0.00019526482,2.9802322e-7,1.1920929e-7,0.09399414,0.19750977,0.018508911,0.04397583,0.09185791,0.06414795,0.095214844,0.13452148,0.40820312,0.30566406,0.48388672,0.29760742,0.013252258,0.0018157959,0.00033783913,0.019119263,0.50390625,0.00015211105,0.03149414,0.0006532669,0.007965088,0.00018560886,0.00010931492,0.016952515,0.000023663044,0.0033626556,0.0070152283,0.0038585663,0.011932373,0.02067566,0.0340271,0.00042366982,0.00598526,0.00043725967,0.0019321442,0.53125,0.83935547,0.004928589,0.11828613,0.00043988228,0.0013523102,4.7683716e-7,0.0000012516975,1
0.0000034570694,0.022781372,0.058807373,0.0058937073,0.18139648,0.0546875,0.00030636787,5.364418e-7,4.172325e-7,0.074279785,0.15405273,0.036132812,0.054626465,0.03390503,0.11932373,0.15612793,0.06665039,0.28173828,0.23535156,0.46020508,0.38232422,0.01512146,0.003730774,0.0004451275,0.016906738,0.57128906,0.00017130375,0.054473877,0.004634857,0.020324707,0.000046014786,0.00003671646,0.016799927,0.00035619736,0.006893158,0.009750366,0.021881104,0.07293701,0.007129669,0.0057754517,0.00039434433,0.009643555,0.0011262894,0.0027046204,0.7895508,0.93115234,0.0036792755,0.0647583,0.0027770996,0.0063972473,5.9604645e-7,0.0000036358833,1
5.9604645e-7,0.002286911,0.0030555725,0.04360962,0.68603516,0.20874023,0.000015676022,1.7881393e-7,2.3841858e-7,0.014091492,0.035186768,0.11193848,0.097595215,0.050628662,0.2524414,0.21716309,0.03665161,0.09729004,0.093811035,0.23730469,0.30859375,0.09185791,0.011833191,0.00016129017,0.0019893646,0.031280518,0.00021636486,0.0049095154,0.004940033,0.003112793,0.04434204,0.078125,0.0024299622,0.000076532364,0.0042266846,0.004135132,0.0032844543,0.03353882,0.009094238,0.0005784035,0.03527832,0.0073280334,0.0036182404,0.00484848,0.00018310547,0.00048804283,0.0064964294,0.1262207,0.000024199486,0.00003618002,1.7881393e-7,1.1920929e-7,1
0.000005185604,0.007587433,0.00856781,0.0058288574,0.29125977,0.06738281,0.000052928925,5.9604645e-7,1.1920929e-7,0.07659912,0.12072754,0.034423828,0.048431396,0.051116943,0.15075684,0.14929199,0.0541687,0.27416992,0.23693848,0.7480469,0.46801758,0.01197052,0.0020370483,0.00011044741,0.0068206787,0.03527832,0.00002092123,0.036010742,0.0011281967,0.0010242462,0.006198883,0.006389618,0.0005865097,0.0073242188,0.00021123886,0.000083088875,0.032684326,0.07458496,0.0035476685,0.000039696693,0.017547607,0.00390625,0.083618164,0.025146484,0.1730957,0.21008301,0.09466553,0.26293945,0.00022304058,0.00027251244,1.7881393e-7,8.34465e-7,1
0.0000044107437,0.2890625,0.27441406,0.00036478043,0.046661377,0.029541016,0.000055730343,5.9604645e-8,1.7881393e-7,0.12512207,0.07244873,0.021194458,0.017929077,0.4296875,0.032287598,0.025543213,0.39892578,0.44482422,0.4326172,0.56152344,0.5810547,0.02180481,0.0076522827,0.00008416176,0.0066871643,0.10870361,0.00014400482,0.12030029,0.009613037,0.09442139,0.00014042854,0.0001860857,0.00075912476,0.00047898293,0.0019302368,0.0004386902,0.025314331,0.35424805,0.0010929108,0.0021915436,0.008575439,0.033111572,0.0033416748,0.002298355,0.03338623,0.08203125,0.021453857,0.01939392,0.000019192696,0.000064492226,1.1920929e-7,2.3841858e-7,1
0.0000031590462,0.04827881,0.045166016,0.055480957,0.059020996,0.055480957,0.0013084412,0.0000013709068,3.5762787e-7,0.055541992,0.033569336,0.16308594,0.15881348,0.640625,0.01828003,0.0154953,0.5991211,0.09100342,0.10479736,0.40112305,0.14587402,0.05014038,0.020233154,0.0018014908,0.002571106,0.11993408,0.00006479025,0.016021729,0.0095825195,0.06286621,0.00022614002,0.00036644936,0.06774902,0.00010073185,0.117004395,0.120788574,0.006793976,0.020248413,0.028579712,0.012275696,0.001373291,0.0031871796,0.00041627884,0.014160156,0.68408203,0.84277344,0.009468079,0.08862305,0.33032227,0.3701172,0.0000014901161,0.0000019073486,1
0.000006854534,0.010536194,0.026733398,0.0009880066,0.29125977,0.054260254,0.00012338161,6.556511e-7,1.7881393e-7,0.06970215,0.17919922,0.031219482,0.052093506,0.010169983,0.3569336,0.34985352,0.021270752,0.3166504,0.24255371,0.7885742,0.52490234,0.01449585,0.0016307831,0.00021827221,0.002948761,0.09899902,0.000054597855,0.09765625,0.0020942688,0.00078964233,0.0032672882,0.0035095215,0.0008792877,0.0046157837,0.00044870377,0.0003015995,0.030639648,0.032836914,0.004837036,0.000101566315,0.009216309,0.005554199,0.028152466,0.014328003,0.24682617,0.25878906,0.08093262,0.33569336,0.00058078766,0.0006337166,1.7881393e-7,0.0000011920929,1
7.748604e-7,0.019165039,0.01852417,0.041229248,0.24353027,0.07159424,0.00003361702,1.7881393e-7,5.9604645e-8,0.040893555,0.03994751,0.05810547,0.0847168,0.36132812,0.013839722,0.03274536,0.31640625,0.14624023,0.116882324,0.6767578,0.21472168,0.023361206,0.007698059,0.000056922436,0.004825592,0.051727295,0.00006133318,0.02911377,0.00053167343,0.0061683655,0.006668091,0.006286621,0.00020968914,0.000039935112,0.0008621216,0.0003848076,0.01108551,0.085632324,0.0031433105,0.00541687,0.025421143,0.010009766,0.008460999,0.0011863708,0.0006504059,0.0014648438,0.009254456,0.016494751,0.000008821487,0.00001937151,1.7881393e-7,4.7683716e-7,1
5.9604645e-7,0.00037550926,0.0002632141,0.3815918,0.74853516,0.25708008,0.000027537346,2.3841858e-7,5.9604645e-8,0.084106445,0.1385498,0.037994385,0.055023193,0.018081665,0.3762207,0.37670898,0.026000977,0.23828125,0.2244873,0.7026367,0.49487305,0.014389038,0.0025100708,0.00007432699,0.012489319,0.06298828,0.000071287155,0.032806396,0.00037312508,0.0013933182,0.023132324,0.01890564,0.00023829937,0.00009608269,0.0008330345,0.00042629242,0.010375977,0.055877686,0.006626129,0.0021762848,0.02986145,0.017181396,0.01108551,0.0009498596,0.00019729137,0.00026893616,0.018737793,0.013786316,0.0000027418137,0.0000053048134,3.5762787e-7,2.3841858e-7,1
1.7881393e-7,0.00025105476,0.00039243698,0.19726562,0.87353516,0.2454834,0.000017762184,5.9604645e-8,5.9604645e-8,0.1784668,0.3137207,0.11706543,0.15222168,0.036834717,0.2446289,0.24133301,0.032318115,0.105285645,0.06628418,0.5317383,0.3618164,0.007434845,0.0005259514,0.000065386295,0.020614624,0.046081543,0.000064611435,0.01586914,0.0003592968,0.00023162365,0.009300232,0.00680542,0.0005478859,0.0006465912,0.0008530617,0.00071287155,0.006000519,0.010971069,0.037597656,0.00031590462,0.014312744,0.017333984,0.0056915283,0.0012083054,0.00003325939,0.00003373623,0.008415222,0.00415802,0.000003874302,0.000009059906,6.556511e-7,1.1920929e-7,1
0.0000010728836,0.019638062,0.060302734,0.049926758,0.22729492,0.0513916,0.000018179417,1.1920929e-7,2.3841858e-7,0.10626221,0.20788574,0.08734131,0.0619812,0.27807617,0.04876709,0.04586792,0.2824707,0.14465332,0.17565918,0.62060547,0.5644531,0.019592285,0.0018358231,0.00017285347,0.0019512177,0.00667572,0.000081181526,0.0008568764,0.038024902,0.02255249,0.044555664,0.08001709,0.00014472008,0.000048458576,0.0019168854,0.0013227463,0.012504578,0.097351074,0.00035452843,0.001250267,0.032440186,0.009185791,0.011039734,0.0039024353,0.001791954,0.004459381,0.010131836,0.08538818,0.00003862381,0.0001180172,2.9802322e-7,2.9802322e-7,1
0.0000054240227,0.09820557,0.15148926,0.0011281967,0.08099365,0.021865845,0.0008983612,5.9604645e-7,0.0000012516975,0.13134766,0.36572266,0.049102783,0.08660889,0.015182495,0.32885742,0.3395996,0.03012085,0.26757812,0.20202637,0.45385742,0.46191406,0.011177063,0.0012550354,0.0015869141,0.1303711,0.6542969,0.000050604343,0.021820068,0.007865906,0.040924072,0.00017309189,0.00014269352,0.017120361,0.0002168417,0.025482178,0.051361084,0.06011963,0.16125488,0.0020656586,0.005672455,0.00032496452,0.016983032,0.0011844635,0.002746582,0.9399414,0.9741211,0.0602417,0.43530273,0.02848816,0.0637207,0.0000017881393,0.00000590086,1
0.0000056028366,0.008834839,0.048553467,0.028289795,0.5566406,0.21777344,0.0008382797,4.172325e-7,5.9604645e-7,0.013595581,0.24719238,0.03201294,0.076660156,0.087402344,0.1027832,0.11444092,0.097595215,0.44384766,0.2998047,0.16235352,0.122558594,0.16760254,0.0019664764,0.00044846535,0.0004925728,0.50634766,0.014892578,0.056518555,0.012413025,0.023117065,0.00059890747,0.00033831596,0.032928467,0.00003451109,0.051361084,0.033569336,0.0036697388,0.012084961,0.011871338,0.02583313,0.0015058517,0.011108398,0.0009675026,0.015525818,0.53125,0.8959961,0.0061416626,0.08508301,0.08093262,0.140625,0.000001013279,0.0000011920929,1
8.34465e-7,0.00025177002,0.00031542778,0.68310547,0.7001953,0.21960449,0.0006246567,0.0000011324883,4.7683716e-7,0.028625488,0.00970459,0.117004395,0.09661865,0.018325806,0.34521484,0.32421875,0.016433716,0.1026001,0.11779785,0.08856201,0.06384277,0.038726807,0.061584473,0.0008854866,0.010948181,0.91748047,0.004234314,0.0016517639,0.053375244,0.03338623,0.0015249252,0.0023841858,0.01838684,0.0013694763,0.035949707,0.07928467,0.0052261353,0.014060974,0.006164551,0.00016200542,0.00056266785,0.0018863678,0.00062036514,0.01537323,0.4260254,0.6665039,0.002298355,0.09655762,0.005592346,0.011016846,0.0000032186508,0.0000026226044,1
0.000001847744,0.000028312206,0.010673523,0.23474121,0.9003906,0.07092285,0.00068569183,7.1525574e-7,0.0000024437904,0.01852417,0.095703125,0.012840271,0.4580078,0.055541992,0.5292969,0.13220215,0.002363205,0.5253906,0.020248413,0.7373047,0.07086182,0.077819824,0.006149292,0.0005774498,0.000028192997,0.42529297,0.039855957,0.025558472,0.032470703,0.0015659332,0.00075531006,0.00096178055,0.005340576,0.00013017654,0.015670776,0.043273926,0.11541748,0.023071289,0.0044784546,0.005344391,0.003063202,0.014228821,0.003227234,0.006500244,0.91064453,0.8515625,0.04763794,0.083740234,0.09289551,0.064086914,0.0000032186508,0.0000017881393,1
0.000003993511,0.046325684,0.041168213,0.019882202,0.12286377,0.03894043,0.000027477741,1.7881393e-7,1.1920929e-7,0.109191895,0.20153809,0.023803711,0.021484375,0.20825195,0.06298828,0.051879883,0.21459961,0.48120117,0.47265625,0.3815918,0.77441406,0.022888184,0.0012769699,0.00004374981,0.0057258606,0.14331055,0.00074863434,0.11859131,0.016159058,0.026657104,0.00617218,0.009429932,0.00078725815,0.00046920776,0.0025863647,0.00076007843,0.0023841858,0.17041016,0.009674072,0.0006079674,0.068847656,0.03552246,0.048797607,0.0132751465,0.00017535686,0.0009241104,0.0008893013,0.015655518,0.00008237362,0.00022423267,5.9604645e-8,1.1920929e-7,1
6.556511e-7,0.1105957,0.13696289,0.0021839142,0.024658203,0.014389038,0.0000086426735,5.9604645e-8,5.9604645e-8,0.14428711,0.07409668,0.20178223,0.18737793,0.027755737,0.11352539,0.105529785,0.030319214,0.04208374,0.036865234,0.2322998,0.11114502,0.007297516,0.0039978027,0.000031411648,0.00047135353,0.0010995865,0.000019848347,0.00025081635,0.0022201538,0.044555664,0.0003259182,0.00023531914,0.00029349327,0.00058174133,0.00017118454,0.000051558018,0.10107422,0.40185547,0.0019874573,0.002796173,0.00340271,0.0022830963,0.031951904,0.013290405,0.010124207,0.020019531,0.0047912598,0.0012111664,0.00007432699,0.00031280518,0.0000010728836,2.3841858e-7,1
0.0000011324883,0.0035438538,0.0044555664,0.5527344,0.3190918,0.18151855,0.0000063180923,0.000001847744,2.3841858e-7,0.6113281,0.4855957,0.42016602,0.40063477,0.01940918,0.42041016,0.41625977,0.021331787,0.016494751,0.023849487,0.26733398,0.5385742,0.0008764267,0.00077342987,0.00015926361,0.0001552105,0.00064086914,0.002576828,0.00001859665,0.004749298,0.005302429,0.004322052,0.006034851,0.15136719,0.000042915344,0.0023021698,0.002023697,0.015426636,0.008132935,0.5800781,0.021743774,0.0077323914,0.0015096664,0.016952515,0.10864258,0.00083112717,0.00091791153,0.0013656616,0.025177002,0.0006055832,0.00028276443,0.000014722347,1.7881393e-7,0
0.000003993511,0.0066871643,0.014877319,0.01133728,0.43847656,0.13427734,0.000114142895,1.1920929e-7,6.556511e-7,0.02178955,0.24633789,0.03692627,0.04815674,0.01348114,0.35375977,0.3466797,0.016021729,0.3125,0.2524414,0.2915039,0.41503906,0.05709839,0.0012130737,0.00035643578,0.0026950836,0.024978638,0.00005286932,0.017166138,0.018676758,0.022201538,0.03768921,0.048828125,0.0006542206,0.000072300434,0.003742218,0.002691269,0.0206604,0.10308838,0.00091362,0.00095558167,0.036193848,0.033447266,0.005580902,0.0042381287,0.0118255615,0.025634766,0.09320068,0.43530273,0.00032567978,0.0003349781,4.172325e-7,3.5762787e-7,1
0.0000066161156,0.13305664,0.12988281,0.019744873,0.13464355,0.042907715,0.001115799,0.000002503395,6.556511e-7,0.18981934,0.00894928,0.083618164,0.06939697,0.049438477,0.14746094,0.20471191,0.0859375,0.1932373,0.22363281,0.34155273,0.18017578,0.006958008,0.062469482,0.0027885437,0.0057029724,0.089538574,0.000021398067,0.029724121,0.024383545,0.025527954,0.0024700165,0.003944397,0.0335083,0.001876831,0.091796875,0.12963867,0.012992859,0.025405884,0.0048713684,0.00013816357,0.006614685,0.015022278,0.0038337708,0.0046081543,0.8095703,0.75683594,0.010314941,0.12902832,0.6928711,0.6845703,4.172325e-7,0.0000032186508,1
0.000001013279,0.00074100494,0.00044751167,0.6899414,0.25683594,0.28979492,0.000018775463,1.1920929e-7,0.0000013113022,0.010604858,0.0026054382,0.061431885,0.076293945,0.076171875,0.18566895,0.07775879,0.013534546,0.12249756,0.117492676,0.052825928,0.02861023,0.05984497,0.14367676,0.00005596876,0.0029029846,0.0546875,0.00020456314,0.031280518,0.0859375,0.033813477,8.34465e-7,0.00000166893,0.0014657974,0.013900757,0.00072193146,0.0006289482,0.1227417,0.08856201,0.039794922,0.0012044907,0.08856201,0.2614746,0.005973816,0.0011110306,0.00013124943,0.00012886524,0.00002592802,0.00019168854,0.0000062584877,0.00000333786,4.7683716e-7,5.9604645e-8,1
0.0000012516975,0.000008702278,0.0000032186508,0.9682617,0.98095703,0.95751953,0.00012791157,0.0000070929527,0.000001013279,0.3269043,0.23034668,0.60302734,0.61328125,0.1418457,0.10559082,0.051971436,0.059539795,0.02758789,0.02003479,0.2553711,0.3395996,0.012718201,0.010910034,0.0003657341,0.010917664,0.56884766,0.0030403137,0.0031490326,0.019744873,0.0041122437,0.03338623,0.07501221,0.017211914,0.0023975372,0.017486572,0.03579712,0.010574341,0.0087509155,0.008377075,0.000071525574,0.013801575,0.004257202,0.009300232,0.021514893,0.0018453598,0.0010261536,0.0008029938,0.014373779,0.008178711,0.0030021667,0.000004708767,0.0000074505806,0
0.0000067949295,0.002418518,0.0009660721,0.6533203,0.3869629,0.4326172,0.00012230873,2.9802322e-7,5.9604645e-7,0.0076446533,0.00055265427,0.0013933182,0.0009889603,0.124938965,0.0657959,0.06817627,0.1262207,0.83154297,0.8305664,0.075805664,0.014945984,0.3552246,0.24621582,0.00014710426,0.0017404556,0.2376709,0.00093221664,0.2052002,0.0023899078,0.018157959,0.026138306,0.017288208,0.0022010803,0.0028953552,0.0088272095,0.0063438416,0.0051345825,0.025619507,0.01586914,0.00025129318,0.034301758,0.107788086,0.0071525574,0.00073575974,0.000062167645,0.00003772974,0.070373535,0.0033435822,0.000047683716,0.00007468462,2.9802322e-7,5.9604645e-8,1
8.34465e-7,0.00025224686,0.00031542778,0.6801758,0.7006836,0.21984863,0.00062704086,0.0000011324883,4.7683716e-7,0.029296875,0.009796143,0.11816406,0.09765625,0.019363403,0.33447266,0.31323242,0.017333984,0.10168457,0.1171875,0.09057617,0.06555176,0.038085938,0.060668945,0.0008854866,0.011405945,0.9160156,0.004055023,0.001698494,0.05255127,0.032836914,0.0015525818,0.0024223328,0.018615723,0.0013942719,0.035583496,0.078430176,0.005126953,0.01361084,0.0063323975,0.00015592575,0.0005507469,0.0018529892,0.00061941147,0.015106201,0.42944336,0.6669922,0.0023097992,0.0947876,0.005680084,0.011039734,0.0000032186508,0.0000026226044,1
0.000003993511,0.12658691,0.22766113,0.0012187958,0.023101807,0.008544922,0.00005120039,1.1920929e-7,3.5762787e-7,0.1048584,0.23339844,0.109069824,0.16113281,0.008163452,0.41186523,0.43725586,0.0073242188,0.09375,0.06732178,0.61572266,0.39819336,0.0059928894,0.0016527176,0.000034809113,0.00014078617,0.0440979,0.0012521744,0.0099105835,0.07330322,0.0892334,0.00001424551,0.000016570091,0.00015759468,0.00033044815,0.00024223328,0.00020885468,0.48095703,0.23327637,0.001707077,0.008529663,0.5551758,0.51708984,0.03479004,0.0017137527,0.0012521744,0.0011854172,0.000269413,0.00065374374,0.000010073185,0.000005185604,1.7881393e-7,2.3841858e-7,1
0.000005841255,0.080078125,0.068359375,0.007507324,0.059265137,0.036468506,0.000116467476,0.0000012516975,1.1920929e-7,0.097229004,0.1303711,0.05429077,0.066223145,0.02204895,0.17163086,0.20666504,0.046966553,0.18127441,0.14660645,0.61621094,0.56884766,0.006752014,0.0030670166,0.00013232231,0.0012226105,0.6069336,0.00023043156,0.5727539,0.0012245178,0.0138168335,0.0004029274,0.00029087067,0.0014019012,0.00026154518,0.0016765594,0.0007829666,0.017044067,0.07104492,0.0054359436,0.00674057,0.004180908,0.0044670105,0.0073432922,0.008430481,0.35473633,0.61328125,0.008857727,0.035461426,0.000098228455,0.0002515316,5.9604645e-8,0.0000021457672,1
0.0000013113022,0.1237793,0.11077881,0.0024967194,0.06060791,0.0126953125,0.00003927946,1.1920929e-7,5.9604645e-8,0.19006348,0.19641113,0.021743774,0.025924683,0.42236328,0.014564514,0.022476196,0.39501953,0.30493164,0.30981445,0.7104492,0.46655273,0.0045928955,0.00096178055,0.00011920929,0.019058228,0.1854248,0.000069618225,0.13708496,0.00055265427,0.040863037,0.00040555,0.00027036667,0.00030732155,0.00006842613,0.0023422241,0.00054073334,0.022338867,0.5048828,0.00065135956,0.0070228577,0.015052795,0.061523438,0.0025634766,0.0005803108,0.006374359,0.02911377,0.0073051453,0.028121948,0.00000166893,0.0000078082085,5.9604645e-8,4.172325e-7,1
0.0000047683716,0.15197754,0.21203613,0.0009965897,0.020904541,0.009811401,0.00005042553,1.1920929e-7,3.5762787e-7,0.09667969,0.20776367,0.105407715,0.15783691,0.0067710876,0.44360352,0.46679688,0.006336212,0.09576416,0.06567383,0.6381836,0.40112305,0.006591797,0.0018539429,0.00003015995,0.00011879206,0.05065918,0.0017137527,0.012138367,0.07836914,0.08666992,0.000009059906,0.000012636185,0.00018811226,0.00038170815,0.00021374226,0.00016868114,0.39501953,0.19909668,0.002658844,0.008865356,0.60253906,0.5966797,0.04171753,0.0021343231,0.00075244904,0.0007596016,0.0001475811,0.0006785393,0.000012099743,0.0000057816505,1.7881393e-7,2.3841858e-7,1
1.1920929e-7,0.0004518032,0.00029325485,0.76416016,0.65722656,0.3161621,0.00026726723,5.9604645e-8,1.1920929e-7,0.028198242,0.06112671,0.0019836426,0.007156372,0.017822266,0.5283203,0.47021484,0.007335663,0.73291016,0.63671875,0.24157715,0.01637268,0.06628418,0.0054244995,0.0007328987,0.27685547,0.26660156,0.00028395653,0.000702858,0.0016613007,0.0012893677,0.026519775,0.023025513,0.0029144287,0.12438965,0.70214844,0.4494629,0.00018382072,0.0066108704,0.011886597,1.7881393e-7,0.0031490326,0.012275696,0.0026874542,0.0055160522,0.000017106533,0.000049114227,0.00085926056,0.0015029907,0.0036525726,0.021209717,0.000013649464,2.3841858e-7,0
9.536743e-7,0.029541016,0.06341553,0.064575195,0.09906006,0.044952393,0.000019311905,1.7881393e-7,1.1920929e-7,0.079711914,0.095703125,0.006214142,0.008682251,0.1574707,0.05432129,0.048034668,0.15783691,0.5371094,0.51904297,0.5834961,0.1932373,0.008659363,0.002696991,0.000067830086,0.0048942566,0.1227417,0.00018703938,0.05267334,0.0003976822,0.00025820732,0.0061035156,0.010269165,0.00033950806,0.00007033348,0.00056266785,0.00061655045,0.0014801025,0.00554657,0.03353882,0.0054893494,0.007045746,0.0052337646,0.0024433136,0.0013542175,0.00011283159,0.0001847744,0.0021762848,0.0635376,0.0000022053719,0.0000041127205,6.556511e-7,2.9802322e-7,1
0.0000023841858,0.19970703,0.23901367,0.0040893555,0.007965088,0.015823364,0.0005030632,0.000007987022,0.0000015497208,0.28149414,0.057525635,0.09857178,0.054351807,0.0007100105,0.93066406,0.9345703,0.00044941902,0.17358398,0.20959473,0.390625,0.6870117,0.0027484894,0.010658264,0.0016336441,0.0012760162,0.043304443,0.006084442,0.00039243698,0.002090454,0.009178162,0.01852417,0.011268616,0.0029029846,0.00006496906,0.20861816,0.27929688,0.025527954,0.014602661,0.002527237,0.0011415482,0.014282227,0.0061683655,0.00919342,0.1105957,0.55615234,0.3737793,0.26782227,0.018188477,0.25756836,0.18896484,0.000004827976,0.0000032186508,1
0.0000042915344,0.063964844,0.007896423,0.2368164,0.0259552,0.18078613,0.000012218952,2.3841858e-7,2.9802322e-7,0.080322266,0.095336914,0.05255127,0.034454346,0.25268555,0.061920166,0.044525146,0.2668457,0.2434082,0.2668457,0.21154785,0.6870117,0.01739502,0.005531311,0.0000718832,0.0014343262,0.007331848,0.0002834797,0.0028476715,0.08062744,0.10522461,0.007648468,0.008773804,0.0001552105,0.0000949502,0.00032758713,0.00019311905,0.020385742,0.28222656,0.00056505203,0.0036964417,0.06347656,0.0072250366,0.12084961,0.018798828,0.012825012,0.087402344,0.008659363,0.14526367,0.000050008297,0.00027298927,5.9604645e-8,1.1920929e-7,1
0.0000012516975,0.021194458,0.03778076,0.09661865,0.09637451,0.032440186,0.000012993813,2.9802322e-7,1.1920929e-7,0.12298584,0.12524414,0.008178711,0.00932312,0.19421387,0.043121338,0.03857422,0.19580078,0.52490234,0.49902344,0.55566406,0.3779297,0.006187439,0.0018606186,0.00008499622,0.003232956,0.15002441,0.0004618168,0.070495605,0.0006904602,0.00016379356,0.0042915344,0.00932312,0.00054216385,0.00020456314,0.0005002022,0.0005173683,0.0009975433,0.003419876,0.04626465,0.0023155212,0.004825592,0.0026435852,0.0026721954,0.0027694702,0.00015056133,0.00028777122,0.0013637543,0.110839844,0.0000027418137,0.000005185604,6.556511e-7,3.5762787e-7,1
0.000010073185,0.3798828,0.2705078,0.0023498535,0.009757996,0.018585205,0.0011901855,0.0000072717667,0.0000052452087,0.08648682,0.06604004,0.07330322,0.08831787,0.0087509155,0.11810303,0.31567383,0.057434082,0.1361084,0.12561035,0.5341797,0.34204102,0.012794495,0.014198303,0.004447937,0.0008096695,0.06304932,0.00045728683,0.0018281937,0.012145996,0.0041122437,0.00024163723,0.0002605915,0.017349243,0.0032920837,0.12915039,0.37451172,0.09674072,0.08874512,0.004573822,0.00019907951,0.0018053055,0.016616821,0.0019741058,0.01473999,0.9501953,0.9194336,0.117248535,0.21838379,0.8227539,0.71240234,0.000003874302,0.000015616417,1
5.9604645e-7,0.026535034,0.038024902,0.010597229,0.18493652,0.023910522,0.000020205975,5.9604645e-8,5.9604645e-8,0.08459473,0.109436035,0.009635925,0.01108551,0.4765625,0.012191772,0.0154953,0.44335938,0.50634766,0.4958496,0.7138672,0.46166992,0.010803223,0.0019683838,0.000107347965,0.022445679,0.054534912,0.000031113625,0.03265381,0.00055217743,0.024429321,0.00033307076,0.00019276142,0.00041031837,0.00025582314,0.0013065338,0.00026011467,0.016113281,0.38330078,0.0012874603,0.0015459061,0.011489868,0.03338623,0.0024642944,0.00055217743,0.003786087,0.015594482,0.0063972473,0.008522034,0.0000010728836,0.0000054836273,5.9604645e-8,1.7881393e-7,1
0.0000013113022,0.00040769577,0.00046372414,0.38256836,0.7939453,0.3330078,0.000016510487,1.1920929e-7,1.1920929e-7,0.024093628,0.044158936,0.1932373,0.22033691,0.2932129,0.051513672,0.05328369,0.29052734,0.08251953,0.06945801,0.17919922,0.24414062,0.15734863,0.009773254,0.00002515316,0.0055732727,0.014213562,0.0005507469,0.0024642944,0.08935547,0.0049858093,0.0055351257,0.007461548,0.0005197525,0.008987427,0.0002875328,0.00024533272,0.017181396,0.0791626,0.013908386,0.000027120113,0.14001465,0.11016846,0.30078125,0.03289795,0.0000461936,0.00004595518,0.0009236336,0.0010871887,0.000110566616,0.00014400482,1.7881393e-7,5.9604645e-8,1
1.7881393e-7,0.007896423,0.0057792664,0.093933105,0.34545898,0.056610107,0.00032544136,2.3841858e-7,5.9604645e-8,0.23510742,0.22302246,0.114746094,0.14624023,0.43286133,0.013092041,0.017318726,0.45092773,0.11230469,0.08087158,0.56396484,0.2121582,0.00818634,0.0009765625,0.0031089783,0.117492676,0.7006836,0.00041270256,0.0013656616,0.0010929108,0.045684814,0.013450623,0.0129776,0.01826477,0.00046610832,0.2541504,0.2800293,0.0005812645,0.017333984,0.0059013367,0.00003671646,0.00020647049,0.0013551712,0.000116705894,0.0014343262,0.0040512085,0.019195557,0.011070251,0.3137207,0.00037765503,0.0015764236,0.000004708767,0.0000019073486,0
5.9604645e-7,0.0003118515,0.0005645752,0.62109375,0.6982422,0.18713379,0.00081825256,0.0000014901161,4.7683716e-7,0.031036377,0.009460449,0.13195801,0.10308838,0.03778076,0.24072266,0.20031738,0.031311035,0.103759766,0.11657715,0.11981201,0.06970215,0.04046631,0.066101074,0.0015916824,0.003458023,0.9169922,0.032928467,0.000995636,0.05770874,0.039489746,0.001657486,0.0027694702,0.01676941,0.0010137558,0.13012695,0.22546387,0.004261017,0.01512146,0.00566864,0.00016641617,0.0005507469,0.00166893,0.00024938583,0.009246826,0.34350586,0.60595703,0.0025520325,0.16308594,0.0012226105,0.0023670197,0.000005185604,0.0000031590462,1
0.00000166893,0.09185791,0.082214355,0.028579712,0.037261963,0.032958984,0.000030636787,2.3841858e-7,1.7881393e-7,0.05895996,0.043029785,0.010520935,0.011878967,0.0071487427,0.26831055,0.3798828,0.03515625,0.41748047,0.4267578,0.3425293,0.34936523,0.00932312,0.009895325,0.000023186207,0.02027893,0.28271484,0.0000731349,0.20996094,0.0014896393,0.003189087,0.00027155876,0.0002617836,0.00045371056,0.0008587837,0.0012388229,0.00064468384,0.012641907,0.04864502,0.10229492,0.0016565323,0.3815918,0.38891602,0.050445557,0.0010700226,0.0000039339066,0.0000026226044,0.00034880638,0.00017690659,0.0000023841858,0.0000035762787,5.9604645e-8,2.3841858e-7,1
0.0000013113022,0.01184082,0.022491455,0.1451416,0.12084961,0.051452637,0.000018119812,2.3841858e-7,1.1920929e-7,0.09246826,0.08630371,0.008369446,0.009239197,0.17810059,0.048828125,0.042236328,0.17236328,0.50927734,0.48657227,0.4975586,0.27490234,0.008178711,0.002500534,0.000095546246,0.0052108765,0.19958496,0.00030326843,0.11230469,0.0017299652,0.00009047985,0.0031223297,0.0072517395,0.0003874302,0.000787735,0.00050258636,0.0007123947,0.0023384094,0.0030212402,0.023269653,0.00045681,0.004447937,0.0028133392,0.0026855469,0.0024909973,0.0003516674,0.00044059753,0.0017652512,0.090148926,0.000004351139,0.000004827976,5.9604645e-7,3.5762787e-7,1
9.536743e-7,0.019073486,0.014556885,0.055877686,0.23083496,0.13085938,0.00004786253,2.9802322e-7,1.1920929e-7,0.034088135,0.033325195,0.03515625,0.072143555,0.47094727,0.007797241,0.016647339,0.4663086,0.20056152,0.13476562,0.7182617,0.12902832,0.02381897,0.009170532,0.00006133318,0.003753662,0.08605957,0.0001320839,0.045806885,0.0006661415,0.0010471344,0.013084412,0.01348114,0.0002887249,0.000031650066,0.0011472702,0.0010433197,0.0058059692,0.011230469,0.02470398,0.009300232,0.03237915,0.008262634,0.007888794,0.0013570786,0.00010919571,0.00013053417,0.007881165,0.012191772,0.000016391277,0.000019669533,3.5762787e-7,5.364418e-7,1
0.000003516674,0.00090026855,0.002166748,0.38061523,0.6230469,0.22460938,0.00004774332,6.556511e-7,4.7683716e-7,0.012001038,0.1673584,0.028839111,0.03274536,0.3088379,0.032348633,0.020629883,0.3034668,0.3864746,0.3347168,0.23706055,0.36816406,0.114868164,0.0027179718,0.00017476082,0.0018978119,0.4609375,0.0027484894,0.34106445,0.017471313,0.0012521744,0.004875183,0.009727478,0.0102005005,0.00010418892,0.005039215,0.005302429,0.0041885376,0.008346558,0.019485474,0.0018568039,0.0076293945,0.008033752,0.001367569,0.0041389465,0.0013456345,0.0021686554,0.010574341,0.19836426,0.00011831522,0.000045657158,2.9802322e-7,2.9802322e-7,1
3.5762787e-7,0.011436462,0.0056419373,0.08465576,0.29345703,0.030136108,0.000025987625,1.1920929e-7,0.0,0.09716797,0.11376953,0.010795593,0.017608643,0.0703125,0.43041992,0.31469727,0.010917664,0.47509766,0.38085938,0.59814453,0.43725586,0.009796143,0.0017881393,0.00029921532,0.011955261,0.0791626,0.000101327896,0.010810852,0.00007224083,0.003604889,0.048217773,0.027832031,0.0009908676,0.000038087368,0.008125305,0.0033397675,0.0016832352,0.037475586,0.0023975372,0.0011997223,0.0058555603,0.01890564,0.00077962875,0.000872612,0.0004553795,0.0018959045,0.035308838,0.077697754,0.0000076293945,0.00006121397,4.7683716e-7,1.7881393e-7,1
1.7881393e-7,0.05166626,0.053344727,0.14941406,0.024383545,0.015838623,0.0000032186508,5.9604645e-8,3.5762787e-7,0.011306763,0.007911682,0.17956543,0.18432617,0.051208496,0.07879639,0.06500244,0.04119873,0.057922363,0.058929443,0.02319336,0.016311646,0.09869385,0.1171875,0.00003361702,0.0070533752,0.0018672943,0.000027120113,0.00008517504,0.0019607544,0.0018444061,0.0000923872,0.0000860095,0.010826111,0.012565613,0.0007929802,0.0009713173,0.0037384033,0.0053977966,0.9067383,0.00087833405,0.0115737915,0.021240234,0.012260437,0.016738892,0.000002861023,0.0000015497208,0.00011771917,0.000048339367,0.000022530556,0.000028729439,0.0000063180923,1.7881393e-7,1
0.0000014901161,0.00019586086,0.14123535,0.22155762,0.8774414,0.007381439,0.0002527237,1.7881393e-7,0.0000011920929,0.01737976,0.061431885,0.0015172958,0.014083862,0.18920898,0.15161133,0.12298584,0.15441895,0.82373047,0.76416016,0.18908691,0.061035156,0.46655273,0.041625977,0.0011472702,0.00749588,0.0026302338,0.000057160854,0.00016152859,0.0033397675,0.026748657,0.019805908,0.016738892,0.013473511,0.0013399124,0.031829834,0.05706787,0.004585266,0.016586304,0.13659668,0.0024967194,0.0031719208,0.0041160583,0.0056991577,0.0770874,0.0023326874,0.0024204254,0.054626465,0.009719849,0.007335663,0.01210022,0.00003772974,2.3841858e-7,1
0.000004172325,0.007091522,0.016448975,0.0018348694,0.40014648,0.1385498,0.00006943941,7.1525574e-7,5.364418e-7,0.067993164,0.052612305,0.015113831,0.013633728,0.0053710938,0.37963867,0.38378906,0.003786087,0.4621582,0.42578125,0.45385742,0.20874023,0.015060425,0.0072135925,0.00016784668,0.0002206564,0.0012483597,0.000090420246,0.0001565218,0.0063056946,0.004611969,0.00091695786,0.0009560585,0.003545761,0.00016093254,0.0013122559,0.0024929047,0.022140503,0.018722534,0.015617371,0.0055007935,0.002527237,0.0022220612,0.018096924,0.09484863,0.6640625,0.69628906,0.0030288696,0.013671875,0.007980347,0.010368347,0.000006556511,0.000001847744,1
0.0000017285347,0.25219727,0.17565918,0.02017212,0.02748108,0.024108887,0.00004196167,7.748604e-7,1.1920929e-7,0.13464355,0.10601807,0.0713501,0.07733154,0.7011719,0.0015172958,0.004211426,0.7192383,0.14355469,0.123168945,0.58935547,0.39746094,0.0050086975,0.003566742,0.00007069111,0.00059890747,0.75390625,0.0037155151,0.7006836,0.0006990433,0.0068359375,0.00049209595,0.000374794,0.0009469986,0.0003554821,0.0038223267,0.0027866364,0.009010315,0.01826477,0.14526367,0.0041160583,0.018356323,0.018478394,0.00459671,0.0002977848,0.000059366226,0.000059366226,0.0005645752,0.0005645752,0.0000019073486,0.0000022053719,1.1920929e-7,7.1525574e-7,1
0.0000011324883,0.000016868114,0.000012695789,0.89501953,0.8803711,0.89697266,0.00008171797,6.556511e-7,8.940697e-7,0.19677734,0.31445312,0.20446777,0.23095703,0.018356323,0.27954102,0.2775879,0.009895325,0.06604004,0.039215088,0.46264648,0.44580078,0.005176544,0.0013160706,0.00013756752,0.003452301,0.22424316,0.0015087128,0.023971558,0.004070282,0.0004930496,0.0032844543,0.0063285828,0.0012607574,0.11621094,0.0075569153,0.0129470825,0.004989624,0.0025596619,0.26220703,0.000006020069,0.14001465,0.0736084,0.008079529,0.0010213852,0.000004887581,0.0000015497208,0.00023305416,0.00217247,0.000039339066,0.000014483929,0.000002682209,4.7683716e-7,0
0.0000014305115,0.0002758503,0.0001270771,0.5131836,0.69189453,0.32714844,0.000042319298,5.364418e-7,1.7881393e-7,0.14489746,0.14440918,0.06402588,0.08569336,0.11242676,0.09539795,0.09820557,0.10321045,0.13012695,0.13220215,0.6430664,0.36938477,0.006996155,0.0023708344,0.00006747246,0.009185791,0.072265625,0.000071406364,0.033935547,0.0019817352,0.0024318695,0.020629883,0.018951416,0.00012934208,0.000057458878,0.0007753372,0.000626564,0.0869751,0.14404297,0.00116539,0.003894806,0.124694824,0.050048828,0.028701782,0.0012903214,0.000538826,0.00044846535,0.020401001,0.0132369995,0.000007867813,0.000007867813,3.5762787e-7,3.5762787e-7,1
5.9604645e-8,0.0013113022,0.0031414032,0.18066406,0.4621582,0.016601562,0.000009000301,0.0,5.9604645e-8,0.21838379,0.27197266,0.03125,0.12683105,0.39624023,0.75390625,0.04345703,0.0035686493,0.2565918,0.07720947,0.47680664,0.10479736,0.01209259,0.0012359619,0.00004208088,0.0041007996,0.00093507767,0.00007408857,0.00011098385,0.008224487,0.0036907196,0.003118515,0.00078344345,0.0018396378,0.4128418,0.00049591064,0.00014221668,0.01651001,0.008132935,0.15942383,9.536743e-7,0.01398468,0.004798889,0.071777344,0.005264282,0.00028800964,0.00007426739,0.049865723,0.000027120113,0.00007504225,0.0001373291,0.0000014305115,0.0,1
3.5762787e-7,0.0012817383,0.00082063675,0.15307617,0.7211914,0.34423828,0.000020802021,1.7881393e-7,5.9604645e-8,0.013648987,0.02696228,0.0692749,0.12841797,0.017105103,0.6879883,0.57958984,0.0015220642,0.16369629,0.06222534,0.21044922,0.110839844,0.09887695,0.018356323,0.00009590387,0.0006136894,0.14782715,0.0019140244,0.02519226,0.0008788109,0.01701355,0.011642456,0.013572693,0.004459381,0.000010192394,0.010719299,0.0048294067,0.0007557869,0.03717041,0.019607544,0.0096588135,0.017623901,0.017593384,0.002199173,0.0044136047,0.0001308918,0.0005993843,0.0026340485,0.071899414,0.00022470951,0.00025844574,1.7881393e-7,5.9604645e-8,1
0.0000010728836,0.17700195,0.115600586,0.0014019012,0.025802612,0.010131836,0.000030100346,5.9604645e-8,5.9604645e-8,0.1739502,0.18103027,0.031341553,0.03515625,0.019561768,0.2614746,0.27783203,0.03262329,0.2980957,0.296875,0.5463867,0.62939453,0.0054969788,0.001074791,0.000095784664,0.004173279,0.05343628,0.000060141087,0.04043579,0.0077934265,0.014007568,0.00029587746,0.00033545494,0.00013160706,0.0001347065,0.0007739067,0.00042653084,0.07623291,0.18566895,0.00056505203,0.0021533966,0.035614014,0.0793457,0.00730896,0.0003592968,0.0027675629,0.0033721924,0.003107071,0.004047394,0.0000041127205,0.000008225441,5.9604645e-8,1.7881393e-7,1
6.556511e-7,0.000088989735,0.00003838539,0.8300781,0.7631836,0.7480469,0.0001872778,0.000001847744,6.556511e-7,0.10687256,0.0770874,0.3881836,0.38671875,0.09082031,0.09631348,0.06896973,0.046020508,0.03643799,0.021331787,0.3774414,0.2578125,0.013771057,0.0104599,0.00051641464,0.006500244,0.6464844,0.0033092499,0.0027160645,0.010284424,0.0034446716,0.023101807,0.045288086,0.0077705383,0.0013008118,0.048828125,0.08660889,0.0062446594,0.008811951,0.009391785,0.000056684017,0.0042877197,0.003206253,0.0016651154,0.0034370422,0.0014104843,0.0012168884,0.0025691986,0.020263672,0.0018377304,0.001241684,0.000005185604,0.0000030398369,0
0.000002861023,0.037231445,0.02508545,0.07849121,0.08721924,0.107177734,0.0014419556,0.0000017285347,4.7683716e-7,0.05255127,0.022842407,0.19677734,0.19018555,0.6489258,0.017440796,0.016235352,0.6064453,0.07116699,0.0848999,0.39746094,0.17834473,0.050689697,0.030334473,0.002161026,0.0032520294,0.12658691,0.000054478645,0.01247406,0.008087158,0.05340576,0.00023853779,0.0004184246,0.06011963,0.00006532669,0.19372559,0.19458008,0.006565094,0.020904541,0.019607544,0.015853882,0.0013799667,0.0039405823,0.0003633499,0.0099105835,0.68652344,0.8408203,0.010139465,0.118774414,0.4638672,0.5126953,0.00000166893,0.0000022649765,1
0.0000010728836,0.009399414,0.010932922,0.06945801,0.3708496,0.1315918,0.000030100346,5.364418e-7,1.1920929e-7,0.033355713,0.02368164,0.040496826,0.07836914,0.58496094,0.0040779114,0.01197052,0.57714844,0.17980957,0.12658691,0.5942383,0.1149292,0.027908325,0.012306213,0.000046014786,0.0061149597,0.04748535,0.00006186962,0.0262146,0.00041604042,0.0006752014,0.03074646,0.028686523,0.0005707741,0.00014901161,0.0005302429,0.0004582405,0.005077362,0.010650635,0.06286621,0.0019197464,0.045074463,0.0055885315,0.024917603,0.0039978027,0.0000705719,0.00007170439,0.009422302,0.009933472,0.000025212765,0.000034034252,3.5762787e-7,5.364418e-7,1
1.7881393e-7,0.00022482872,0.0003926754,0.21069336,0.8779297,0.23266602,0.00001692772,5.9604645e-8,5.9604645e-8,0.18261719,0.32421875,0.1027832,0.1381836,0.037231445,0.25170898,0.24902344,0.03074646,0.12017822,0.07598877,0.53564453,0.3486328,0.0075302124,0.00047683716,0.000067949295,0.022216797,0.037719727,0.000048935413,0.01222229,0.00033831596,0.00025892258,0.009216309,0.006587982,0.00052022934,0.0006942749,0.0008773804,0.0006990433,0.005935669,0.012069702,0.033355713,0.0002667904,0.012207031,0.014762878,0.0056915283,0.0011606216,0.000039935112,0.000043034554,0.008415222,0.0043296814,0.000003993511,0.000009775162,6.556511e-7,5.9604645e-8,1
8.34465e-7,0.028808594,0.11932373,0.051361084,0.13781738,0.015419006,0.00007337332,5.9604645e-8,1.7881393e-7,0.089782715,0.023468018,0.0131073,0.023620605,0.6010742,0.021224976,0.0206604,0.56396484,0.5566406,0.63720703,0.47680664,0.068359375,0.09893799,0.046966553,0.00015604496,0.0016641617,0.001832962,0.00013422966,0.00017774105,0.009017944,0.0024929047,0.002281189,0.0022525787,0.0044517517,0.0020103455,0.004508972,0.006088257,0.006942749,0.002319336,0.17297363,0.00066185,0.0013933182,0.004421234,0.004032135,0.027664185,0.00036478043,0.00023627281,0.025527954,0.0012788773,0.002401352,0.002855301,0.000006854534,5.9604645e-8,1
0.0000025629997,0.10467529,0.049438477,0.0024204254,0.055267334,0.0602417,0.000067293644,1.7881393e-7,2.3841858e-7,0.052978516,0.046936035,0.028640747,0.043304443,0.16699219,0.0335083,0.06341553,0.19104004,0.20214844,0.1817627,0.59228516,0.19567871,0.012924194,0.006828308,0.00011485815,0.0034446716,0.09448242,0.0001333952,0.06414795,0.004524231,0.005115509,0.00021326542,0.00027298927,0.0002411604,0.00015234947,0.0007185936,0.00060224533,0.13708496,0.25170898,0.000333786,0.0025844574,0.02532959,0.0647583,0.0027675629,0.00077962875,0.026641846,0.04046631,0.007896423,0.06335449,0.000004351139,0.0000041127205,1.1920929e-7,7.748604e-7,1
5.364418e-7,0.28564453,0.12249756,0.005886078,0.041137695,0.051757812,0.000049114227,5.9604645e-8,1.1920929e-7,0.0927124,0.012748718,0.061523438,0.05899048,0.052825928,0.29833984,0.3334961,0.047576904,0.13598633,0.16699219,0.4621582,0.042755127,0.025497437,0.070617676,0.00020062923,0.000310421,0.00086832047,0.00004976988,0.000061392784,0.014572144,0.03286743,0.00064373016,0.0007658005,0.00082683563,0.00085020065,0.006126404,0.0024223328,0.035369873,0.061309814,0.003572464,0.00075674057,0.0036964417,0.004184723,0.002368927,0.011802673,0.07122803,0.11206055,0.11260986,0.011383057,0.00047373772,0.0014638901,0.0000012516975,5.9604645e-8,1
0.00000756979,0.014602661,0.019348145,0.19055176,0.21044922,0.3564453,0.00014340878,7.1525574e-7,2.3841858e-7,0.048095703,0.0070648193,0.0051460266,0.003578186,0.44970703,0.012817383,0.0126953125,0.47485352,0.7128906,0.70410156,0.23071289,0.099853516,0.057495117,0.06427002,0.00008422136,0.0023269653,0.68310547,0.0011701584,0.7265625,0.00066137314,0.029174805,0.056030273,0.040771484,0.0051994324,0.00029993057,0.007381439,0.0026283264,0.0022449493,0.018753052,0.037506104,0.001627922,0.014022827,0.039276123,0.004535675,0.0012702942,0.00017023087,0.00016069412,0.0758667,0.010009766,0.00002104044,0.00004297495,1.1920929e-7,4.7683716e-7,1
0.0000014305115,0.00022554398,0.00021612644,0.3552246,0.8017578,0.25219727,0.00002783537,1.7881393e-7,2.3841858e-7,0.052459717,0.05734253,0.07183838,0.09387207,0.3137207,0.029632568,0.029830933,0.296875,0.12756348,0.09851074,0.53515625,0.10687256,0.023086548,0.0052757263,0.00005733967,0.0072746277,0.025817871,0.000052452087,0.0113220215,0.012382507,0.010726929,0.003572464,0.003452301,0.000046908855,0.00032138824,0.00033903122,0.00014579296,0.19763184,0.44189453,0.0002603531,0.0016794205,0.17834473,0.046661377,0.0927124,0.0032920837,0.004508972,0.006778717,0.007873535,0.011398315,0.0000035762787,0.0000067949295,2.3841858e-7,2.9802322e-7,1
0.0000044703484,0.00076150894,0.00041508675,0.1862793,0.71240234,0.3815918,0.00004851818,5.364418e-7,2.9802322e-7,0.046447754,0.035858154,0.029876709,0.04815674,0.44140625,0.009689331,0.014129639,0.43286133,0.20874023,0.20031738,0.5698242,0.06390381,0.014564514,0.007827759,0.000026583672,0.010124207,0.3022461,0.00010353327,0.29077148,0.027389526,0.006576538,0.0005021095,0.0007638931,0.000104665756,0.0008773804,0.00050354004,0.00031137466,0.103149414,0.15307617,0.0019159317,0.0019683838,0.18054199,0.031585693,0.17114258,0.0128479,0.0010919571,0.001045227,0.00060749054,0.0031337738,0.000019848347,0.000016748905,1.7881393e-7,5.364418e-7,1
6.556511e-7,0.38623047,0.3161621,0.00023925304,0.07952881,0.026382446,0.000032365322,0.0,1.1920929e-7,0.08520508,0.012176514,0.019134521,0.018066406,0.18762207,0.072753906,0.083862305,0.18811035,0.49145508,0.5385742,0.28881836,0.103515625,0.046051025,0.11047363,0.00004082918,0.0003809929,0.0027427673,0.00038814545,0.00014281273,0.029891968,0.004550934,0.0028419495,0.0029850006,0.00056934357,0.011001587,0.0020885468,0.0012216568,0.021774292,0.0090408325,0.017807007,0.000044345856,0.026489258,0.0597229,0.020324707,0.0042037964,0.00009214878,0.000038921833,0.019714355,0.00017619133,0.000108361244,0.00048542023,4.7683716e-7,0.0,1
0.000006198883,0.028457642,0.19543457,0.018051147,0.23181152,0.022125244,0.005657196,5.9604645e-7,0.0000013113022,0.0362854,0.062072754,0.15820312,0.20397949,0.010925293,0.5683594,0.5703125,0.023269653,0.08026123,0.06427002,0.31762695,0.076660156,0.1003418,0.0067596436,0.0025310516,0.07232666,0.35473633,0.000008046627,0.032928467,0.02243042,0.10650635,0.0011520386,0.0019197464,0.013755798,0.00020122528,0.12475586,0.14050293,0.018753052,0.044921875,0.006877899,0.0014438629,0.008361816,0.024368286,0.0012283325,0.003238678,0.7319336,0.8286133,0.015945435,0.35327148,0.122558594,0.11602783,0.000001847744,0.0000032782555,1
0.0000021457672,0.14990234,0.22668457,0.0037822723,0.07745361,0.026443481,0.000051379204,5.9604645e-8,5.9604645e-8,0.19213867,0.08282471,0.029937744,0.02456665,0.44921875,0.03741455,0.023498535,0.41064453,0.3701172,0.3720703,0.52197266,0.640625,0.022659302,0.0061187744,0.00009006262,0.004463196,0.07495117,0.00020575523,0.075805664,0.007637024,0.14672852,0.00014054775,0.0001232624,0.00068616867,0.0004117489,0.0035419464,0.0005745888,0.0134887695,0.20532227,0.0024089813,0.0051727295,0.0070762634,0.03918457,0.0023269653,0.0018129349,0.008094788,0.0206604,0.026107788,0.0017538071,0.000028252602,0.00017011166,1.1920929e-7,1.1920929e-7,1
0.000001013279,0.20458984,0.1026001,0.08831787,0.050445557,0.03186035,0.00012075901,5.9604645e-8,1.1920929e-7,0.07684326,0.034210205,0.08892822,0.38452148,0.2836914,0.064086914,0.14465332,0.3774414,0.16577148,0.0569458,0.7392578,0.06677246,0.055847168,0.07684326,0.00022780895,0.00004839897,0.0014238358,0.00012552738,0.00015926361,0.09222412,0.41723633,0.00016200542,0.00038194656,0.0003426075,0.000037252903,0.01121521,0.0017576218,0.13269043,0.09094238,0.0010251999,0.107788086,0.0076446533,0.09088135,0.002565384,0.0015668869,0.030899048,0.02381897,0.013114929,0.009857178,0.0039863586,0.010261536,0.0000037550926,2.3841858e-7,1
0.0000037550926,0.009338379,0.094055176,0.099609375,0.42919922,0.121520996,0.00007164478,4.7683716e-7,0.000002026558,0.0103302,0.07446289,0.033935547,0.05999756,0.09729004,0.12042236,0.09136963,0.08465576,0.34057617,0.23242188,0.15466309,0.10687256,0.12561035,0.008644104,0.00007236004,0.027389526,0.32177734,0.00075531006,0.2052002,0.0027599335,0.015716553,0.016448975,0.011428833,0.018432617,0.00005722046,0.0055503845,0.0026168823,0.0021476746,0.020980835,0.117492676,0.021514893,0.08642578,0.14575195,0.014968872,0.007762909,0.000023782253,0.000036537647,0.012161255,0.0025596619,0.00013947487,0.00013542175,8.940697e-7,4.7683716e-7,1
0.0000013113022,0.00020945072,0.00004887581,0.6508789,0.71875,0.5595703,0.000060915947,0.0000010728836,1.7881393e-7,0.11639404,0.07330322,0.058288574,0.049957275,0.47265625,0.010696411,0.013069153,0.44628906,0.14086914,0.16833496,0.37548828,0.5097656,0.0053901672,0.0055007935,0.00017213821,0.0078086853,0.18823242,0.000054895878,0.14379883,0.0020256042,0.0015649796,0.0071105957,0.009017944,0.00021207333,0.000078737736,0.0025634766,0.0019779205,0.06427002,0.0647583,0.000934124,0.0030269623,0.020263672,0.021774292,0.0062332153,0.00096035004,0.0018262863,0.0011825562,0.021148682,0.028656006,0.000097334385,0.000042140484,3.5762787e-7,7.748604e-7,1
1.7881393e-7,0.000121712685,0.00022888184,0.8144531,0.7685547,0.3725586,0.000113129616,7.1525574e-7,7.748604e-7,0.017349243,0.0035495758,0.039978027,0.028533936,0.0051879883,0.6923828,0.6801758,0.0023899078,0.28759766,0.2800293,0.08807373,0.024154663,0.05508423,0.16149902,0.00046491623,0.00497818,0.9526367,0.014755249,0.0009174347,0.021057129,0.028259277,0.0029754639,0.008422852,0.021865845,0.0004746914,0.12768555,0.15795898,0.0004005432,0.008842468,0.043945312,0.0007901192,0.0014562607,0.0030212402,0.00031256676,0.0045394897,0.0002039671,0.0011034012,0.00016796589,0.0947876,0.00014138222,0.00069093704,0.000007748604,5.9604645e-7,1
0.0000017881393,0.0001437664,0.0019931793,0.4790039,0.7260742,0.2614746,0.000053048134,0.0000012516975,2.3841858e-7,0.0064926147,0.03427124,0.0042686462,0.046417236,0.734375,0.0018596649,0.0042533875,0.8129883,0.6123047,0.3239746,0.5751953,0.033996582,0.13366699,0.009666443,0.00018298626,0.0022907257,0.017105103,0.00012165308,0.0056152344,0.00068950653,0.00013101101,0.47460938,0.51220703,0.0013589859,0.0008611679,0.00046396255,0.0008587837,0.0034713745,0.0028648376,0.18164062,0.0004041195,0.012802124,0.000992775,0.030838013,0.015556335,0.00013756752,0.00010514259,0.020599365,0.08288574,0.0001437664,0.00013589859,0.0000033974648,8.34465e-7,1
0.0000041127205,0.14624023,0.09265137,0.0046653748,0.03262329,0.015686035,0.00011396408,2.3841858e-7,2.3841858e-7,0.14367676,0.12841797,0.017364502,0.014389038,0.008972168,0.35913086,0.37768555,0.022750854,0.4440918,0.42895508,0.5756836,0.7060547,0.004760742,0.002254486,0.00034594536,0.0048980713,0.3059082,0.000042915344,0.2927246,0.009208679,0.016479492,0.00044441223,0.0005083084,0.00026845932,0.000015556812,0.0027999878,0.0028190613,0.09527588,0.14538574,0.0002706051,0.0206604,0.008880615,0.04220581,0.002231598,0.00053977966,0.10418701,0.12683105,0.024673462,0.12225342,0.000050604343,0.0001128912,1.1920929e-7,0.0000016093254,1
0.0000070929527,0.06719971,0.06488037,0.044128418,0.049346924,0.025817871,0.00075387955,0.0000029802322,0.0000013709068,0.16552734,0.19970703,0.21032715,0.23034668,0.05255127,0.14990234,0.12042236,0.030059814,0.061767578,0.042541504,0.57177734,0.47338867,0.0059280396,0.0035877228,0.0017490387,0.0018692017,0.12988281,0.00011062622,0.013053894,0.006580353,0.02243042,0.00018787384,0.00014543533,0.014602661,0.000746727,0.09661865,0.14624023,0.07183838,0.13391113,0.0071525574,0.0013666153,0.0058898926,0.031158447,0.0039634705,0.0072517395,0.8828125,0.9033203,0.033966064,0.04107666,0.81640625,0.8466797,0.0000011920929,0.000004887581,1
0.000008940697,0.5673828,0.62109375,0.00071287155,0.010238647,0.00566864,0.00062704086,2.9802322e-7,5.9604645e-7,0.07092285,0.08795166,0.13684082,0.14807129,0.33666992,0.034606934,0.07775879,0.32617188,0.13269043,0.15063477,0.3605957,0.35839844,0.025497437,0.010726929,0.00055217743,0.008171082,0.515625,0.00010496378,0.55126953,0.08758545,0.08288574,0.00013267994,0.00022375584,0.0016651154,0.00020349026,0.010406494,0.006893158,0.09820557,0.121276855,0.00041675568,0.0044937134,0.012084961,0.106933594,0.0011386871,0.0014619827,0.45581055,0.39575195,0.016998291,0.052368164,0.00088071823,0.0007581711,1.1920929e-7,0.00000166893,1
5.9604645e-8,0.0020694733,0.007335663,0.11138916,0.44848633,0.012672424,0.00001090765,0.0,5.9604645e-8,0.21520996,0.33276367,0.028717041,0.12854004,0.4267578,0.75,0.035491943,0.0037727356,0.26611328,0.07611084,0.47729492,0.11291504,0.011993408,0.0009717941,0.00004273653,0.004047394,0.0011911392,0.00009179115,0.00012981892,0.0074157715,0.003873825,0.0036697388,0.0008611679,0.001531601,0.45581055,0.00075912476,0.0001989603,0.016448975,0.009857178,0.11590576,6.556511e-7,0.018157959,0.006439209,0.0597229,0.004299164,0.00021994114,0.0000641942,0.051818848,0.000021457672,0.000063061714,0.00013196468,0.0000012516975,0.0,1
6.556511e-7,0.006061554,0.03024292,0.062194824,0.37329102,0.21899414,0.000015854836,5.9604645e-8,4.172325e-7,0.007621765,0.026565552,0.08477783,0.10668945,0.050964355,0.11730957,0.14746094,0.0758667,0.18139648,0.15917969,0.045440674,0.06201172,0.16491699,0.021743774,0.000093102455,0.00047898293,0.0010566711,0.0000975728,0.00009715557,0.033233643,0.01939392,0.0019006729,0.0014276505,0.0023918152,0.00084352493,0.0007572174,0.0012903214,0.06817627,0.14099121,0.0041160583,0.000702858,0.007369995,0.010772705,0.029846191,0.03366089,0.0030002594,0.004508972,0.004058838,0.0035991669,0.002784729,0.0015382767,8.34465e-7,5.9604645e-8,1
0.0000060796738,0.00881958,0.0047912598,0.26098633,0.29248047,0.4873047,0.00013411045,6.556511e-7,2.3841858e-7,0.099975586,0.018218994,0.0051460266,0.0034103394,0.35424805,0.02458191,0.019119263,0.37890625,0.71435547,0.6801758,0.2277832,0.18688965,0.028640747,0.023590088,0.00023508072,0.00088882446,0.15283203,0.0013875961,0.13464355,0.0009675026,0.009002686,0.14746094,0.10406494,0.011253357,0.00063848495,0.007965088,0.0056114197,0.0031528473,0.00705719,0.07611084,0.00055503845,0.019546509,0.0597229,0.0035171509,0.0011281967,0.0000654459,0.000035762787,0.21350098,0.008628845,0.000052273273,0.00008070469,4.7683716e-7,2.9802322e-7,1
5.9604645e-7,0.086120605,0.039001465,0.015258789,0.06210327,0.024429321,0.000019550323,5.9604645e-8,5.9604645e-8,0.060913086,0.105529785,0.042816162,0.058288574,0.031951904,0.27563477,0.28637695,0.04547119,0.19921875,0.17810059,0.5878906,0.39648438,0.015838623,0.0030879974,0.00007867813,0.0026378632,0.037994385,0.0003426075,0.024017334,0.00090169907,0.007827759,0.00055265427,0.00046634674,0.00018465519,0.00032281876,0.00047683716,0.00012624264,0.015960693,0.18371582,0.0004901886,0.00051164627,0.009559631,0.03326416,0.004589081,0.00034308434,0.004753113,0.014701843,0.008766174,0.01235199,6.556511e-7,0.0000020861626,5.9604645e-8,1.1920929e-7,1
5.9604645e-7,0.32055664,0.19470215,0.003419876,0.032409668,0.050109863,0.000045120716,0.0,1.1920929e-7,0.0546875,0.013710022,0.049041748,0.060455322,0.4008789,0.042297363,0.05255127,0.37768555,0.16516113,0.2076416,0.5644531,0.050079346,0.029434204,0.09234619,0.00012123585,0.00012862682,0.0004312992,0.000032186508,0.000033974648,0.04006958,0.09429932,0.0007419586,0.0010137558,0.00020623207,0.00031208992,0.002790451,0.0008249283,0.07543945,0.11138916,0.001364708,0.0023384094,0.0054969788,0.0050849915,0.0063667297,0.0043907166,0.14416504,0.1907959,0.11090088,0.024978638,0.00024580956,0.00055933,9.536743e-7,5.9604645e-8,1
0.0000022649765,0.031585693,0.030578613,0.0051116943,0.09576416,0.06713867,0.000013530254,0.0000011324883,2.9802322e-7,0.105773926,0.06506348,0.04711914,0.026245117,0.4284668,0.004699707,0.0061454773,0.45947266,0.25341797,0.3034668,0.29541016,0.3557129,0.008918762,0.012481689,0.00020325184,0.0009007454,0.000035703182,0.0000029802322,0.0000025629997,0.0028133392,0.034484863,0.03982544,0.025222778,0.00054073334,0.0034484863,0.00027227402,0.000233531,0.028381348,0.13513184,0.004081726,0.00020754337,0.0014047623,0.00064611435,0.32543945,0.1303711,0.6586914,0.7597656,0.05142212,0.06628418,0.003780365,0.007762909,0.000004172325,0.0000025629997,1
0.0000014305115,0.026885986,0.01789856,0.1217041,0.14172363,0.11883545,0.0000320673,4.172325e-7,1.7881393e-7,0.01878357,0.021148682,0.015350342,0.020217896,0.41455078,0.010261536,0.009178162,0.4152832,0.4050293,0.3623047,0.31445312,0.15576172,0.036376953,0.018737793,0.000051498413,0.0039863586,0.7050781,0.00061893463,0.62060547,0.00024342537,0.0023708344,0.00047063828,0.00065374374,0.0010662079,0.00011014938,0.00541687,0.0028247833,0.0019035339,0.022323608,0.15588379,0.014709473,0.012374878,0.027053833,0.005466461,0.00031590462,0.000006198883,0.000011920929,0.00008094311,0.0021266937,0.000005066395,0.0000076293945,2.9802322e-7,5.364418e-7,1
4.7683716e-7,0.27148438,0.14733887,0.0030899048,0.078308105,0.083496094,0.00003415346,0.0,1.1920929e-7,0.055145264,0.015098572,0.026245117,0.03302002,0.22229004,0.09008789,0.10168457,0.20410156,0.25317383,0.2980957,0.51416016,0.040374756,0.036834717,0.09887695,0.00008237362,0.00015628338,0.00024151802,0.00002026558,0.000012457371,0.020935059,0.057678223,0.003047943,0.003850937,0.00018239021,0.00055885315,0.002035141,0.00068187714,0.051879883,0.10412598,0.0032310486,0.0010795593,0.0066490173,0.0023555756,0.013465881,0.0070114136,0.06591797,0.087890625,0.15527344,0.02583313,0.00014770031,0.000344038,0.0000014305115,5.9604645e-8,1
5.9604645e-7,0.08569336,0.09765625,0.002325058,0.03213501,0.020568848,0.000007987022,5.9604645e-8,5.9604645e-8,0.13232422,0.06726074,0.20788574,0.19384766,0.03338623,0.1003418,0.09375,0.03237915,0.041381836,0.03540039,0.22570801,0.109375,0.008033752,0.0045051575,0.000027775764,0.00039696693,0.0010948181,0.00002336502,0.00026345253,0.0023918152,0.043304443,0.00025057793,0.00018763542,0.0003054142,0.00038909912,0.00015974045,0.000050246716,0.09008789,0.34155273,0.0026073456,0.0050086975,0.0030879974,0.002319336,0.03112793,0.013092041,0.0077781677,0.0151901245,0.0036830902,0.0010471344,0.00008457899,0.00033664703,0.0000011324883,2.3841858e-7,1
2.3841858e-7,0.00020086765,0.00018274784,0.60009766,0.7915039,0.33422852,0.000013291836,1.1920929e-7,5.9604645e-8,0.12683105,0.15783691,0.086364746,0.11206055,0.030456543,0.15393066,0.17712402,0.04928589,0.12207031,0.077697754,0.33251953,0.21154785,0.00843811,0.0019779205,0.00007402897,0.0078086853,0.06524658,0.0005135536,0.03515625,0.0014667511,0.0028591156,0.0000123381615,0.00001168251,0.0054397583,0.0003244877,0.0010280609,0.0008420944,0.0059394836,0.018249512,0.14953613,0.010482788,0.014144897,0.044189453,0.0032367706,0.0014009476,0.000020980835,0.000036120415,0.000051677227,0.00025177002,0.0000017881393,0.000003695488,4.172325e-7,5.9604645e-8,1
0.0000010728836,0.000039041042,0.00008171797,0.82910156,0.9067383,0.78759766,0.00043272972,0.0000016093254,8.34465e-7,0.061828613,0.029525757,0.19958496,0.1973877,0.0019407272,0.73291016,0.7236328,0.0012617111,0.05029297,0.03793335,0.29907227,0.096191406,0.022140503,0.029785156,0.00042939186,0.00034928322,0.30126953,0.009277344,0.0076522827,0.0043563843,0.008522034,0.000022649765,0.000012993813,0.016723633,0.00029492378,0.056274414,0.07470703,0.0960083,0.029785156,0.025970459,0.0051956177,0.0050468445,0.015487671,0.0010967255,0.008903503,0.7167969,0.61865234,0.010826111,0.0015764236,0.047790527,0.0692749,0.0000020861626,8.34465e-7,1
0.0000017881393,0.35546875,0.36450195,0.0023117065,0.012924194,0.010002136,0.000017940998,1.7881393e-7,1.7881393e-7,0.13757324,0.02671814,0.027175903,0.017944336,0.71484375,0.004547119,0.007987976,0.6586914,0.44970703,0.4934082,0.13513184,0.22961426,0.011314392,0.02128601,0.000092446804,0.0010204315,0.0024852753,0.0002925396,0.00082588196,0.017425537,0.0017242432,0.0019569397,0.0025615692,0.006542206,0.0131073,0.0005803108,0.0010185242,0.021057129,0.011528015,0.09240723,0.000044107437,0.0062561035,0.00868988,0.00749588,0.018615723,0.0005531311,0.00031590462,0.003686905,0.0027599335,0.000085532665,0.00003540516,7.748604e-7,1.7881393e-7,1
0.0000062584877,0.0029144287,0.003791809,0.40551758,0.54345703,0.43920898,0.00012207031,5.9604645e-7,0.0000030398369,0.0019454956,0.04815674,0.041748047,0.046051025,0.48828125,0.01449585,0.0076789856,0.5307617,0.3137207,0.28955078,0.028839111,0.16345215,0.421875,0.009056091,0.0005273819,0.0047721863,0.057891846,0.00042319298,0.02545166,0.029006958,0.04586792,0.03753662,0.037506104,0.0039787292,0.000060498714,0.01600647,0.010040283,0.01399231,0.12213135,0.0020561218,0.0051879883,0.046325684,0.05441284,0.0031604767,0.005142212,0.003929138,0.011131287,0.04901123,0.07458496,0.00033545494,0.0004723072,0.0000011324883,8.940697e-7,1
9.536743e-7,0.01576233,0.033477783,0.09161377,0.14587402,0.036834717,0.000015676022,2.9802322e-7,5.9604645e-8,0.13183594,0.13378906,0.011131287,0.013671875,0.25146484,0.03302002,0.03149414,0.23852539,0.4638672,0.42651367,0.5566406,0.24816895,0.0062332153,0.0019207001,0.000079631805,0.0019989014,0.14501953,0.0008940697,0.06561279,0.0003004074,0.00032162666,0.0015716553,0.0025997162,0.00088357925,0.000054240227,0.0005555153,0.0004787445,0.0009241104,0.0056877136,0.0524292,0.01335907,0.0025463104,0.0020179749,0.0015001297,0.0028076172,0.00036168098,0.0010690689,0.0017566681,0.12286377,0.0000022053719,0.000005841255,7.748604e-7,2.9802322e-7,1
0.0000029206276,0.23461914,0.3005371,0.0051651,0.031677246,0.016616821,0.00009214878,5.9604645e-8,1.1920929e-7,0.17602539,0.07531738,0.03945923,0.036254883,0.48168945,0.027938843,0.024154663,0.45385742,0.31835938,0.33276367,0.50927734,0.4350586,0.026275635,0.008384705,0.000103890896,0.0025806427,0.22790527,0.00051641464,0.25878906,0.021575928,0.1616211,0.00006592274,0.00006556511,0.0007610321,0.0002629757,0.0057640076,0.00084352493,0.030075073,0.21459961,0.0011825562,0.009849548,0.0064926147,0.062561035,0.0017347336,0.0015258789,0.014213562,0.031143188,0.022842407,0.0014152527,0.0000500679,0.00034070015,1.1920929e-7,1.7881393e-7,1
0.0000031590462,0.004787445,0.0030441284,0.35986328,0.3791504,0.5966797,0.0001077652,2.9802322e-7,2.3841858e-7,0.029724121,0.0029888153,0.011581421,0.006210327,0.024154663,0.31982422,0.29003906,0.022644043,0.6015625,0.55029297,0.1607666,0.11779785,0.06707764,0.09265137,0.000218153,0.002128601,0.27246094,0.00031280518,0.25805664,0.0016384125,0.027267456,0.097229004,0.091308594,0.003540039,0.0012245178,0.012527466,0.004211426,0.0039405823,0.030715942,0.011512756,0.00016784668,0.02017212,0.099365234,0.0032749176,0.00041890144,0.00015163422,0.00012373924,0.18225098,0.023040771,0.000044882298,0.00007200241,1.7881393e-7,2.3841858e-7,1
1.1920929e-7,0.000061929226,0.000036597252,0.81152344,0.8798828,0.78759766,0.00022470951,6.556511e-7,5.364418e-7,0.057739258,0.025100708,0.14990234,0.09851074,0.05895996,0.24682617,0.1550293,0.012275696,0.10321045,0.14709473,0.2836914,0.49902344,0.017929077,0.040649414,0.0005106926,0.04220581,0.93408203,0.00082206726,0.0012540817,0.026504517,0.08569336,0.0003809929,0.0005903244,0.01890564,0.011062622,0.29882812,0.19958496,0.0015668869,0.0101623535,0.0357666,0.00003749132,0.0029258728,0.015655518,0.00026583672,0.0014896393,0.00055646896,0.000541687,0.00031924248,0.0016355515,0.000854969,0.0006532669,0.0000031590462,9.536743e-7,0
0.0000013113022,0.15136719,0.12902832,0.002603531,0.050567627,0.011222839,0.00003784895,5.9604645e-8,5.9604645e-8,0.15930176,0.19250488,0.017654419,0.025131226,0.5546875,0.008216858,0.012588501,0.52490234,0.31396484,0.30981445,0.70947266,0.41479492,0.0053710938,0.0010347366,0.00010538101,0.022537231,0.14501953,0.00006347895,0.09942627,0.0008826256,0.03012085,0.00035333633,0.00024414062,0.00030136108,0.00015819073,0.002111435,0.00044465065,0.02796936,0.4729004,0.00067281723,0.002456665,0.018859863,0.074523926,0.0033245087,0.00055265427,0.004558563,0.016342163,0.0057258606,0.013389587,0.0000015497208,0.0000064969063,5.9604645e-8,3.5762787e-7,1
0.0000016093254,0.00017273426,0.00012934208,0.43139648,0.7949219,0.21203613,0.00003552437,1.7881393e-7,2.3841858e-7,0.04638672,0.025100708,0.052886963,0.07354736,0.15600586,0.1005249,0.08190918,0.12182617,0.16845703,0.13928223,0.45581055,0.08526611,0.030441284,0.011802673,0.00007772446,0.010131836,0.036895752,0.00007587671,0.02507019,0.04827881,0.012962341,0.0013599396,0.0013866425,0.00005120039,0.00060272217,0.00035643578,0.00015115738,0.2824707,0.38427734,0.0001449585,0.00093126297,0.12902832,0.055755615,0.08929443,0.0027618408,0.011070251,0.010299683,0.010025024,0.0046958923,0.000008523464,0.000010669231,2.3841858e-7,1.7881393e-7,1
4.172325e-7,0.26416016,0.105407715,0.007144928,0.042999268,0.05014038,0.000043153763,0.0,5.9604645e-8,0.11883545,0.022277832,0.06628418,0.06652832,0.08807373,0.22143555,0.25268555,0.07147217,0.13928223,0.16906738,0.52978516,0.08905029,0.022491455,0.043884277,0.00018441677,0.00033712387,0.0010185242,0.000066280365,0.00008660555,0.023925781,0.044555664,0.00023245811,0.00024843216,0.00066137314,0.0026378632,0.0048103333,0.0018396378,0.041259766,0.06567383,0.0026798248,0.0002965927,0.0030918121,0.0055999756,0.0022125244,0.006664276,0.06518555,0.08496094,0.07879639,0.0032405853,0.0003941059,0.0011940002,8.34465e-7,5.9604645e-8,1
0.0000019669533,0.0055732727,0.015144348,0.29077148,0.29589844,0.14562988,0.00003182888,5.9604645e-8,3.5762787e-7,0.012573242,0.018112183,0.0050239563,0.0075683594,0.4296875,0.040161133,0.040496826,0.40356445,0.6723633,0.7026367,0.12939453,0.06665039,0.15332031,0.048797607,0.00007033348,0.0055656433,0.00774765,0.00012397766,0.006603241,0.009963989,0.03717041,0.00039339066,0.00036025047,0.0016536713,0.0013093948,0.00030636787,0.00021326542,0.035186768,0.078552246,0.010635376,0.0013895035,0.0067749023,0.010063171,0.0067214966,0.0023822784,0.028717041,0.022766113,0.045135498,0.0060424805,0.000005364418,0.000010251999,6.556511e-7,5.9604645e-8,1
2.3841858e-7,0.00032162666,0.0005016327,0.7817383,0.5566406,0.28442383,0.000065386295,6.556511e-7,6.556511e-7,0.0090408325,0.0054359436,0.018630981,0.01826477,0.009590149,0.5859375,0.5654297,0.0039711,0.42138672,0.37573242,0.06628418,0.014221191,0.08807373,0.10858154,0.00022089481,0.0036315918,0.94677734,0.012786865,0.00087070465,0.011383057,0.004776001,0.006137848,0.01586914,0.022109985,0.00089263916,0.022125244,0.053894043,0.0004081726,0.0023612976,0.07537842,0.00047278404,0.0013952255,0.0025100708,0.00036621094,0.0056991577,0.00010830164,0.00028777122,0.00033950806,0.08129883,0.00007647276,0.00017642975,0.000007987022,4.172325e-7,1
1.7881393e-7,0.0020656586,0.019714355,0.07952881,0.5097656,0.024963379,0.000016510487,0.0,0.0,0.13977051,0.35961914,0.016296387,0.032440186,0.36889648,0.02507019,0.02104187,0.3642578,0.41088867,0.38061523,0.79833984,0.49291992,0.010147095,0.0003516674,0.0000731349,0.02809143,0.025054932,0.0000320673,0.008110046,0.000119268894,0.014076233,0.00315094,0.0012340546,0.00048708916,0.00021994114,0.0028247833,0.00043582916,0.0047340393,0.22192383,0.009140015,0.0012044907,0.014678955,0.041900635,0.005290985,0.00040578842,0.00006240606,0.00022363663,0.005153656,0.0016593933,6.556511e-7,0.0000054836273,2.3841858e-7,5.9604645e-8,1
7.748604e-7,0.00010293722,0.000852108,0.7036133,0.7495117,0.34692383,0.00005173683,3.5762787e-7,2.9802322e-7,0.62597656,0.7182617,0.5649414,0.56591797,0.028945923,0.2590332,0.2553711,0.023788452,0.017608643,0.012718201,0.82177734,0.70996094,0.0009431839,0.00024437904,0.00006967783,0.0026874542,0.58691406,0.0012655258,0.5209961,0.008049011,0.00005453825,0.000046491623,0.0000962615,0.007545471,0.01210022,0.00077342987,0.0030536652,0.003211975,0.00014793873,0.87060547,0.001004219,0.0022335052,0.00554657,0.0020942688,0.0013446808,0.000014424324,0.0000034570694,0.00013947487,0.00089788437,0.00023269653,0.00005018711,0.000001847744,2.3841858e-7,1
0.0000026226044,0.10559082,0.0736084,0.0043411255,0.042236328,0.017074585,0.000071167946,1.1920929e-7,1.1920929e-7,0.12756348,0.13684082,0.023620605,0.022491455,0.08673096,0.07287598,0.08874512,0.09436035,0.35131836,0.3305664,0.5161133,0.60009766,0.0060768127,0.0019454956,0.00018763542,0.004009247,0.08880615,0.00003439188,0.089782715,0.011741638,0.0524292,0.00010496378,0.00008934736,0.00030493736,0.000041902065,0.0013551712,0.00090551376,0.15466309,0.30322266,0.00022912025,0.012237549,0.016601562,0.06738281,0.0035324097,0.0006155968,0.17785645,0.23937988,0.015960693,0.017044067,0.000030636787,0.000090420246,5.9604645e-8,6.556511e-7,1
4.172325e-7,0.005458832,0.0041236877,0.08929443,0.41723633,0.11755371,0.000014841557,5.9604645e-8,1.1920929e-7,0.04989624,0.059143066,0.038757324,0.099609375,0.1616211,0.035888672,0.066589355,0.20458984,0.2076416,0.13000488,0.46069336,0.087646484,0.03164673,0.007419586,0.000016152859,0.010093689,0.0051727295,0.000008881092,0.0003528595,0.022537231,0.00043964386,0.009300232,0.014076233,0.0000461936,0.01626587,0.00030231476,0.00019037724,0.20715332,0.14929199,0.0007839203,0.00000500679,0.18383789,0.09765625,0.15063477,0.0023155212,0.0003182888,0.000101566315,0.005924225,0.0016269684,0.0000054836273,0.0000044703484,4.172325e-7,1.7881393e-7,1
0.000005722046,0.007129669,0.10797119,0.00029993057,0.5703125,0.042419434,0.00012052059,4.7683716e-7,4.7683716e-7,0.05770874,0.0715332,0.011009216,0.012786865,0.009757996,0.31274414,0.2788086,0.023712158,0.64160156,0.6196289,0.29614258,0.3310547,0.020721436,0.012527466,0.0003452301,0.00008028746,0.0017108917,0.00048661232,0.00057554245,0.024230957,0.0055236816,0.0013780594,0.0014667511,0.020004272,0.0004029274,0.0013828278,0.0024089813,0.041412354,0.023757935,0.023468018,0.0030117035,0.003993988,0.001745224,0.00932312,0.030792236,0.62109375,0.63964844,0.012550354,0.042816162,0.0015420914,0.002035141,0.0000015497208,4.7683716e-7,1
0.0000015497208,0.09802246,0.03640747,0.06518555,0.09136963,0.09460449,0.000034093857,2.9802322e-7,1.7881393e-7,0.094177246,0.026901245,0.015853882,0.01713562,0.072509766,0.051849365,0.07281494,0.086364746,0.3725586,0.35107422,0.46801758,0.18249512,0.007843018,0.011772156,0.00007170439,0.0017642975,0.5961914,0.0009403229,0.55126953,0.00054073334,0.00074100494,0.0002706051,0.00029730797,0.0041503906,0.0014657974,0.0033874512,0.0033874512,0.003063202,0.0030784607,0.4206543,0.0008864403,0.006866455,0.008079529,0.0017347336,0.00033426285,0.000016212463,0.000011503696,0.0002758503,0.0005569458,0.000006854534,0.000005364418,3.5762787e-7,4.172325e-7,1
0.0000017285347,0.0018987656,0.002571106,0.0748291,0.60595703,0.2602539,0.00006937981,1.7881393e-7,2.3841858e-7,0.01737976,0.24658203,0.03173828,0.05126953,0.018066406,0.31518555,0.31689453,0.015701294,0.33642578,0.22607422,0.36743164,0.39868164,0.06365967,0.0011062622,0.00035429,0.0014562607,0.008354187,0.000028312206,0.0030536652,0.003665924,0.037475586,0.020843506,0.01586914,0.0015525818,0.000017642975,0.0032253265,0.002363205,0.009498596,0.068725586,0.0021705627,0.005844116,0.007987976,0.0061836243,0.0037555695,0.0118255615,0.021362305,0.06518555,0.22338867,0.52685547,0.0013008118,0.00198555,7.1525574e-7,1.7881393e-7,1
1.1920929e-7,0.00003504753,0.000013411045,0.8901367,0.92871094,0.86816406,0.00020706654,8.34465e-7,3.5762787e-7,0.1105957,0.045288086,0.15478516,0.115478516,0.061187744,0.15625,0.11505127,0.032440186,0.10424805,0.14135742,0.37719727,0.6513672,0.009643555,0.023422241,0.0004620552,0.02432251,0.9248047,0.0015983582,0.0015907288,0.043762207,0.08618164,0.00015473366,0.00026106834,0.02166748,0.004043579,0.16955566,0.13085938,0.0020484924,0.008773804,0.044006348,0.00011944771,0.002571106,0.01210022,0.0002708435,0.0011968613,0.0005722046,0.0005130768,0.00020503998,0.0011701584,0.0005965233,0.00040984154,0.0000023245811,8.34465e-7,0
7.748604e-7,0.17346191,0.19824219,0.004169464,0.0473938,0.031204224,0.00002092123,0.0,1.1920929e-7,0.060760498,0.0076446533,0.053955078,0.045135498,0.26489258,0.060516357,0.07293701,0.23376465,0.1607666,0.21203613,0.28344727,0.048675537,0.021026611,0.0690918,0.000056624413,0.00028014183,0.0015068054,0.000060021877,0.00045967102,0.038726807,0.114990234,0.00025701523,0.00034570694,0.00028562546,0.00016236305,0.00052690506,0.00018620491,0.12207031,0.18591309,0.0011720657,0.006549835,0.0058403015,0.008506775,0.008102417,0.0024318695,0.06506348,0.09320068,0.035858154,0.008506775,0.000023961067,0.000052511692,3.5762787e-7,5.9604645e-8,1
7.748604e-7,0.00009274483,0.00069236755,0.65527344,0.8222656,0.41186523,0.00006240606,2.9802322e-7,2.9802322e-7,0.60791016,0.72265625,0.46435547,0.5,0.014381409,0.3972168,0.40405273,0.014579773,0.0256958,0.018081665,0.75927734,0.7319336,0.0010919571,0.00020241737,0.000070273876,0.0040283203,0.66259766,0.0009627342,0.6064453,0.0045661926,0.0000654459,0.000097990036,0.00015604496,0.0031967163,0.032684326,0.0007390976,0.0022411346,0.0037517548,0.00023627281,0.69140625,0.0002603531,0.0024547577,0.008300781,0.0023784637,0.00093984604,0.000022232533,0.0000042915344,0.0003221035,0.0007677078,0.000098884106,0.000024974346,0.0000013709068,2.3841858e-7,1
0.0000024437904,0.1784668,0.097473145,0.0011262894,0.028366089,0.016967773,0.000033318996,1.1920929e-7,1.1920929e-7,0.10949707,0.121154785,0.040802002,0.049713135,0.066101074,0.09967041,0.11853027,0.07366943,0.24633789,0.24523926,0.60009766,0.59228516,0.0099105835,0.002073288,0.0000410676,0.008178711,0.19567871,0.000063836575,0.19116211,0.0031719208,0.0019626617,0.0016326904,0.0025691986,0.00013101101,0.000109791756,0.0007829666,0.0003399849,0.03237915,0.06347656,0.0011978149,0.0023403168,0.043670654,0.09472656,0.028808594,0.0012769699,0.00044369698,0.00037693977,0.0026683807,0.0041542053,0.000025510788,0.000041663647,5.9604645e-8,4.7683716e-7,1
0.0000020861626,0.1427002,0.14575195,0.0021305084,0.037017822,0.022537231,0.0000123381615,4.7683716e-7,1.1920929e-7,0.12023926,0.076416016,0.038513184,0.04232788,0.012557983,0.13977051,0.17700195,0.030471802,0.21044922,0.19543457,0.61376953,0.40795898,0.008155823,0.0046043396,0.00009703636,0.00038695335,0.0005931854,0.0000166893,0.00008225441,0.0005979538,0.00076436996,0.0793457,0.09161377,0.0016851425,0.000351429,0.00038909912,0.00034356117,0.0101623535,0.01159668,0.07720947,0.0017089844,0.002632141,0.00033283234,0.023712158,0.05178833,0.0006570816,0.00054359436,0.014968872,0.017318726,0.0004286766,0.0007047653,0.0000074505806,0.0000017285347,1
